x_m,M_DC_no_compuesta_interior_kNm,M_DC_compuesta_interior_kNm,M_DW_interior_kNm,M_PL_interior_kNm,M_LL_IM_interior_kNm,M_fatiga_rango_interior_kNm,M_resistencia_interior_kNm,M_servicio_ii_interior_kNm,V_DC_no_compuesta_interior_kN,V_DC_compuesta_interior_kN,V_DW_interior_kN,V_PL_interior_kN,Vmax_LL_IM_interior_kN,Vmin_LL_IM_interior_kN,Vmax_resistencia_interior_kN,Vmin_resistencia_interior_kN,Vabs_resistencia_interior_kN,Vmax_servicio_ii_interior_kN,Vmin_servicio_ii_interior_kN,Vabs_servicio_ii_interior_kN,V_resistencia_interior_kN,def_LL_interior_mm,def_LL_PL_servicio_i_interior_mm,M_DC_no_compuesta_exterior_kNm,M_DC_compuesta_exterior_kNm,M_DW_exterior_kNm,M_PL_exterior_kNm,M_LL_IM_exterior_kNm,M_fatiga_rango_exterior_kNm,M_resistencia_exterior_kNm,M_servicio_ii_exterior_kNm,V_DC_no_compuesta_exterior_kN,V_DC_compuesta_exterior_kN,V_DW_exterior_kN,V_PL_exterior_kN,Vmax_LL_IM_exterior_kN,Vmin_LL_IM_exterior_kN,Vmax_resistencia_exterior_kN,Vmin_resistencia_exterior_kN,Vabs_resistencia_exterior_kN,Vmax_servicio_ii_exterior_kN,Vmin_servicio_ii_exterior_kN,Vabs_servicio_ii_exterior_kN,V_resistencia_exterior_kN,def_LL_exterior_mm,def_LL_PL_servicio_i_exterior_mm
0.0,0.0,0.0,0.0,0.0,0.0,0.0,0.0,0.0,415.81868900000006,0.0,84.5,0.0,412.2616642350606,0.0,1367.9812736613562,646.5233612500001,1367.9812736613562,1036.258852505579,500.31868900000006,1036.258852505579,1367.9812736613562,0.0,0.0,0.0,0.0,0.0,0.0,0.0,0.0,0.0,0.0,408.31868900000006,193.5,42.25,90.75,283.27619241177996,0.0,1470.194197970615,974.4608612500001,1470.194197970615,1103.077739135314,734.8186890000001,1103.077739135314,1470.194197970615,0.0,0.0
0.5,205.89371137500004,0.0,41.8275,0.0,134.70965918205903,63.98359861611772,555.8502927873533,422.84376831167674,407.7561565000001,0.0,82.81,0.0,406.48941676117005,-1.2588746551013816,1345.2666749570476,631.7071649785728,1345.2666749570476,1019.0023982895212,488.9296194483683,1019.0023982895212,1345.2666749570476,-0.8818589754023946,-0.8818589754023946,202.18121137500003,95.7825,20.91375,44.92125,154.7154798970684,70.47388294316764,753.1895415386198,564.928835241189,400.4061565000001,189.63,41.405,88.935,279.309924315773,-0.8650069845385455,1444.0813131776029,953.7751834020576,1444.0813131776029,1083.4790581105049,719.2516474201,1083.4790581105049,1444.0813131776029,-1.0128244359710292,-1.6121560080537862
1.0,407.75615650000003,0.0,82.81,0.0,266.5922711869816,126.59578856968592,1100.4466702022175,837.1361090430761,399.69362400000006,0.0,81.12,0.0,400.74716168971935,-2.547741712642735,1322.6045629570087,616.8384820028751,1322.6045629570087,1001.7849341966353,477.5015597735645,1001.7849341966353,1322.6045629570087,-1.7628279766413577,-1.7628279766413577,400.40615650000007,189.63,41.405,88.935,306.1840659681255,139.4372460712242,1491.1110610692197,1118.415442258563,392.49362400000007,185.76,40.56,87.12,275.3642648145047,-1.750622563815681,1418.0044934253833,933.0534405133226,1418.0044934253833,1063.907168258856,703.6578146670397,1063.907168258856,1418.0044934253833,-2.0246267271261087,-3.222420138227412
1.5,605.5873353750001,0.0,122.9475,0.0,395.64783601476756,187.8365698607046,1633.7891322445935,1242.8770221941982,391.6310915000001,0.0,79.43,0.0,395.0348990207087,-3.8666011726240597,1299.9949376612403,601.917312322908,1299.9949376612403,984.6064602269214,466.03450997558883,984.6064602269214,1299.9949376612403,-2.642017029553458,-2.642017029553458,594.6748353750002,281.5425,61.47375,132.04125,454.4057582131711,206.89008938416964,2213.7645585918,1660.4598210521226,384.58109150000007,181.89,39.715,85.305,271.4392139079749,-2.6568467378314056,1391.9637387139562,912.2956325837952,1391.9637387139562,1044.3620695803675,688.0371907408194,1044.3620695803675,1391.9637387139562,-3.0343847286492895,-4.82891808300565
2.0,799.3872480000001,0.0,162.24,0.0,521.8763536654172,247.7059424891738,2155.8776789144804,1640.0665077650426,383.56855900000005,0.0,77.74,0.0,389.352628754138,-5.524278030491771,1277.4377990697415,586.4032121966395,1277.4377990697415,967.4669763803794,454.12699756036073,967.4669763803794,1277.4377990697415,-3.5185361599752643,-3.5185361599752643,784.9872480000001,371.52,81.12,174.24,599.3805566322055,272.832412882004,2921.1500341063593,2191.061971621867,376.6685590000001,178.02,38.87,83.49,267.5347715961837,-3.795881553055327,1365.9590490433218,891.1304060321534,1365.9590490433218,1024.843762075039,672.1139129810282,1024.843762075039,1365.9590490433218,-4.041076295724621,-6.429793105238206
2.5,989.1558943750001,0.0,200.6875,0.0,645.2778241389303,306.20390645509343,2666.7123102118785,2028.7045657556096,375.5060265000001,0.0,76.05,0.0,383.7003508900072,-7.546507702533071,1254.9331471825126,570.2511446455671,1254.9331471825126,950.3664826570096,441.74556648670705,950.3664826570096,1254.9331471825126,-4.391495393743345,-4.391495393743345,971.3433943750001,459.5625,100.34375,215.53125,741.1084612252284,337.26421656472723,3613.2674876129,2710.2218939677973,368.7560265000001,174.15,38.025,81.675,263.65093787913105,-5.185410513359912,1339.9904244134793,869.5268147266204,1339.9904244134793,1005.3522457428705,655.8649928326323,1005.3522457428705,1339.9904244134793,-5.043679283536155,-8.02320603813972
3.0,1174.8932745000002,0.0,238.29,0.0,765.8522474353069,363.3304617584636,3166.2930261367874,2408.7911961658992,367.44349400000004,0.0,74.36,0.0,378.0780654283164,-9.598729777014341,1232.4809819995537,554.046590390225,1232.4809819995537,933.3049790568115,429.32514528988145,933.3049790568115,1232.4809819995537,-5.260004756694269,-5.260004756694269,1153.7432745000003,545.67,119.145,255.915,879.58947199224,400.18550043233944,4290.1169191114195,3217.9395880899124,360.8434940000001,170.28,37.18,79.86,259.7877127568171,-6.5955480684030885,1314.05786482443,847.8871583802946,1314.05786482443,985.8875205838622,639.589281511076,985.8875205838622,1314.05786482443,-6.041171547267941,-9.60733528528977
3.5,1356.5993883750002,0.0,275.0475,0.0,883.599623554547,419.08560839928424,3654.619826689207,2780.3263989959114,359.38096150000007,0.0,72.67,0.0,372.4857723690656,-11.680944253935587,1210.0813035208648,537.7895494306129,1210.0813035208648,916.2824655797854,416.8657339698838,916.2824655797854,1210.0813035208648,-6.1231742746646045,-6.1231742746646045,1332.1868883750003,629.8425,137.52375,295.39125,1014.8235889332402,461.5962644848405,4951.698328601921,3714.2150539882127,352.9309615000001,166.41,36.335,78.045,255.94509622924167,-8.026294218184855,1288.161370276173,826.2114369931767,1288.161370276173,966.4495865980142,623.2867790163598,966.4495865980142,1288.161370276173,-7.032530942104028,-11.180376820632855
4.0,1534.2742360000002,0.0,310.96,0.0,998.5199524966507,473.4693463775554,4131.692711869138,3143.3101742456465,351.31842900000004,0.0,70.98,0.0,366.9234717122548,-13.7931511332968,1187.734111746446,521.4800217667307,1187.734111746446,899.2989422259313,404.3673325267142,899.2989422259313,1187.734111746446,-6.98011397349092,-6.98011397349092,1506.6742360000003,712.08,155.48,333.96,1146.810812048229,521.4965087222306,5598.0117160844,4199.048291662698,345.0184290000001,162.54,35.49,76.23,252.12308829640483,-9.477648962705207,1262.3009407687084,804.499650565266,1262.3009407687084,947.0384437853263,606.9574853484831,947.0384437853263,1262.3009407687084,-8.016735323228469,-12.74054418847842
4.5,1707.9178173750001,0.0,346.0275,0.0,1110.613234261618,526.481675693277,4597.511681676581,3497.742521915104,343.25589650000006,0.0,69.29,0.0,361.3911634578839,-15.935350415097984,1165.439406676297,505.11800739857864,1165.439406676297,882.3544089952492,391.8299409603727,882.3544089952492,1165.439406676297,-7.8299338790097845,-7.8299338790097845,1677.2053173750003,792.3825,173.01375,371.62125,1275.5511413372064,579.8862331445094,6229.057081558861,4672.439301113368,337.1058965000001,158.67,34.645,74.415,248.3216889583066,-10.949612301964153,1236.4765763020366,782.7517990965628,1236.4765763020366,927.6540921457986,590.6014005074466,927.6540921457986,1236.4765763020366,-8.992762545825313,-14.28606850350084
5.0,1877.5301325000003,0.0,380.25,0.0,1219.8794688494484,578.1225963464491,5052.076736111535,3843.623442004283,335.1933640000001,0.0,67.6,0.0,355.88884760595306,-18.107542099339142,1143.197188310418,488.70350632615657,1143.197188310418,865.448865887739,379.25355927085917,865.448865887739,1143.197188310418,-8.671744017057767,-8.671744017057767,1843.7801325000003,870.75,190.125,408.375,1401.0445768001725,636.7654377516773,6844.834425025302,5134.388082340224,329.1933640000001,154.8,33.8,72.6,244.54089821494694,-12.442184235961685,1210.6882768761573,760.967882587067,1210.6882768761573,908.296531679431,574.2185244932498,908.296531679431,1210.6882768761573,-9.95959046507861,-15.815198450739423
5.5,2043.1111813750006,0.0,413.6275,0.0,1326.3186562601425,628.3921083370717,5495.387875173999,4180.952934513186,327.1308315000001,0.0,65.91,0.0,350.4165241564621,-20.30972618602027,1121.007456648809,472.2365185494646,1121.007456648809,848.5823129034009,366.6381874581737,848.5823129034009,1121.007456648809,-9.504654413471437,-9.504654413471437,2006.3986813750005,947.1825,206.81375,444.22125,1523.2911184371271,692.134122543734,7445.3437464837225,5584.894635343266,321.2808315000001,150.93,32.955,70.785,240.78071606632588,-13.95536476469781,1184.9360424910706,739.1479010367791,1184.9360424910706,888.9657623862238,557.808857305893,888.9657623862238,1184.9360424910706,-10.916196936172412,-17.326200285598407
6.0,2204.6609640000006,0.0,446.16,0.0,1429.9307964937004,677.2902116651449,5927.445098863976,4509.730999441811,319.0682990000001,0.0,64.22,0.0,344.97419310941115,-22.541902675141372,1098.8702116914696,455.7170440685027,1098.8702116914696,831.7547500422345,353.9838255223163,831.7547500422345,1098.8702116914696,-10.32777509408736,-10.32777509408736,2165.0609640000007,1021.68,223.08,479.16,1642.2907662480704,745.9922875206796,8030.585045934124,6023.958960122492,313.36829900000004,147.06,32.11,68.97,237.04114251244343,-15.489153888172524,1159.219873146776,717.291854445698,1159.219873146776,869.6617842661766,541.3723989453758,869.6617842661766,1159.219873146776,-11.861559814290768,-18.81735783384697
6.5,2362.1794803750004,0.0,477.8475,0.0,1530.7158895501216,724.8169063306683,6348.248407181463,4829.957636790158,311.0057665000001,0.0,62.53,0.0,339.5618544648002,-24.804071566702444,1076.7854534384005,439.14508288327085,1076.7854534384005,814.9661773042404,341.2904734632869,814.9661773042404,1076.7854534384005,-11.140216084742107,-11.140216084742107,2319.7669803750005,1094.2425,238.92375,513.19125,1758.0435202330025,798.3399326825142,8600.558323376505,6451.581056677904,305.4557665000001,143.19,31.265,67.155,233.32217755329953,-17.043551606385826,1133.5397688432743,695.3997428138249,1133.5397688432743,850.3845973192896,524.9091494116985,850.3845973192896,1133.5397688432743,-12.794656954617729,-20.286972491619217
7.0,2515.6667305000005,0.0,508.69,0.0,1628.6739354294064,770.9721923336424,6757.797800126461,5141.632846558229,302.9432340000001,0.0,60.84,0.0,334.17950822262924,-27.096232860703488,1054.7531818896014,422.520634993769,1054.7531818896014,798.2165946894181,328.55813128108554,798.2165946894181,1054.7531818896014,-11.941087411272246,-11.941087411272246,2470.5167305000004,1164.87,254.345,546.315,1870.5493803919233,849.1770580292376,9155.263578810867,6867.7609250095,297.54323400000004,139.32,30.42,65.34,229.62382118889425,-18.61855791933772,1107.8957295805649,673.4715661411591,1107.8957295805649,831.1342015455626,508.419108704861,831.1342015455626,1107.8957295805649,-13.714466212337348,-21.7333632254142
7.5,2665.1227143750007,0.0,538.6875,0.0,1723.8049341315545,815.7560696740669,7156.093277698971,5444.756628746021,294.8807015000001,0.0,59.15,0.0,328.82715438289824,-29.993144187558663,1032.773397045072,404.8378745467724,1032.773397045072,781.5060021977679,315.03961405617383,781.5060021977679,1032.773397045072,-12.729499099514346,-12.729499099514346,2617.3102143750007,1233.5625,269.34375,578.53125,1979.8083467248323,898.5036635608499,9694.700812237208,7272.498565117283,289.6307015000001,135.45,29.575,63.525,225.9460734192276,-20.609104413513304,1082.2877553586484,650.8161941513519,1082.2877553586484,811.910596944996,491.38886576243283,811.910596944996,1082.2877553586484,-14.619965442633667,-23.15486657209588
8.0,2810.5474320000003,0.0,567.84,0.0,1816.1088856565664,859.168538351942,7543.13483989899,5739.328983353536,286.73731900000007,0.0,57.46,0.0,323.5047929456071,-32.945783333141016,1010.7450364048125,386.9565279170033,1010.7450364048125,764.7535498292893,301.36780066691676,764.7535498292893,1010.7450364048125,-13.504561175304973,-13.504561175304973,2760.1474320000007,1300.32,283.92,609.84,2085.8204192317303,946.3197492773512,10218.870023655529,7665.793977001249,281.63731900000005,131.58,28.73,61.71,222.2889342442994,-22.637943006299945,1056.6147836775242,627.9927484889752,1056.6147836775242,792.6329335175893,474.22799309181016,792.6329335175893,1056.6147836775242,-15.510132500690746,-24.549836638893176
8.5,2951.8600333750005,0.0,596.1475,0.0,1905.5857900044418,901.2095983672675,7918.821424226522,6025.269060380775,278.5130865000001,0.0,55.77,0.0,318.212423910756,-35.928414881163334,988.6680999688232,368.92163208296427,988.6680999688232,747.9592375839829,287.5761471544878,747.9592375839829,988.6680999688232,-14.266912598031446,-14.266912598031446,2898.9475333750006,1365.1425,298.07375,640.24125,2188.585597912617,992.6253151787413,10727.670150565831,8047.566310661402,273.5630865000001,127.71,27.885,59.895,218.65240366410987,-24.687390193825177,1030.8768145371926,605.032175285806,1030.8768145371926,773.301211263343,456.9594792480274,773.301211263343,1030.8768145371926,-16.38570123817774,-25.919668872259876
9.0,3089.0605185,0.0,623.61,0.0,1992.2356471751805,941.8792497200434,8283.153030681566,6302.576859827734,270.2888540000001,0.0,54.08,0.0,312.9500472783449,-39.18123605030617,966.6436502371037,350.4139044119642,966.6436502371037,731.2039154618485,273.433247134602,731.2039154618485,966.6436502371037,-15.015758951877253,-15.015758951877253,3033.7105185,1428.03,311.805,669.735,2288.103882767492,1037.4203612650206,11221.101192968112,8417.81556609774,265.48885400000006,123.84,27.04,58.08,215.03648167865896,-26.922492012232027,1005.1749104376534,581.7467064785941,1005.1749104376534,753.9962801822567,439.4496143840984,753.9962801822567,1005.1749104376534,-17.24575926005903,-27.262925469897233
9.5,3222.148887375,0.0,650.2275,0.0,2076.0584571687828,981.17749241027,8636.12965926412,6571.252381694418,262.06462150000004,0.0,52.39,0.0,307.7176630483738,-42.52409892655912,944.6716872096541,331.7486037535216,944.6716872096541,714.487583462886,259.17329289547314,714.487583462886,944.6716872096541,-15.750305821025885,-15.750305821025885,3164.436387375,1488.9825,325.11375,698.32125,2384.375273796355,1080.7048875361884,11699.163150862372,8776.541743310261,257.4146215,119.97,26.195,56.265,211.44116828794668,-29.21946393441322,979.5090713789067,558.3529649897769,979.5090713789067,734.7181402743307,421.8593183852628,734.7181402743307,979.5090713789067,-18.089394171298977,-28.578184313305364
10.0,3351.12514,0.0,676.0,0.0,2157.0542199852484,1019.104326437947,8977.751309974186,6831.295625980823,253.84038900000002,0.0,50.7,0.0,302.5152712208427,-45.89695420525204,922.7522108864747,313.030816390809,922.7522108864747,697.8102415870954,244.8743485331724,697.8102415870954,922.7522108864747,-16.46975878966083,-16.46975878966083,3291.12514,1548.0,338.0,726.0,2477.399770999208,1122.4788939922455,12161.856024248615,9123.744842298971,249.34038900000002,116.1,25.35,54.45,207.86646349197292,-31.537044451333003,953.8792973609527,534.9231584601673,953.8792973609527,715.4667915395648,404.24223121326713,715.4667915395648,953.8792973609527,-18.915693576861948,-29.86403896778331
10.5,3475.989276375,0.0,700.9275,0.0,2235.222935624578,1055.6597518030744,9308.017982811762,7082.706592686952,245.61615650000002,0.0,49.01,0.0,297.3428717957514,-49.29980188638492,900.885221267565,294.26054232382637,900.885221267565,681.1718898344768,230.53641404769965,681.1718898344768,900.885221267565,-17.173323441965582,-17.173323441965582,3413.776776375,1605.0825,350.46375,752.77125,2567.177374376049,1162.742380633191,12609.179813126835,9459.424863063863,241.26615650000002,112.23,24.505,52.635,204.31236729073774,-33.87523356299138,928.285588383791,511.4572868897651,928.285588383791,696.2422339779591,386.59835286811125,696.2422339779591,928.285588383791,-19.723745081712323,-31.119098682429
11.0,3596.7412965,0.0,725.01,0.0,2310.564604086771,1090.8437685056524,9626.92967777685,7325.485281812802,237.391924,0.0,47.32,0.0,292.20046477310024,-52.73264196995778,879.0707183529254,275.4377815525739,879.0707183529254,664.5725282050304,216.15948943905488,664.5725282050304,879.0707183529254,-17.86020536212363,-17.86020536212363,3532.3912965,1660.23,362.505,778.635,2653.7080839268783,1201.4953474590259,13041.134517497036,9783.581805604943,233.191924,108.36,23.66,50.82,200.77887968424116,-36.23403126938834,902.727944447422,487.95535027857045,902.727944447422,677.0444675895135,368.9276833497952,677.0444675895135,902.727944447422,-20.512636290814466,-32.34198839013928
11.5,3713.381200375,0.0,748.2475,0.0,2383.0792253718278,1124.6563765456808,9934.486394869447,7559.631693358376,229.1676915,0.0,45.63,0.0,287.08805015288897,-56.19547445597062,857.3087021425557,256.56253407705145,857.3087021425557,648.0121566987557,201.74357470723814,648.0121566987557,857.3087021425557,-18.52961013431846,-18.52961013431846,3646.968700375,1713.4425,374.12375,803.59125,2736.9918996516967,1238.7377944697494,13457.720137359218,10096.215669922207,225.11769149999998,104.49,22.815,49.005,197.2660006724832,-38.61343757052389,877.2063655518454,464.4173486265831,877.2063655518454,657.8734923742281,351.2302226583189,657.8734923742281,877.2063655518454,-21.281454809132747,-33.53134870760986
12.0,3825.908988,0.0,770.64,0.0,2452.766799479747,1157.0975759231599,10230.688134089558,7785.145827323671,220.94345899999996,0.0,43.94,0.0,282.0056279351177,-59.688299344423406,835.5991726364559,237.634799897259,835.5991726364559,631.4907753156531,187.28866985224957,631.4907753156531,835.5991726364559,-19.18074334273357,-19.18074334273357,3757.508988,1764.72,385.32,827.64,2817.028821550504,1274.4697216653622,13858.936672713382,10397.326456015655,217.04345899999998,100.62,21.97,47.19,193.7737302554638,-41.013452466398036,851.7208516970617,440.8432819338034,851.7208516970617,638.729308332103,333.5059707936825,638.729308332103,851.7208516970617,-22.029288241631537,-34.68583593533538
12.5,3934.3246593749996,0.0,792.1875,0.0,2519.6273264105307,1188.167366638089,10515.534895437178,8002.027683708689,212.71922649999996,0.0,42.25,0.0,276.95319811978635,-63.21111663531619,813.9421298346261,218.65457901319664,813.9421298346261,615.0083840557221,172.79477487408892,615.0083840557221,813.9421298346261,-19.812810571552443,-19.812810571552443,3864.0121593749996,1814.0625,396.09375,850.78125,2893.8188496232992,1308.6911290458634,14244.784123559524,10686.914163885289,208.96922649999996,96.75,21.125,45.375,190.30206843318297,-43.43407595701077,826.2714028830701,417.23315020023114,826.2714028830701,619.611915463138,315.754927755886,619.611915463138,826.2714028830701,-22.7552241932752,-35.80412205760938
13.0,4038.6282144999996,0.0,812.89,0.0,2583.6608061641778,1217.865748690469,10789.02667891231,8210.277262513431,204.49499399999993,0.0,40.56,0.0,271.930760706895,-66.76392632864894,792.3375737370661,199.6218714248643,792.3375737370661,598.5649829189634,158.26188977275632,598.5649829189634,792.3375737370661,-20.425017404958574,-20.425017404958574,3966.4782144999995,1861.47,406.445,873.015,2967.3619838700833,1341.4020166112537,14615.262489897646,10964.978793531109,200.89499399999994,92.88,20.28,43.56,186.85101520564075,-45.87530804236209,800.8580191098713,393.5869534258663,800.8580191098713,600.5213137673329,297.97709354492923,600.5213137673329,800.8580191098713,-23.45835026902812,-36.884894742524295
13.5,4138.819653374999,0.0,832.7475,0.0,2644.867238740688,1246.1927220802993,11051.163484514953,8409.894563737895,196.27076149999994,0.0,38.87,0.0,267.4530240221859,-70.34672842442166,771.6862439138251,180.536677132262,771.6862439138251,582.8296927288416,143.69001454825178,582.8296927288416,771.6862439138251,-21.016569427135448,-21.016569427135448,4064.907153374999,1906.9425,416.37375,894.34125,3037.6582242908557,1372.6023843615333,14970.371771727747,11231.52034495311,192.82076149999995,89.01,19.435,41.745,183.77424065028526,-48.33714872245201,776.099623012999,369.9046916107089,776.099623012999,581.9172743453707,280.1724681608123,581.9172743453707,776.099623012999,-24.137754073854655,-37.92685734197144
14.0,4234.8989759999995,0.0,851.76,0.0,2703.2466241400625,1273.1482868075802,11301.945312245109,8600.87958738208,188.04652899999994,0.0,37.18,0.0,262.5781563560532,-73.95952292263433,750.3399348730932,161.39899613538978,750.3399348730932,566.5781322628692,129.07914920057527,566.5781322628692,750.3399348730932,-21.586672222266564,-21.586672222266564,4159.298975999999,1950.48,425.88,914.76,3104.7075708856173,1402.2922322967013,15310.111969049829,11486.538818151303,184.74652899999992,85.14,18.59,39.93,180.4245866058433,-50.81959799728051,750.8636878102257,346.186364754759,750.8636878102257,562.9584915875962,262.3410516035352,562.9584915875962,750.8636878102257,-24.79252321271918,-38.92872889164105
14.5,4326.866182374998,0.0,869.9275,0.0,2758.7989623623,1298.7324428723116,11541.372162102773,8783.232333445987,179.8222964999999,0.0,35.49,0.0,257.521929349049,-77.602309823287,728.6762469858356,142.2088284342476,728.6762469858356,550.0908046537636,114.42929372972681,550.0908046537636,728.6762469858356,-22.134531374535403,-22.134531374535403,4249.653682374998,1992.0825,434.96375,934.27125,3168.5100236543676,1430.4715604167584,15634.483081863891,11730.034213125675,176.6722964999999,81.27,17.745,38.115,176.95031562997806,-53.32265586684759,725.4096729774615,322.4319728580166,725.4096729774615,543.8377068189715,244.4828438730981,543.8377068189715,725.4096729774615,-25.42174529058606,-39.88924411102226
15.0,4414.721272499998,0.0,887.25,0.0,2811.5242534074005,1322.9451902744934,11769.444034087948,8956.95280192962,171.5980639999999,0.0,33.8,0.0,252.56035429234268,-81.27508912637964,707.1782000115995,122.9661740288355,707.1782000115995,533.7265245800454,99.74044813570636,533.7265245800454,707.1782000115995,-22.659352468125462,-22.659352468125462,4335.971272499998,2031.75,443.625,952.875,3229.065582597106,1457.1403687217041,15943.485110169933,11962.006529876237,168.5980639999999,77.4,16.9,36.3,173.54108258126155,-55.84632233115328,700.0694745172076,298.6415159204816,700.0694745172076,524.8014713556398,226.5978449695006,524.8014713556398,700.0694745172076,-26.024507912419672,-40.80715340340309
15.5,4498.464246374998,0.0,903.7275,0.0,2861.4224972753655,1345.7865290141258,11986.160928200637,9122.040992832974,163.37383149999988,0.0,32.11,0.0,247.71142049032417,-84.97786083191222,685.877275233067,103.67103291915346,685.877275233067,517.5086781374214,85.01261241851398,517.5086781374214,685.877275233067,-23.160341087220225,-23.160341087220225,4418.251746374998,2069.4825,451.86375,970.57125,3286.3742477138335,1482.2986572115392,16237.118053967957,12182.45576840298,160.5238314999999,73.53,16.055,34.485,170.2092483995866,-58.39059739019754,674.8647240742764,274.81499394215416,674.8647240742764,505.8658544194625,208.68605489274307,505.8658544194625,674.8647240742764,-26.599898683184378,-41.68122285587049
16.0,4578.095103999998,0.0,919.36,0.0,2908.4936939661934,1367.2564590912086,12191.522844440837,9278.49690615605,155.14959899999988,0.0,30.42,0.0,242.42597668078628,-88.7106249398848,663.8124579413759,84.32340510520145,663.8124579413759,500.7233686850221,70.24578657814962,500.7233686850221,663.8124579413759,-23.63670281600319,-23.63670281600319,4496.495103999998,2105.28,459.68,987.36,3340.436019004549,1505.946425886263,16515.38191325796,12391.381928705912,152.44959899999986,69.66,15.21,32.67,166.57747632989782,-60.955481043980406,649.135082327321,250.95240692303415,649.135082327321,486.540318228867,190.74747364282533,486.540318228867,649.135082327321,-27.147005207844554,-42.51023423931026
16.5,4653.613845374997,0.0,934.1475,0.0,2952.737843479885,1387.354980505742,12385.529782808544,9426.320541898847,146.71746649999986,0.0,28.73,0.0,238.01581449054186,-92.47338145029734,643.019508483448,64.66341558697948,643.019508483448,484.8680253377043,55.23207061461331,484.8680253377043,643.019508483448,-24.087643238657837,-24.087643238657837,4570.701345374997,2139.1425,467.07375,1003.24125,3391.250896469254,1528.0836747458757,16778.27668803994,12588.785010785026,144.16746649999988,65.79,14.365,30.855,163.54713404597757,-63.54097329250185,624.1980677054606,226.79387986312162,624.1980677054606,467.78874075977075,172.57420121974747,467.78874075977075,624.1980677054606,-27.664915091364573,-43.29298500840714
17.0,4724.812570499998,0.0,948.09,0.0,2995.857468263109,1407.3522286651948,12570.901282585437,9567.517279242038,138.0774339999999,0.0,27.04,0.0,233.1513852749449,-96.26613036314986,621.1717167311534,44.691064364487595,621.1717167311534,468.2142348574282,39.97146452790508,468.2142348574282,621.1717167311534,-24.51759327213793,-24.51759327213793,4640.662570499997,2171.07,474.045,1018.215,3440.7742452908988,1550.1093775268341,17028.96439238407,12776.999089378167,135.67743399999983,61.92,13.52,29.04,160.2046525445561,-66.1470741357619,598.4549344529729,202.33941276241646,598.4549344529729,448.42348230792277,154.16623762350937,448.42348230792277,598.4549344529729,-28.15871728910996,-44.03774555981204
17.5,4791.691279374998,0.0,961.1875,0.0,3037.0013070925306,1426.6131358658326,12746.147636630676,9700.980478595287,129.4374014999999,0.0,25.35,0.0,228.48935832941257,-100.08887167844235,599.6781289514719,24.666226437725797,599.6781289514719,451.82356732823627,24.671868318024863,451.82356732823627,599.6781289514719,-24.925916844044245,-24.925916844044245,4706.378779374997,2201.0625,480.59375,1032.28125,3488.028382878008,1571.3240473609096,17265.73408175526,12954.753177116407,127.18740149999986,58.05,12.675,27.225,157.0012471430329,-68.77378357376053,572.9551843753075,177.84888062091895,572.9551843753075,429.23902278594267,135.7314828541112,429.23902278594267,572.9551843753075,-28.62768126514817,-44.74357815562348
18.0,4854.249971999999,0.0,973.44,0.0,3075.318098744816,1444.5026344039206,12909.779137803427,9825.60350036826,120.79736899999995,0.0,23.66,0.0,223.8438898796669,-103.94160539617481,578.2135185394171,4.588901806694019,578.2135185394171,435.4544258435669,9.33328198497268,435.4544258435669,578.2135185394171,-25.31197788197754,-25.31197788197754,4767.849971999998,2229.12,486.72,1045.44,3532.035626639106,1591.0281973798742,17486.874811618432,13120.776286630837,118.6973689999999,54.18,11.83,25.41,153.80921953393008,-71.42110160649774,547.4753454343775,153.32228343862883,547.4753454343775,410.069354394109,117.26993691155282,410.069354394109,547.4753454343775,-29.071076483546626,-45.40955761563508
18.5,4912.488648374999,0.0,984.8475,0.0,3110.8078432199645,1461.0207242794593,13061.795786103687,9941.386344560953,112.15733649999997,0.0,21.97,0.0,219.1677047693023,-107.82433151634724,556.6951539712791,-15.540909528607706,556.6951539712791,419.045352700093,-6.044294471251458,419.045352700093,556.6951539712791,-25.67514031353859,-25.67514031353859,4825.076148374998,2255.2425,492.42375,1057.69125,3572.7959765741925,1609.2218275837276,17692.386581973587,13275.068417921448,110.20733649999991,50.31,10.985,23.595,150.59608567261265,-74.08902823397355,521.958570552072,128.7596212155462,521.958570552072,390.8722478743964,98.7815997958343,390.8722478743964,521.958570552072,-29.48817240837276,-46.0347713173355
19.0,4966.4073085,0.0,995.41,0.0,3143.4705405179766,1476.1674054924486,13202.19758153146,10048.32901117337,103.51730400000001,0.0,20.28,0.0,214.37290350171656,-111.73705003895964,534.969211128004,-35.723207568179376,534.969211128004,402.48207855223154,-21.460861050647537,402.48207855223154,534.969211128004,-26.01476806632818,-26.01476806632818,4878.057308499998,2279.43,497.705,1069.035,3610.3094326832675,1625.90493797247,17882.269392820715,13417.629570988247,101.71730399999994,46.44,10.14,21.78,147.30144742635937,-76.77756345618796,496.2991629961288,104.16089395167103,496.2991629961288,371.56918565426713,80.2664715069556,371.56918565426713,496.2991629961288,-29.87823850369402,-46.61831919590853
19.5,5016.005952375,0.0,1005.1275,0.0,3173.3061906388525,1489.9426780428882,13330.984524086742,10146.43150020551,94.87727150000003,0.0,18.59,0.0,209.83707434961698,-115.67976096401203,513.6964694868298,-55.95799231202103,513.6964694868298,386.2554681545021,-36.91641775321562,386.2554681545021,513.6964694868298,-26.33022506794706,-26.33022506794706,4926.793452374999,2301.6825,502.56375,1079.47125,3644.5759949663316,1641.0775285461013,18056.523244159827,13548.459745831231,93.22727149999997,42.57,9.295,19.965,144.18475595803864,-79.48670727314095,470.9511623015676,79.52610164700332,470.9511623015676,352.49745424545023,61.72455204491672,352.49745424545023,470.9511623015676,-30.240544233577836,-47.15931374423305
20.0,5061.284580000001,0.0,1014.0,0.0,3200.314793582592,1502.3465419307784,13448.156613769537,10235.693811657371,86.23723900000006,0.0,16.9,0.0,205.35341128883317,-119.65246429150439,492.5150185054581,-76.2452637601326,492.5150185054581,370.09667367548315,-52.410964578955635,370.09667367548315,492.5150185054581,-26.620875245996018,-26.620875245996018,4971.28458,2322.0,507.0,1089.0,3675.5956634233844,1654.7395993046214,18215.14813599092,13667.5589424504,84.737239,38.7,8.45,18.15,141.10390922863715,-82.21645968483253,445.665889900115,54.855244301543074,445.665889900115,333.4723209972283,43.1558414097177,333.4723209972283,445.665889900115,-30.57435906209164,-47.65688001288299
20.5,5102.2431913750015,0.0,1022.0275,0.0,3224.496349349195,1513.3789971561189,13553.713850579843,10316.115945528956,77.59720650000008,0.0,15.21,0.0,200.64931340364888,-123.65516002143667,470.9478065813857,-96.58502191251408,470.9478065813857,353.6513139247437,-67.9445015278676,353.6513139247437,470.9478065813857,-26.886082528075818,-26.886082528075818,5011.530691375001,2340.3825,511.01375,1097.62125,3703.368438054425,1666.8911502480305,18358.144068313995,13774.927160845753,76.24720650000003,34.83,7.605,16.335,137.87159574123146,-84.96682069126268,420.1155506721551,30.148321915290378,420.1155506721551,314.25028096360097,24.560339601358546,314.25028096360097,420.1155506721551,-30.87895245330288,-48.11015561012739
21.0,5138.881786500003,0.0,1029.21,0.0,3245.850857938661,1523.04004371891,13647.656234517663,10387.697901820264,68.95717400000011,0.0,13.52,0.0,196.2613053746725,-127.68784815380897,449.933751905677,-116.97726676916555,449.933751905677,337.6168709870743,-83.51702859995156,337.6168709870743,449.933751905677,-27.125210841787226,-27.125210841787226,5047.5317865000015,2356.83,514.605,1105.335,3727.8943188594544,1677.5321813763285,18485.511041129048,13870.564401017293,67.75717400000006,30.96,6.76,14.52,134.85647618354196,-87.73779029243144,394.9453008211985,5.405334488245076,394.9453008211985,295.3105930386046,5.938046619839181,295.3105930386046,394.9453008211985,-31.15359387127898,-48.518290701930376
21.5,5171.2003653750035,0.0,1035.5475,0.0,3264.378319350991,1531.3296816191516,13729.983765582989,10450.439680531292,60.31714150000014,0.0,11.83,0.0,191.13816226105774,-131.75052868862124,427.6332108318512,-137.421998330087,427.6332108318512,320.6267524393752,-99.12854579520746,320.6267524393752,427.6332108318512,-27.337624114731025,-27.337624114731025,5079.287865375002,2371.3425,517.77375,1112.14125,3749.1733058384734,1686.6626926895153,18597.24905443608,13954.470662965017,59.267141500000086,27.09,5.915,12.705,131.33622533242732,-90.52936848833879,368.8910712067479,-19.373717979592765,368.8910712067479,275.7142344321556,-12.711037534840347,275.7142344321556,368.8910712067479,-31.39755278008738,-48.88044801195115
22.0,5199.198928000003,0.0,1041.04,0.0,3280.0787335861846,1538.2479108568436,13800.696443775827,10504.341281662044,51.67710900000017,0.0,10.14,0.0,187.27801286248123,-135.84320162587346,407.54290875934237,-157.91921659527833,407.54290875934237,305.2785257212258,-114.77905311363531,305.2785257212258,407.54290875934237,-27.522686274507976,-27.522686274507976,5106.798928000003,2383.92,520.52,1118.04,3767.2053989914803,1694.282684187591,18693.358108235094,14026.645946688926,50.77710900000012,23.22,5.07,10.89,128.6838117838663,-93.34155527898473,344.3555568717662,-44.188835488223134,344.3555568717662,257.24606431902635,-31.386912862680038,257.24606431902635,344.3555568717662,-31.61009864379551,-49.195802821544
22.122307692308002,5205.390188218166,0.0,1042.254919000003,0.0,3283.4889462690007,1539.7314520589282,13816.225769743463,10516.180737367871,49.563624126917915,0.0,9.726599999998959,0.0,186.0483307856024,-136.8488980150456,402.12900903345,-162.94114136768394,402.12900903345,301.15305414819994,-118.61334329264241,301.15305414819994,402.12900903345,-27.563694947596055,-27.563694947596055,5112.882355170828,2386.702092621308,521.1274595000015,1119.344779872784,3771.1220646187003,1695.91671089566,18714.488726850268,14042.515371169231,48.700316434610286,22.27333846153607,4.863299999999479,10.446023076921964,127.83886381311191,-94.03259659706498,338.01057067774144,-50.2644850400681,338.01057067774144,252.47350093011332,-35.959397603116685,252.47350093011332,338.01057067774144,-31.657197542087502,-49.26569526844957
22.432534787514,5219.934643281929,0.0,1045.1097268267195,0.0,3291.380084173951,1543.1263348677385,13852.498041646904,10543.838479534785,44.20287975699705,0.0,8.678032418202681,0.0,183.42654548748123,-139.4078435595924,389.2671029266425,-175.6930779057364,389.2671029266425,291.33542130892533,-128.3492844522704,291.33542130892533,389.2671029266425,-27.660158690483303,-27.660158690483303,5127.173424924528,2393.2394336209486,522.5548634133597,1122.4107421245542,3780.1851206409,1699.6559593725906,18763.891128141433,14079.61912091656,43.43264019325125,19.872180744641636,4.339016209101341,9.319898721324192,126.03736388963253,-95.79091761823807,322.51476005519237,-65.68473258358115,322.51476005519237,240.8123089248407,-47.56445703539108,240.8123089248407,322.51476005519237,-31.767987179327235,-49.43014276666261
22.476051147048,5221.841830288882,0.0,1045.484162897183,0.0,3292.399957540026,1543.560321979594,13857.228457901923,10547.445937988101,43.45091423568613,0.0,8.530947122977755,0.0,182.981521638762,-139.7677168740871,387.3277263469078,-177.48344105057814,387.3277263469078,289.8578394890545,-129.71617057764936,289.8578394890545,387.3277263469078,-27.67282119266862,-27.67282119266862,5129.04737796073,2394.0968700663298,522.7420814485915,1122.8128731706438,3781.3564560761215,1700.1339686996878,18770.33975838855,14084.462595545254,42.693729579800504,19.535364121848456,4.265473561488878,9.161934336215767,125.73157590997276,-96.03819635192733,320.24822040012447,-67.8488810582007,320.24822040012447,239.10755028231821,-49.19315365815192,239.10755028231821,320.24822040012447,-31.782530198099558,-49.45173433867662
22.5,5222.877474375004,0.0,1045.6875,0.0,3292.9521006442415,1543.794731431986,13859.794269096175,10549.402705212517,43.03707650000014,0.0,8.45,0.0,182.73299394571382,-139.96586696556565,386.2540850299994,-178.46892156473973,386.2540850299994,289.03996862942813,-130.46855055523523,289.03996862942813,386.2540850299994,-27.679698691647488,-27.679698691647488,5130.064974375004,2394.5625,522.84375,1123.0312500000002,3781.990598318476,1700.3921558705558,18773.838202526087,14087.090252189022,42.28707650000014,19.35,4.225,9.075000000000015,125.56080577851704,-96.17435066436926,318.996505737405,-69.04001803764598,318.996505737405,238.16612401207234,-50.089579363679874,238.16612401207234,318.996505737405,-31.790429079007346,-49.46346212291903
22.519567506580998,5223.716294493809,0.0,1045.852198351049,0.0,3293.3984168882553,1543.983921090214,13861.87089519828,10550.986434799592,42.69894871439255,0.0,8.38386182775622,0.0,182.42581297522023,-140.12781737184997,385.19465134126045,-179.2742017661124,385.19465134126045,288.2363674099351,-131.08335204125618,288.2363674099351,385.19465134126045,-27.68526991050977,-27.68526991050977,5130.889176296971,2394.939649478438,522.9260991755245,1123.2081301817484,3782.503197283522,1700.6005363011095,18776.67000404677,14089.217211601257,41.95481896636687,19.198547499063075,4.19193091387811,9.003969951110994,125.34973338626772,-96.28563118941366,317.8485852930173,-70.01330271442508,317.8485852930173,237.3039207325671,-50.82205321581871,237.3039207325671,317.8485852930173,-31.796827683273175,-49.472962682968756
22.563083866115,5225.558035896797,0.0,1046.2138331883345,0.0,3294.3754622186843,1544.3971321996175,13866.425353536193,10554.45996996942,41.94698319308163,0.0,8.236776532531294,0.0,182.23718619238815,-140.4881450528976,383.7039696268282,-181.0653600524218,383.7039696268282,287.09210177571754,-132.45082884315394,287.09210177571754,383.7039696268282,-27.697504809963448,-27.697504809963448,5132.698819933336,2395.7677718573113,523.1069165941673,1123.5965131578864,3783.625344263155,1701.0556621768771,18782.881865116382,14093.882969084805,41.21590835291613,18.861730876269895,4.118388266265647,8.846005566002567,125.22012279798588,-96.5332221307085,315.89035607286075,-72.17799755235438,315.89035607286075,235.8281926988359,-52.4511557084668,235.8281926988359,315.89035607286075,-31.810879595748958,-49.4938277292587
22.606600225649,5227.367054497803,0.0,1046.5690674090308,0.0,3295.331093531291,1544.7999553077952,13870.891832915559,10557.866543497514,41.19501767177076,0.0,8.089691237306383,0.0,181.654691455703,-140.84869991722164,381.5240189931533,-182.85691590946485,381.5240189931533,285.4358078014911,-133.818600983311,285.4358078014911,381.5240189931533,-27.709525840192793,-27.709525840192793,5134.476308869782,2396.581237202928,523.2845337045154,1123.978022099048,3784.7228970149945,1701.49934632698,18788.975341597237,14098.459867995767,40.47699773946544,18.524914253476744,4.044845618653191,8.688041180894157,124.81987483553165,-96.7809691758061,313.45851144790265,-74.34296557193838,313.45851144790265,234.00063607868069,-54.08046113605841,234.00063607868069,313.45851144790265,-31.824685877140222,-49.51432937334917
22.650116585182,5229.143350296785,0.0,1046.91790101313,0.0,3296.265310826054,1545.1923904147382,13875.27033333627,10561.206155383785,40.44305215047713,0.0,7.942605942084833,0.0,181.46586895964666,-141.2094819648139,380.0329947806053,-184.64886933720067,380.0329947806053,284.29128774010263,-135.1866684616961,284.29128774010263,380.0329947806053,-27.72133295595853,-27.72133295595853,5136.22164310627,2397.380045515274,523.458950506565,1124.3526570052256,3785.7958555390146,1701.9315887514083,18794.950433489197,14102.947908334056,39.738087126031694,18.188097630691306,3.9713029710424164,8.530076795789356,124.69012976737505,-97.02887232470084,311.5000468880051,-76.50820677312774,311.5000468880051,232.52473322114233,-55.709969498556326,232.52473322114233,311.5000468880051,-31.8382464754892,-49.53446752329391
22.693632944715997,5230.886923293826,0.0,1047.260334000648,0.0,3297.1781141030147,1545.5744375204636,13879.56085479853,10564.478805628392,39.691086629166264,0.0,7.795520646859921,0.0,181.0903232851645,-141.32784367631012,378.21520500578555,-186.016587176795,378.21520500578555,282.90402754674,-136.23958950317697,282.90402754674,378.21520500578555,-27.732926112022184,-27.732926112022184,5137.934822642879,2398.164196794383,523.630167000324,1124.720417876436,3786.844219835266,1702.3523894501816,18800.80714079254,14107.34709009987,38.999176512581,17.851281007898155,3.8977603234299605,8.372112410680943,124.43208212925326,-97.11020187306477,309.3170528306287,-78.38194417342783,309.3170528306287,230.88203702261933,-57.122932180394145,230.88203702261933,309.3170528306287,-31.85156133883902,-49.55424208786856
22.73714930425,5232.597773488885,0.0,1047.596366371577,0.0,3298.069503362153,1545.9460966249635,13883.763397302238,10567.68449423126,38.93912110785534,0.0,7.648435351634995,0.0,180.69546046001327,-141.9317276098443,376.3636102172949,-188.23396890495584,376.3636102172949,281.4916550575076,-137.92368943330726,281.4916550575076,376.3636102172949,-27.744305263144476,-27.744305263144476,5139.61584747957,2398.933691040238,523.7981831857885,1125.0813047126703,3787.8679899037234,1702.76174842329,18806.54546350713,14111.657413293105,38.26026589913026,17.514464385104976,3.8242176758174975,8.214148025572518,124.160761151977,-97.5251469339101,307.11083042973195,-80.83950872057046,307.11083042973195,229.22208548319537,-58.96959502845786,229.22208548319537,307.11083042973195,-31.86463041523189,-49.57365297656787
22.780665663782997,5234.275900881923,0.0,1047.925998125909,0.0,3298.9394786034486,1546.3073677282287,13887.877960847301,10570.823221192315,38.18715558656177,0.0,7.501350056413459,0.0,180.1132243766623,-142.12219925557707,374.1841122269814,-189.7278791294375,374.1841122269814,279.83569733263624,-139.07035338927497,279.83569733263624,374.1841122269814,-27.755470364086143,-27.755470364086143,5141.264717616307,2399.6885282528206,523.9629990629545,1125.4353175139204,3788.867165744364,1703.159665670724,18812.165401632836,14115.878877913676,37.52135528569657,17.17764776231957,3.7506750282067296,8.056183640467731,123.76069091725739,-97.65602517762383,304.67929682834927,-82.79995633769292,304.67929682834927,227.3947599091252,-60.446971014220395,227.3947599091252,304.67929682834927,-31.877453652710017,-49.59270009960713
22.824182023317,5235.921305473019,0.0,1048.2492292636598,0.0,3299.788039826941,1546.6582508302763,13891.90454543391,10573.894986511701,37.43519006525085,0.0,7.354264761188533,0.0,179.92596069348897,-142.65488198797217,372.695815936952,-191.82065875560497,372.695815936952,278.693203727975,-140.66189175792445,278.693203727975,372.695815936952,-27.766421369608697,-27.766421369608697,5142.881433053164,2400.4287084321672,524.1246146318299,1125.7824562802032,3789.841747357233,1703.5461411925028,18817.666955169923,14120.011483961767,36.78244467224582,16.840831139526387,3.6771323805942666,7.898219255359305,123.63201695179234,-98.02204595832478,302.722706698122,-85.17190339458293,302.722706698122,225.9202494850558,-62.23003229809644,225.9202494850558,302.722706698122,-31.890030999316526,-49.61138336792345
22.867698382851,5237.53398726213,0.0,1048.5660597848214,0.0,3300.615187032611,1546.9987459310978,13895.843151061965,10576.899790189347,36.683224543939986,0.0,7.2071794659636215,0.0,179.40671245717897,-143.01679995195494,370.6265466789336,-193.61460003705074,370.6265466789336,277.1191302042362,-142.03143592763783,277.1191302042362,370.6265466789336,-27.777158234472864,-27.777158234472864,5144.4659937901,2401.154231578258,524.2830298924107,1126.1227210115096,3790.791734742309,1703.9211749886165,18823.050124118246,14124.055231437278,36.04353405879514,16.50401451673324,3.6035897329818107,7.740254870250894,123.2752273784243,-98.27072962623916,300.3669142540648,-87.33851050409628,300.3669142540648,224.1491887707127,-63.86055533534984,224.1491887707127,300.3669142540648,-31.902362403093623,-49.62970269317316
22.911214742384,5239.113946249221,0.0,1048.8764896893865,0.0,3301.4209202204397,1547.3288530306859,13899.693777731376,10579.837632225179,35.93125902264635,0.0,7.0600941707420715,0.0,179.15736966006486,-143.3789450992059,369.0296119395346,-195.4089388891893,369.0296119395346,275.89593375147274,-143.4012754355793,275.89593375147274,369.0296119395346,-27.78768091343939,-27.78768091343939,5146.018399827085,2401.86509769108,524.4382448446933,1126.4561117078326,3791.717127899569,1704.2847670590572,18828.3149084777,14128.01012034013,35.304623445361386,16.1671978939478,3.5300470853710357,7.582290485146092,123.10389716681502,-98.51956939795066,298.335675693125,-89.50539079521496,298.335675693125,222.61922522668584,-65.49128130750955,222.61922522668584,298.335675693125,-31.91444781208356,-49.64765798773309
22.954731101918,5240.66118243437,0.0,1049.1805189773697,0.0,3302.205239390464,1547.6485721290553,13903.45642544233,10582.708512619343,35.17929350133543,0.0,6.9130088755171455,0.0,178.57604230981653,-143.74131742974157,366.8517042321239,-197.20367531210277,366.8517042321239,274.2411573796141,-144.77141028181148,274.2411573796141,366.8517042321239,-27.797989361269767,-27.797989361269767,5147.5386511641855,2402.561306770662,524.5902594886849,1126.7826283691877,3792.617926829056,1704.6369174038412,18833.461308248516,14131.876150670494,34.565712831910645,15.83038127115462,3.4565044377585727,7.424326100037666,122.7044513473044,-98.76856527347063,295.90523481831804,-91.67254426803824,295.90523481831804,220.79271139235723,-67.12221021465032,220.79271139235723,295.90523481831804,-31.926287174329403,-49.66524916470186
22.998247461452,5242.175695817535,0.0,1049.4781476487642,0.0,3302.968144542667,1547.9579032261988,13907.131094194732,10585.512431371764,34.427327980024565,0.0,6.765923580292234,0.0,178.42519010370475,-144.10391694355374,365.4271280269524,-198.99880930575,365.4271280269524,273.145998695133,-146.14184046630308,273.145998695133,365.4271280269524,-27.808083532724726,-27.808083532724726,5149.0267478013675,2403.242858816991,524.7390738243821,1127.1022709955669,3793.49413153075,1704.9776260229605,18838.489323430575,14135.653322428283,33.82680221845995,15.493564648361469,3.382961790146117,7.266361714929255,122.60079669718421,-99.01771725279343,293.99242848994453,-93.83997092251634,293.99242848994453,219.3507260782363,-68.75334205673468,219.3507260782363,293.99242848994453,-31.93788043787338,-49.6824761378973
23.0,5242.236004500003,0.0,1049.49,0.0,3302.9984205251617,1547.9701433445791,13907.277241544038,10585.623951182713,34.39704400000011,0.0,6.76,0.0,178.38401038863844,-144.11852470769782,365.3083231801174,-199.07111323847107,365.3083231801174,273.0562575052301,-146.19703812000708,273.0562575052301,365.3083231801174,-27.808485566762062,-27.808485566762062,5149.0860045,2403.269999999998,524.745,1127.1150000000002,3793.52890381946,1704.9911077384095,18838.689337309057,14135.803579465295,33.79704399999988,15.479999999999942,3.38,7.260000000000015,122.57250099593284,-99.02775464449236,293.8731817428823,-93.92726562786183,293.8731817428823,219.26129529471254,-68.81903703784025,219.26129529471254,293.8731817428823,-31.93834217825189,-49.683162290499496
23.041763820985,5243.657486398684,0.0,1049.7693757035627,0.0,3303.709635677029,1548.2568463221094,13910.7177839885,10588.249388482385,33.67536245873093,0.0,6.618838285070699,0.0,177.80881437605672,-144.46674364063404,363.187885659119,-200.79434087008983,363.187885659119,271.4456594326753,-147.51256598902262,271.4456594326753,363.187885659119,-27.817963381690777,-27.817963381690777,5150.482689738601,2403.9097538300493,524.8846878517813,1127.4150395869626,3794.3457420046307,1705.3068929164072,18843.398954023774,14139.341635613415,33.08789160502621,15.15674802557603,3.3094191425353494,7.108397329824467,122.17726818514768,-99.26702533591327,291.51984290325714,-96.00767075859959,291.51984290325714,217.49290474365404,-70.38467683372521,217.49290474365404,291.51984290325714,-31.949227549753648,-49.6993388202135
23.085280180519,5245.1065541778835,0.0,1050.0542031417785,0.0,3304.429712793585,1548.5454014168013,13914.216494823795,10590.919383951325,32.923396937420065,0.0,6.471752989845787,0.0,177.6229137925421,-144.8297975209991,361.7019747934924,-202.59027000520464,361.7019747934924,270.30493785757056,-148.88358685003297,270.30493785757056,361.7019747934924,-27.827628864677887,-27.827628864677887,5151.906476975946,2404.5619918098696,525.0271015708893,1127.7209341433897,3795.172758250736,1705.6247180841967,18848.190200028323,14142.941090226052,32.348980991575516,14.819931402782881,3.2358764949228935,6.950432944716057,122.04953084249938,-99.51648952284165,289.56489186295937,-98.17564377638747,289.56489186295937,216.01961192924654,-72.01621454569681,216.01961192924654,289.56489186295937,-31.96032846002145,-49.71583713019224
23.128796540053003,5246.522899155102,0.0,1050.3326299634055,0.0,3305.128375892319,1548.8235685102663,13917.627226700542,10593.522417778522,32.171431416109144,0.0,6.324667694620861,0.0,177.16691205660726,-145.19307858464063,359.7433869111305,-204.3865967110534,359.7433869111305,268.81308478431947,-150.2549030493028,268.81308478431947,359.7433869111305,-27.83707993557256,-27.83707993557256,5153.2981095133755,2405.199572756435,525.1663149817027,1128.019954664841,3795.9751802690475,1705.931101526321,18852.863061444117,14146.451686266115,31.61007037812477,14.4831147799897,3.1623338473104305,6.792468559607631,121.73619965821752,-99.76610981357284,287.28515159980276,-100.34388997583038,287.28515159980276,214.30504712071533,-73.64795519261216,214.30504712071533,287.28515159980276,-31.971183115714965,-49.731970982175596
23.5,5257.274518375002,0.0,1052.4475000000002,0.0,3310.217693228946,1550.7741465946228,13943.145361119408,10613.005019572633,25.75701150000008,0.0,5.07,0.0,173.86764662555368,-148.30117485226998,344.069645969719,-219.7257916164724,344.069645969719,256.85495211321984,-161.96451580795093,256.85495211321984,344.069645969719,-27.90898239469879,-27.90898239469879,5163.862018374998,2410.042499999998,526.2237500000001,1130.2912500000007,3801.820315494433,1708.079539791152,18887.911512584004,14172.78592851776,25.30701149999985,11.609999999999943,2.535,5.445000000000029,119.4691847253622,-101.90176721935408,268.5485876443836,-118.85057825886985,268.5485876443836,200.20695164297067,-87.5752858851605,200.20695164297067,268.5485876443836,-32.05376385667326,-49.8547784249409
23.577692307692,5259.223487983526,0.0,1052.8311989999986,0.0,3311.0856886734086,1551.0867417523348,13947.676113657872,10616.466082258958,24.41448337308236,0.0,4.807400000001042,0.0,173.13571469112748,-148.95378658919023,340.7167049258276,-222.93992231472836,340.7167049258276,254.2983124715491,-164.4180391928639,254.2983124715491,340.7167049258276,-27.922053085985503,-27.922053085985503,5165.776931859261,2410.9211480059116,526.4155994999993,1130.7033291035493,3802.8172175173013,1708.4238435663328,18894.15695566795,14177.479391241213,23.987791065389697,11.00866153846387,2.403700000000521,5.162976923078066,118.96625440349113,-102.35019447804916,264.5772705763138,-122.72651496638167,264.5772705763138,197.21926025147067,-90.49212329453177,197.21926025147067,264.5772705763138,-32.068775684980835,-49.8771186835698
23.830560361038,5264.844667728639,0.0,1053.9387744730936,0.0,3313.4381705250385,1551.874889838556,13960.480794789257,10626.253063884284,20.044906974840035,0.0,3.952705979691571,0.0,170.8967006246286,-151.08288038418405,330.05441878118745,-233.4098479842347,330.05441878118745,246.1633237665488,-172.41013154490764,246.1633237665488,330.05441878118745,-27.959851300387502,-27.959851300387502,5171.299806089012,2413.4574303022887,526.9693872365468,1131.892825839447,3805.5190680069695,1709.2919387840384,18911.87144057517,14190.794237876355,19.69407508315117,9.051462805565825,1.9763529898457854,4.245065889432095,117.42776699479388,-103.81315268119053,251.82390939306038,-135.34770003991235,251.82390939306038,187.62305386122694,-99.99014171755282,187.62305386122694,251.82390939306038,-32.1121873372407,-49.94176675888241
23.874076720572,5265.700587706391,0.0,1054.1075815393435,0.0,3313.7700878012906,1551.9751474857371,13962.384760594261,10627.709283387412,19.292941453529114,0.0,3.805620684466645,0.0,170.74559763582945,-151.45005228784765,328.62940370631287,-235.212983660122,328.62940370631287,245.06783906457403,-173.7865058362062,245.06783906457403,328.62940370631287,-27.96562323410806,-27.96562323410806,5172.140743191061,2413.843988495417,527.0537907696718,1132.074118635449,3805.900278537775,1709.4023662348916,18914.516795815747,14192.783003190705,18.955164469700424,8.714646182772645,1.9028103422333225,4.08710150432367,117.32394002507432,-104.06544647383167,249.9108015053878,-137.5206248676977,249.9108015053878,186.18084453162666,-101.62535791695112,186.18084453162666,249.9108015053878,-32.11881646466135,-49.951646463824446
23.907089131252,5266.328078139066,0.0,1054.2313724577239,0.0,3314.007602614899,1552.0442755597107,13963.770460936494,10628.769333996159,18.72248485117202,0.0,3.694038736368253,0.0,170.41413947448075,-151.7287480361813,327.1689082488587,-236.58114489479985,327.1689082488587,243.95490490436524,-174.83084885949543,243.95490490436524,327.1689082488587,-27.969858369063346,-27.969858369063346,5172.757246264114,2414.127462373601,527.1156862288619,1132.2070656868457,3806.1730668336795,1709.4785064317339,18916.444647051354,14194.232447437204,18.394611590547314,8.459130124109448,1.8470193681841265,3.967266453555276,117.09618611527318,-104.25694589586934,248.19874819104697,-139.1692328284525,248.19874819104697,184.8930694862513,-102.86600212823399,184.8930694862513,248.19874819104697,-32.12368056231415,-49.95889736333682
23.917593080105,5266.523784882143,0.0,1054.2699879890006,0.0,3314.080591059713,1552.0650171316897,13964.200747440678,10629.098541248772,18.54097593223548,0.0,3.6585353892451096,0.0,170.3226948990675,-151.8174513747792,326.7287390725301,-237.0165169067016,326.7287390725301,243.61901469026833,-175.1631754657324,243.61901469026833,326.7287390725301,-27.97117993157204,-27.97117993157204,5172.949525593173,2414.215889655282,527.1349939945003,1132.2485373964714,3806.2568948407793,1709.5013519600775,18917.043766467512,14194.68290993244,18.216253856266675,8.377829559987207,1.8292676946225548,3.9291371192188818,117.03335206256578,-104.31789637026978,247.67086188037436,-139.69382287708785,247.67086188037436,184.49584591143085,-103.26077705125542,184.49584591143085,247.67086188037436,-32.125198390946395,-49.961160306243656
23.928097028958,5266.71758506482,0.0,1054.3082305949351,0.0,3314.1523318388035,1552.0851534574622,13964.625907941334,10629.423847050202,18.359467013299,0.0,3.6230320421219804,0.0,170.23126356025415,-151.9061679499771,326.2885930602515,-237.4519120826532,326.2885930602515,243.2831416837514,-175.49551927954926,243.2831416837514,326.2885930602515,-27.972488951167158,-27.972488951167158,5173.139931461714,2414.303462959995,527.1541152974676,1132.2896085975194,3806.3392898904935,1709.5235308480437,18917.635988327358,14195.128195174335,18.037896121986094,8.296528995864996,1.8115160210609902,3.891007784882502,116.9705271050859,-104.37885593989772,247.14299148635004,-140.2184288423713,247.14299148635004,184.09863416040625,-103.65556379807245,184.09863416040625,247.14299148635004,-32.12670181390866,-49.96340192882967
23.938600977811,5266.909478687095,0.0,1054.3461002755273,0.0,3314.2228249521713,1552.104684537027,13965.045942438459,10629.745251400444,18.17795809436252,0.0,3.587528694998851,0.0,170.13984545804072,-151.9363276708901,325.8484702120227,-237.7848327636063,325.8484702120227,242.9472858848143,-175.75173918279577,242.9472858848143,325.8484702120227,-27.973785427212466,-27.973785427212466,5173.328463869735,2414.3901822877415,527.1730501377637,1132.3302792899897,3806.420251982821,1709.5450430956319,18918.22131263091,14195.568303162898,17.859538387705513,8.215228431742783,1.7937643474994256,3.8528784505461227,116.9077112428335,-104.39957950370588,246.61513700897385,-140.67262179747007,246.61513700897385,183.7014342331774,-103.99804373732383,183.7014342331774,246.61513700897385,-32.128190830470224,-49.9656222301133
23.949104926664,5267.099465748969,0.0,1054.3835970307773,0.0,3314.292070399815,1552.123610370385,13965.460850932055,10630.062754299508,17.99644917542598,0.0,3.552025347875708,0.0,170.04844059242728,-152.08364081017268,325.4083705278438,-238.32277192670614,325.4083705278438,242.61144729345716,-176.1602585299228,242.61144729345716,325.4083705278438,-27.975069359071746,-27.975069359071746,5173.515122817238,2414.476047638521,527.1917985153887,1132.3705494738824,3806.4997811177614,1709.5658887028426,18918.79973937816,14196.003233898118,17.681180653424875,8.133927867620542,1.776012673937854,3.8147491162097285,116.84490447580865,-104.50080236483615,246.08729844824575,-141.2676885228827,246.08729844824575,183.30424612974426,-104.44517276309399,183.30424612974426,246.08729844824575,-32.12966543990037,-49.96782120911543
23.959608875517,5267.287546250443,0.0,1054.420720860685,0.0,3314.3600681817366,1552.1419309575363,13965.870633422119,10630.376355747385,17.8149402564895,0.0,3.5165220007525786,0.0,170.007251898457,-152.17239709517037,325.0561491440405,-238.7582365948074,325.0561491440405,242.34088972523617,-176.49265396647942,242.34088972523617,325.0561491440405,-27.976340746108747,-27.976340746108747,5173.699908304224,2414.5610590123324,527.2103604303425,1132.4104191491972,3806.5778772953167,1709.5860676696757,18919.371268569106,14196.432987380009,17.502822919144297,8.052627303498332,1.7582610003762893,3.776619781873349,116.81660260490838,-104.56178922014662,245.61984345573578,-141.79234223811048,245.61984345573578,182.9519143912732,-104.83999498129835,182.9519143912732,245.61984345573578,-32.131125641468394,-49.96999886485946
23.961109439639,5267.3142592559325,0.0,1054.425993822073,0.0,3314.36968030032,1552.1444987764187,13965.928755328587,10630.420837468422,17.789010410924675,0.0,3.5114500940202125,0.0,169.9879688483253,-152.18507764499572,324.98238363925543,-238.82044772405635,324.98238363925543,242.28482000776776,-176.54014043354954,242.28482000776776,324.98238363925543,-27.976521348709277,-27.976521348709277,5173.726153295386,2414.573133781901,527.2129969110365,1132.416082122522,3806.588916915998,1709.588895959601,18919.452352530574,14196.493958101644,17.477343242816044,8.041012937194028,1.7557250470101062,3.7711727341104853,116.8033526971598,-104.5705023705165,245.53695230025073,-141.86729406818276,245.53695230025073,182.88961246743838,-104.89639912054079,182.88961246743838,245.53695230025073,-32.13133306548075,-49.97030821778355
23.970112824370002,5267.473720191517,0.0,1054.4574717652501,0.0,3314.426818297934,1552.1596462984803,13966.275289908657,10630.686055744081,17.63343133755296,0.0,3.481018653629435,0.0,169.8656705710001,-152.26116661676798,324.5282406516355,-239.1937244269586,324.5282406516355,241.9398217334825,-176.825066610616,241.9398217334825,324.5282406516355,-27.977599587648303,-27.977599587648303,5173.882820330691,2414.645216409178,527.2287358826251,1132.4498883159345,3806.654540515485,1709.6055799961312,18919.935900203764,14196.85756360856,17.324465184863655,7.9713267393760905,1.7405093268147176,3.7384904475369547,116.71931822744142,-104.62278517068461,245.0316690767339,-142.31701186998666,245.0316690767339,182.50990539426525,-105.23482902329859,182.50990539426525,245.0316690767339,-32.132571434398834,-49.972155196311604
23.980616773222998,5267.657987572188,0.0,1054.4938497444732,0.0,3314.4923207484085,1552.1767563932176,13966.67482039166,10630.991854289592,17.45192241861648,0.0,3.445515306506306,0.0,169.77430541518646,-152.29137928408076,324.08821045960633,-239.52673776411126,324.08821045960633,241.6040347648652,-177.0813553441822,241.6040347648652,324.08821045960633,-27.978845883132095,-27.978845883132095,5174.063858896639,2414.7285198290547,527.2469248722366,1132.4889569740944,3806.7297707782673,1709.624425682209,18920.49363428211,14197.276962583772,17.146107450583077,7.890026175253879,1.722757653253153,3.700361113200575,116.6565387460991,-104.64354511540283,244.50387826595036,-142.77126849167803,244.50387826595036,182.11275276221951,-105.57735625773299,182.11275276221951,244.50387826595036,-32.13400281805045,-49.97429020261916
23.991120722076,5267.840348392461,0.0,1054.529854798354,0.0,3314.55657553316,1552.1932612417477,13967.069224871137,10631.293751383922,17.27041349967994,0.0,3.410011959383162,0.0,169.69201267222167,-152.43874536976307,323.6640569900626,-240.06476958341068,323.6640569900626,241.28004193295126,-177.48994352162885,241.28004193295126,323.6640569900626,-27.980079631884934,-27.980079631884934,5174.24302400207,2414.810969271965,527.264927399177,1132.5276251236762,3806.803568083663,1709.6426047279094,18921.044470804154,14197.691184305651,16.96774971630244,7.8087256111316385,1.705005979691581,3.6622317788641814,116.59999316616157,-104.74480435744312,243.98699678262503,-143.36639888368316,243.98699678262503,181.7237042019999,-106.02453257868622,181.7237042019999,243.98699678262503,-32.13541979164779,-49.976403882753345
24.0,5267.993016000004,0.0,1054.560000000001,0.0,3314.6099187555933,1552.2067411821167,13967.398627822296,10631.545910382276,17.116979000000168,0.0,3.380000000000044,0.0,169.65525243548134,-152.5138173992821,323.3629155120926,-240.43295669874342,323.3629155120926,241.04880716612598,-177.77098361906653,241.04880716612598,323.3629155120926,-27.98111276740404,-27.98111276740404,5174.393016000001,2414.8799999999965,527.2800000000005,1132.5600000000015,3806.8648333433944,1709.6574520287834,18921.50472835094,14198.037299346415,16.816978999999876,7.739999999999884,1.690000000000022,3.630000000000058,116.57473420856415,-104.79638838895437,243.5895086149871,-143.80995593067033,243.5895086149871,181.42413347113325,-106.35832590564084,181.42413347113325,243.5895086149871,-32.13660635880717,-49.9781740007474
24.001624670928997,5268.020802652332,0.0,1054.5654869268924,0.0,3314.619582652186,1552.2091608440708,13967.45850334708,10631.591747027067,17.08890458074346,0.0,3.3745086122600334,0.0,169.63345059256076,-152.52755460116046,323.2814321813007,-240.50032690771144,323.2814321813007,240.98689896333246,-177.82240778850513,240.98689896333246,323.2814321813007,-27.981300833229,-27.981300833229,5174.42031564698,2414.892564737907,527.2827434634462,1132.5658927646798,3806.875932431672,1709.6601171332318,18921.588409769894,14198.100228774189,16.789391982021858,7.727425047009427,1.6872543061300167,3.624102444527787,116.55975356984393,-104.80582759366362,243.49865077063464,-143.89111626550357,243.49865077063464,181.3558534204862,-106.41940209207361,181.3558534204862,243.49865077063464,-32.136822354412374,-49.97849623568421
24.004625799173002,5268.0720108277355,0.0,1054.5755990385555,0.0,3314.637355523104,1552.2135924199215,13967.568784257935,10631.676172046326,17.037044889613753,0.0,3.3643647987953007,0.0,169.5822547897905,-152.5529310984887,323.11179919234354,-240.62477611214513,323.11179919234354,240.85834091513675,-177.91740073962626,240.85834091513675,323.11179919234354,-27.98164744317533,-27.98164744317533,5174.4706262976815,2414.9157208752654,527.2877995192778,1132.5767528135966,3806.896344763422,1709.6649982334593,18921.742554004883,14198.216147698271,16.738432629365356,7.704196314400848,1.6821823993976504,3.6132083490020594,116.52457554255119,-104.82326447456602,243.31768158902238,-144.04103844093268,243.31768158902238,181.2199678974825,-106.53222412476991,181.2199678974825,243.31768158902238,-32.13722043963142,-49.97909013341839
24.012128619782,5268.1993503518,0.0,1054.6007461300885,0.0,3314.6813421054912,1552.2244552001869,13967.842655819491,10631.88584121903,16.90739566180692,0.0,3.3390052651368896,0.0,169.50028936734503,-152.61637706915786,322.7682588678178,-240.9359073960623,322.7682588678178,240.5967771044924,-178.15488926296143,240.5967771044924,322.7682588678178,-27.98250948654632,-27.98250948654632,5174.595733831374,2414.9733062268824,527.3003730650443,1132.6037598971066,3806.9468638222957,1709.676962898177,18922.125451179345,14198.504095989392,16.61103424774122,7.646124482887186,1.6695026325684448,3.585973110191393,116.46825487343716,-104.86685992511168,242.92060133348818,-144.41584956397233,242.92060133348818,180.92136580885656,-106.81428342925695,180.92136580885656,242.92060133348818,-32.13821050563445,-49.98056726047514
24.022632568635,5268.37599149087,0.0,1054.6356324079422,0.0,3314.7418538930715,1552.2391443100962,13968.221682288377,10632.176033959804,16.72588674287044,0.0,3.303501918013761,0.0,169.40897715793113,-152.70521277375514,322.3283213319882,-241.37151104846276,322.3283213319882,240.2610589661947,-178.4873879449975,240.2610589661947,322.3283213319882,-27.983705591288935,-27.983705591288935,5174.769278555251,2415.0531937388905,527.3178162039711,1132.6412265209556,3807.016362255532,1709.6931420227447,18922.655595032487,14198.90278595126,16.43267651346064,7.564823918764974,1.6517509590068804,3.5478437758550134,116.40551177300487,-104.92790135178721,242.39287418929715,-144.94059877908902,242.39287418929715,180.52426047199384,-107.20917659023587,180.52426047199384,242.39287418929715,-32.13958424468467,-49.982616956297576
24.033136517488,5268.550726069537,0.0,1054.6701457604538,0.0,3314.8011180149297,1552.2532281737988,13968.59558275373,10632.462325249398,16.5443778239339,0.0,3.267998570890617,0.0,169.3176781851171,-152.79406171495236,321.8884069602082,-241.80713786491336,321.8884069602082,239.92535803547676,-178.81990383461357,239.92535803547676,321.8884069602082,-27.98488914675568,-27.98488914675568,5174.940949818606,2415.132227273931,527.3350728802269,1132.678292636227,3807.0844277313827,1709.7086545069344,18923.17884132933,14199.296298659789,16.25431877918,7.483523354642734,1.6339992854453085,3.509714441518619,116.34277776780009,-104.98895187369025,241.86516296175412,-145.46536391085397,241.86516296175412,180.1271669589268,-107.60408157501067,180.1271669589268,241.86516296175412,-32.14094357075775,-49.98464532209385
24.043640466341,5268.723554087805,0.0,1054.7042861876232,0.0,3314.859134471064,1552.2667067912937,13968.964357215553,10632.74471508781,16.36286890499742,0.0,3.2324952237674878,0.0,169.25986107226905,-152.88292389274957,321.5070858433688,-242.24278784541374,321.5070858433688,239.63318352271466,-179.15243693180952,239.63318352271466,321.5070858433688,-27.986060152310326,-27.986060152310326,5175.110747621445,2415.2104068320045,527.3521430938116,1132.7149582429204,3807.151060249847,1709.7235003507465,18923.69519006987,14199.684634114983,16.075961044899422,7.402222790520522,1.6162476118837439,3.4715851071822397,116.30305005842347,-105.05001149082082,241.37771275191056,-145.99014495926698,241.37771275191056,179.75998163043644,-107.99899838358114,179.75998163043644,241.37771275191056,-32.14228848312299,-49.9866523569069
24.048142158706,5268.797039597543,0.0,1054.7188036384462,0.0,3314.8836167280597,1552.2722980621968,13969.120834228703,10632.864544982467,16.285079368320236,0.0,3.2172795035737947,0.0,169.21237551006982,-152.9210117352496,321.3039256083832,-242.42950207092585,321.3039256083832,239.47844703498484,-179.29495638393047,239.47844703498484,321.3039256083832,-27.9865581698291,-27.9865581698291,5175.182944600044,2415.2436509353684,527.3594018192231,1132.7305494696918,3807.179178383046,1709.7296587816516,18923.91437089039,14199.849478722288,15.999522015931724,7.36737969161541,1.6086397517868973,3.4552439638972863,116.27042143825022,-105.0761826824125,241.1415012158724,-146.21505599528734,241.1415012158724,179.5823332929566,-108.16825206390492,179.5823332929566,241.1415012158724,-32.142860461553354,-49.98750598449875
24.054144415194003,5268.8944755456705,0.0,1054.73805368945,0.0,3314.915903261475,1552.2795801625819,13969.328005673844,10633.023203475037,16.18135998606088,0.0,3.1969918766443444,0.0,169.13511994928896,-152.97179930714665,321.0086477087983,-242.67846098996407,321.0086477087983,239.25400779678088,-179.48498723658543,239.25400779678088,321.0086477087983,-27.987218607238745,-27.987218607238745,5175.278671963765,2415.2877324131114,527.369026844725,1132.7512233410364,3807.2162598109244,1709.7376795541809,18924.204641254117,14200.067792316839,15.897603310618782,7.320922226398281,1.5984959383221722,3.433455772845846,116.21733704307307,-105.1110802031789,240.80978825661273,-146.51494192432827,240.80978825661273,179.33301540418006,-108.3939270159475,179.33301540418006,240.80978825661273,-32.14361898096017,-49.98863805966539
24.064648364047,5269.063490443135,0.0,1054.7714482659346,0.0,3314.971424386162,1552.2918482876632,13969.686528128605,10633.297790411081,15.9998510671244,0.0,3.161488529521215,0.0,169.0438606862748,-153.06068795814375,320.56880282916825,-243.11415729856424,320.56880282916825,238.91835848880285,-179.81755474894123,238.91835848880285,320.56880282916825,-27.988364511060528,-27.988364511060528,5175.444722845565,2415.36420401725,527.3857241329673,1132.787087930575,3807.2800264146163,1709.7511921172381,18924.707194882052,14200.445773265355,15.719245576338203,7.239621662276069,1.5807442647606076,3.3953264385094664,116.15463032355083,-105.1721580107645,240.28212477901425,-147.03975480603756,240.28212477901425,178.93595736250043,-108.78886747210952,178.93595736250043,240.28212477901425,-32.144935063717554,-49.990602429650366
24.075152312900002,5269.230598780201,0.0,1054.804469917077,0.0,3315.0256978451266,1552.3035111665374,13970.039924579838,10633.568475895943,15.818342148187861,0.0,3.1259851823980718,0.0,168.91914603650017,-153.1495898457407,320.0704110227072,-243.54987677121431,320.0704110227072,238.53921717803615,-180.150139468877,238.53921717803615,320.0704110227072,-27.98949786306152,-27.98949786306152,5175.608900266849,2415.439821644422,527.4022349585385,1132.8225520115352,3807.342360060921,1709.7640380399173,18925.202850953694,14200.81857696054,15.540887842057565,7.158321098153829,1.5629925911990359,3.357197104173072,116.06893549865929,-105.23324491357758,239.7142321170194,-147.5645836043951,239.7142321170194,178.50901478384057,-109.18381975206735,178.50901478384057,239.7142321170194,-32.14623673057493,-49.99254546579554
24.091658518240003,5269.489345565383,0.0,1054.8556076217506,0.0,3315.1084639151986,1552.3206157032478,13970.584905240952,10633.985956276894,15.533113847009314,0.0,3.0701942083488682,0.0,168.64116480760165,-153.2893195552955,319.1437220345879,-244.23462560048216,319.1437220345879,237.83682230524036,-180.67280736652594,237.83682230524036,319.1437220345879,-27.991253483690723,-27.991253483690723,5175.863108202501,2415.5569239622255,527.4278038108753,1132.877472090815,3807.4374177748828,1709.7828776041804,18925.96780318719,14201.393951173763,15.260611402481038,7.03056306882223,1.5350971041744341,3.2972795787888756,115.87792704234202,-105.3292569940676,238.7232253323698,-148.38934673134702,238.7232253323698,177.7648563093112,-109.80448293802131,177.7648563093112,238.7232253323698,-32.14825307958667,-49.99555570333132
24.135174877774,5270.148928731241,0.0,1054.9860109884658,0.0,3315.311897084515,1552.3585453430724,13971.96099729465,10635.040405929574,14.78114832569845,0.0,2.923108913123957,0.0,168.4073678288691,-153.65785455861777,317.5739924773299,-246.0401467007721,317.5739924773299,236.63383541635224,-182.0509536873807,236.63383541635224,317.5739924773299,-27.995733346139307,-27.995733346139307,5176.511117105041,2415.8555399558277,527.4930054942329,1133.0175206769618,3807.6710629389254,1709.8246547010442,18927.90285089524,14202.849565052667,14.52170078903035,6.693746446029079,1.4615544565619785,3.1393151936804644,115.71727878498919,-105.58248740952548,236.71068019133918,-150.5639106490615,236.71068019133918,176.24877930578782,-111.44091674708127,176.24877930578782,236.71068019133918,-32.1533982493749,-50.003239232331424
24.178691237307,5270.7757890951025,0.0,1055.1100137385886,0.0,3315.4939162360033,1552.3860869816706,13973.249110389766,10636.027893940494,14.029182804404815,0.0,2.776023617902407,0.0,167.99365011940563,-154.0266167452081,315.6894016413194,-247.84606537175452,315.6894016413194,235.19695157753455,-183.4293953464633,235.19695157753455,315.6894016413194,-27.99999770503928,-27.99999770503928,5177.126971307651,2416.1394989161677,527.5550068692943,1133.1506952281293,3807.8801138751683,1709.8549900722426,18929.719514014483,14204.216320358959,13.7827901755966,6.356929823243641,1.3880118089512035,2.981350808575662,115.433002104334,-105.83587392878036,234.481785309569,-152.73874774838114,234.481785309569,174.57198535200132,-113.07755349104735,174.57198535200132,234.481785309569,-32.15829591103976,-50.01055649461894
24.222207596841,5271.369926656996,0.0,1055.2276158721259,0.0,3315.6545213696736,1552.4032406190438,13974.449244526364,10636.948420309696,13.277217283093952,0.0,2.628938322677495,0.0,167.49248270456718,-154.3956061150833,313.6517738208762,-249.65238161351212,313.6517738208762,233.64638312170877,-184.80813234383683,233.64638312170877,313.6517738208762,-28.004046515151817,-28.004046515151817,5177.710670810352,2416.408800843262,527.6138079360629,1133.2769957443243,3808.0645705836228,1709.8738837177773,18931.417792545017,14205.49421709271,13.043879562145914,6.02011320045049,1.3144691613387476,2.823386423467251,115.08863635473244,-106.08941655184384,232.1477345571031,-154.9138580294054,232.1477345571031,172.81707560855457,-114.71439316999458,172.81707560855457,232.1477345571031,-32.16294601262399,-50.01750742427788
24.265723956375002,5271.931341416905,0.0,1055.3388173890735,0.0,3315.793712485521,1552.4100062551902,13975.561399704404,10637.801985037155,12.52525176178303,0.0,2.481853027452569,0.0,167.3213087480234,-154.76482266823498,312.19163455244865,-251.45909542600356,312.19163455244865,232.52480616166602,-186.1871646794699,232.52480616166602,312.19163455244865,-28.007879731237814,-28.007879731237814,5178.2622156131365,2416.6634457371,527.6694086945367,1133.3964222255438,3808.2244330642834,1709.881335637646,18932.997686486797,14206.683255253885,12.30496894869517,5.683296577657311,1.2409265137262846,2.6654220383588254,114.97101807766138,-106.34311527871013,230.2104918815654,-157.08924149208474,230.2104918815654,171.3569375793974,-116.35143578388559,171.3569375793974,230.2104918815654,-32.167348502169986,-50.02409195611223
24.272307692308,5272.0134298597895,0.0,1055.3550840000023,0.0,3315.812906196841,1552.4101251441948,13975.721999169213,10637.925291915688,12.411484376917942,0.0,2.459599999999031,0.0,167.09504861306587,-154.82070246418485,311.62009054401125,-251.73247384117752,311.62009054401125,232.09464757390262,-186.3958288265233,232.09464757390262,311.62009054401125,-28.00844089100077,-28.00844089100077,5178.342860273987,2416.700695313607,527.6775420000012,1133.4138919881686,3808.246477246385,1709.8814665863579,18933.226403644963,14206.855409996064,12.193176684610021,5.632338461535896,1.2297999999995155,2.641523076922036,114.81554859047473,-106.38151180500076,229.676469350626,-157.41838634145608,229.676469350626,170.95705139068463,-116.59912712343355,170.95705139068463,229.676469350626,-32.16799300014105,-50.02505623625255
24.309240315908,5272.46003337482,0.0,1055.4436182894297,0.0,3315.9114895835437,1552.406383890111,13976.585575923871,10638.588588122857,11.773286240489455,0.0,2.334767732231034,0.0,166.73848884948632,-155.13426640465462,310.01111488555944,-253.26620680918725,310.01111488555944,230.8680894770527,-187.56649235333055,230.8680894770527,310.01111488555944,-28.01149730515374,-28.01149730515374,5178.781605715995,2416.9034335976794,527.7218091447148,1133.5089746717845,3808.3597013171466,1709.8773458318512,18934.459195839794,14207.783434842464,11.566058335261536,5.346479954871902,1.167383866115517,2.5074576532540376,114.57054668766263,-106.59697010937337,227.77825625844426,-159.26489813636877,227.77825625844426,169.5290905034644,-117.98868133268239,169.5290905034644,227.77825625844426,-32.17150332438441,-50.030310021533744
24.352756675442002,5272.956002530767,0.0,1055.5420185731994,0.0,3316.0078526637462,1552.392373523806,13977.521773184815,10639.308229566837,11.021320719178533,0.0,2.1876824370061074,0.0,166.3618326968562,-155.5039373243592,308.1913817739807,-255.07371576314628,308.1913817739807,229.4793856620977,-188.94611536548234,229.4793856620977,308.1913817739807,-28.014899197469624,-28.014899197469624,5179.268841118942,2417.1287644250087,527.7710092865997,1133.6146530830515,3808.47037534222,1709.861914300391,18935.802320604063,14208.794755858487,10.82714772181079,5.0096633320787225,1.0938412185030537,2.349493268145612,114.31173600982893,-106.85098104384524,225.59392688157192,-161.4408279623579,225.59392688157192,167.8854023533158,-119.62612981646063,167.8854023533158,225.59392688157192,-32.17541043398149,-50.03616156499037
24.396273034975998,5273.419248884731,0.0,1055.6340182403796,0.0,3316.0828017261256,1552.3679751562745,13978.369991487203,10639.960909369074,10.26935519786767,0.0,2.040597141781196,0.0,166.2072696643342,-155.63118790795957,306.76031162259125,-256.4569891289229,306.76031162259125,228.3794029032833,-190.01059194069856,228.3794029032833,306.76031162259125,-28.01808536004194,-28.01808536004194,5179.723921821973,2417.3394382190845,527.8170091201898,1133.7134574593426,3808.5564551394987,1709.8350410432656,18937.02706077958,14209.71721830194,10.088237108360103,4.672846709285571,1.020298570890598,2.191528883037201,114.20553155004319,-106.93841837778064,223.67665838628366,-163.32525398740802,223.67665838628366,166.44010228662964,-121.04703261954134,166.44010228662964,223.67665838628366,-32.1790697756679,-50.04164651935802
24.439789394509,5273.849772436704,0.0,1055.719617290969,0.0,3316.1363367706813,1552.3331887875186,13979.130230831026,10640.54662752956,9.517389676574036,0.0,1.893511846559646,0.0,165.60920194143407,-156.24396071358927,304.55310826306663,-258.6899263832242,304.55310826306663,226.70286404699797,-191.70624740453238,226.70286404699797,304.55310826306663,-28.02105574763161,-28.02105574763161,5180.146847825075,2417.5354549799013,527.8598086454845,1133.805387800656,3808.6179407089826,1709.7967260604769,18938.133416366312,14210.550822172794,9.349326494926354,4.336030086500133,0.946755923279823,2.033564497932399,113.79458296557588,-107.35947122419154,221.22608767284234,-165.79350715925065,221.22608767284234,164.59863485788733,-122.9016355888103,164.59863485788733,221.22608767284234,-32.18248129748605,-50.04676482232276
24.483305754043002,5274.2475731867025,0.0,1055.7988157249708,0.0,3316.168457797415,1552.2880144175351,13979.802491216313,10641.065384048314,8.765424155263114,0.0,1.74642655133472,0.0,165.38278762799808,-156.61431318312324,302.9962983700776,-260.4986280493847,302.9962983700776,225.50947462299536,-193.08675643146242,225.50947462299536,302.9962983700776,-28.023810314999768,-28.023810314999768,5180.53761912827,2417.716814707469,527.8994078624854,1133.8904441069958,3808.6548320506727,1709.7469693520218,18939.12138736432,14211.295567471096,8.610415881475609,3.999213463706954,0.87321327566736,1.8756001128239732,113.63900753816701,-107.61395047007181,219.22241998421342,-167.9702565302045,219.22241998421342,163.089152533291,-124.53969287741947,163.089152533291,219.22241998421342,-32.185644947478636,-50.05151641229158
24.5,5274.391497375003,0.0,1055.8275000000017,0.0,3316.1750971051038,1552.2679271070615,13980.037041652691,10641.246623611642,8.476946500000194,0.0,1.6900000000000728,0.0,165.1821391655935,-156.7564523487342,302.1999266647889,-261.19260848528444,302.1999266647889,224.9037274152718,-193.6164415533542,224.9037274152718,302.1999266647889,-28.02480976259914,-28.02480976259914,5180.678997374999,2417.7824999999953,527.9137500000008,1133.9212500000021,3808.6624573663444,1709.7248444513036,18939.46898460985,14211.557691951246,8.326946499999787,3.8699999999997963,0.8450000000000364,1.8150000000000728,113.50113652717036,-107.71161815329326,218.3169220475478,-168.80539864326352,218.3169220475478,162.40842398532115,-125.16815709928153,162.40842398532115,218.3169220475478,-32.186792823703016,-50.05324192921212
24.526822113577,5274.61265113472,0.0,1055.871613542384,0.0,3316.1791648063263,1552.2324520463258,13980.386772643047,10641.517178925327,8.01345863395225,0.0,1.5993412561098084,0.0,164.6105915567224,-156.98489283593366,300.48437040086924,-262.30772728627886,300.48437040086924,223.60656891380117,-194.4675607966517,223.60656891380117,300.48437040086924,-28.026349011558747,-28.026349011558747,5180.896235731547,2417.8835174017827,527.935806771192,1133.9686263783597,3808.66712916457,1709.685770917902,18939.990973773576,14211.951454196822,7.871505268024921,3.6623968409138032,0.7996706280549042,1.717635727715562,113.10841063371751,-107.86858581975486,216.56246471076366,-170.147279082813,216.56246471076366,161.09214228854196,-126.1779531009721,161.09214228854196,216.56246471076366,-32.18856066754518,-50.05590122125358
24.832831841554,5276.255777908839,0.0,1056.2027726234967,0.0,3315.6497043650584,1551.5483667143933,13982.010863960148,10642.803166206913,2.725590643877338,0.0,0.5650283755475394,0.0,162.18838657123734,-159.59724772062071,288.08420736783336,-275.0406526429183,288.08420736783336,214.13552156203346,-204.18580301738206,214.13552156203346,288.08420736783336,-28.038103791026202,-28.038103791026202,5182.509969687816,2418.641852102318,528.1013863117483,1134.3242794743473,3808.059038202461,1708.9322942356202,18942.762662639707,14214.05423723943,2.6754401963431156,1.29388154637182,0.2825141877737697,0.6068204151590472,111.44404776650266,-109.66360584989893,201.4744427779623,-185.4639510507405,201.4744427779623,149.73591844210125,-137.70403125922084,149.73591844210125,201.4744427779623,-32.20206115709757,-50.07637576736455
25.0,5276.469962500002,0.0,1056.2500000000014,0.0,3314.9132282774785,1550.9577043694562,13981.060602610592,10642.107159260728,-0.1630859999998356,0.0,5.820766091346741e-14,0.0,160.3899835294941,-161.02907970062626,280.47861367661494,-282.00474697609565,282.00474697609565,208.34389258834253,-209.50088961081394,209.50088961081394,282.00474697609565,-28.040009210249536,-28.040009210249536,5182.719962499999,2418.7499999999955,528.1250000000007,1134.375000000002,3807.2131875632836,1708.281717058713,18941.804281360746,14213.347106332265,-0.16308600000024306,-2.0372681319713593e-13,2.9103830456733704e-14,7.275957614183426e-14,110.20831616620445,-110.64745651237072,192.66069579085743,-193.83690639664917,193.83690639664917,143.10772501606547,-144.00477946608228,144.00477946608228,193.83690639664917,-32.204249551391875,-50.0798907939784
25.167168158446,5276.201252336262,0.0,1056.2027726234965,0.0,3315.6497043650584,1551.5483667143933,13981.942706994423,10642.748640634334,-3.0517626438770096,0.0,-0.5650283755474229,0.0,159.4141771468161,-162.46426425455445,274.3125641387607,-288.9747083136376,288.9747083136376,203.6216392714365,-214.8203345503452,214.8203345503452,288.9747083136376,-28.038721147300816,-28.038721147300816,5182.455444115237,2418.6418521023184,528.1013863117482,1134.3242794743473,3808.059038202461,1708.9322942356202,18942.694505673986,14213.999711666853,-3.0016121963436015,-1.2938815463722275,-0.28251418777371146,-0.6068204151589016,109.53781308382585,-111.63361081948858,184.8360987101118,-202.21389312068845,202.21389312068845,137.21432866332518,-150.30852241098358,150.30852241098358,202.21389312068845,-32.202770197361446,-50.07798343619102
25.305114704776,5275.6158588839435,0.0,1056.0926694786122,0.0,3316.0194635937423,1551.920335233762,13981.692889111897,10642.53383103442,-5.435487930984935,0.0,-1.0312877021428284,0.0,158.3596599049394,-163.65109797421783,268.78811336669855,-294.73071292182664,294.73071292182664,199.40078224329346,-219.21320299961098,219.21320299961098,294.73071292182664,-28.03525138721462,-28.03525138721462,5181.879823131399,2418.3897224155126,528.0463347393061,1134.2060326057288,3808.4837106191208,1709.3419940096169,18942.113484686084,14213.550736696803,-5.343953519552539,-2.3615878149664202,-0.5156438510714142,-1.1075663783368073,108.81322563118057,-112.44911651962678,178.07951124772077,-209.1295875161921,209.1295875161921,132.12844175660754,-155.512603039442,155.512603039442,209.1295875161921,-32.198785140906516,-50.07232388331102
25.315618653629002,5275.557811516523,0.0,1056.0816504226648,0.0,3316.0388024124536,1551.9443818810994,13981.637644251445,10642.489905075376,-5.616996849921474,0.0,-1.066791049265972,0.0,158.26997705794622,-163.74156304123588,268.35102721510515,-295.1691679584636,295.1691679584636,199.06718227614266,-219.54781985279408,219.54781985279408,295.1691679584636,-28.03489795480763,-28.03489795480763,5181.822753786699,2418.3644894294084,528.0408252113324,1134.1941985308506,3808.5059214586086,1709.3684798692166,18942.020501818686,14213.479964854483,-5.522311253833177,-2.4428883790886613,-0.533395524632986,-1.1456957126732012,108.75160210994432,-112.51127752549837,177.55374336712265,-209.65629599490202,209.65629599490202,131.7327918726996,-155.9089516533759,155.9089516533759,209.65629599490202,-32.19837922001866,-50.07174151152435
25.326122602482,5275.497857588704,0.0,1056.070258441376,0.0,3316.056893565442,1551.9678232822305,13981.577273387466,10642.442077665153,-5.798505768857955,0.0,-1.1022943963891012,0.0,158.18030744755293,-163.83204134485382,267.91396422756156,-295.6076461591503,295.6076461591503,198.7335995165718,-219.88245391355701,219.88245391355701,295.6076461591503,-28.034531894808058,-28.034531894808058,5181.763810981478,2418.3384024663374,528.035129220688,1134.1819639473952,3808.526699340711,1709.3942990884395,18941.920621394984,14213.404015758824,-5.700668988113757,-2.5241889432108726,-0.5511471981945506,-1.1838250470095808,108.68998768393557,-112.57344762659746,177.02799140317288,-210.1830203902599,210.1830203902599,131.3371538125875,-156.30531209110544,156.30531209110544,210.1830203902599,-32.19795879620609,-50.071137710279935
25.336626551335,5275.435997100485,0.0,1056.0584935347438,0.0,3316.0737370527067,1551.9906594371544,13981.51177651996,10642.390348803749,-5.980014687794493,0.0,-1.1377977435122448,0.0,158.0906510737596,-163.92253288507175,267.4769244040678,-296.046147523887,296.046147523887,198.40003396458073,-220.21710518190002,220.21710518190002,296.046147523887,-28.03415320657968,-28.03415320657968,5181.70299471574,2418.311461526298,528.0292467673719,1134.169328855362,3808.5460442654257,1709.4194516672842,18941.813843414984,14213.322889409827,-5.8790267223943955,-2.6054895073331137,-0.5688988717561224,-1.221954381345975,108.62838235315434,-112.63562682292407,176.50225535587106,-210.70976070226615,210.70976070226615,130.941527576271,-156.7016843526309,156.7016843526309,210.70976070226615,-32.197523868738074,-50.07051247892176
25.347130500187998,5275.372230051865,0.0,1056.04635570277,0.0,3316.0893328742477,1552.012890345871,13981.441153648919,10642.334718491158,-6.161523606730975,0.0,-1.1733010906353738,0.0,158.0010079365662,-164.0130376618895,267.0399077446241,-296.48467205267343,296.48467205267343,198.06648562016971,-220.55177365782268,220.55177365782268,296.48467205267343,-28.033761889486268,-28.033761889486268,5181.6403049894825,2418.283666609293,528.023177851385,1134.1562932547504,3808.5639562327547,1709.4439376057514,18941.70016787868,14213.236585807494,-6.057384456674976,-2.6867900714553254,-0.5866505453176869,-1.2600837156823546,108.5667861176006,-112.69781511447813,175.97653522521753,-211.23651693092026,211.23651693092026,130.54591316375044,-157.0980684379519,157.0980684379519,211.23651693092026,-32.1970744368839,-50.06986581679628
25.357634449041,5275.3065564428425,0.0,1056.0338449454537,0.0,3316.1036810300666,1552.034516008381,13981.36540477435,10642.275186727382,-6.343032525667513,0.0,-1.2088044377585174,0.0,157.91137803597275,-164.1035556753073,266.60291424923014,-296.9232197455099,296.9232197455099,197.73295448333855,-220.88645934132552,220.88645934132552,296.9232197455099,-28.03335794289158,-28.03335794289158,5181.575741802709,2418.2550177153203,528.0169224727268,1134.1428571455617,3808.5804352426976,1709.4677569038413,18941.57959478608,14213.145104951824,-6.235742190955614,-2.768090635577566,-0.6044022188792587,-1.2982130500187485,108.50519897727439,-112.76001250125977,175.450831011212,-211.76328907622278,211.76328907622278,130.15031057502551,-157.4944643470689,157.4944643470689,211.76328907622278,-32.19661049991287,-50.06919772325239
25.368138397894,5275.23897627342,0.0,1056.0209612627955,0.0,3316.116781520161,1552.0555364246836,13981.284529896251,10642.211753512425,-6.524541444603994,0.0,-1.2443077848816466,0.0,157.82176137197916,-164.19408692532497,266.16594391788607,-297.3617906023961,297.3617906023961,197.39944055408728,-221.2211622324081,221.2211622324081,297.3617906023961,-28.0329413661594,-28.0329413661594,5181.509305155416,2418.2255148443787,528.0104806313977,1134.1290205277955,3808.595481295254,1709.4909095615533,18941.452124137177,14213.048446842817,-6.4140999252361945,-2.849391199699778,-0.6221538924408233,-1.336342384355128,108.44362093217566,-112.82221898326888,174.92514271385474,-212.29007713817325,212.29007713817325,129.75471981009642,-157.89087207998148,157.89087207998148,212.29007713817325,-32.19613205709426,-50.06850819764144
25.378642346747,5275.169489543597,0.0,1056.0077046547945,0.0,3316.128634344532,1552.0759515947793,13981.198529014619,10642.144418846283,-6.706050363540533,0.0,-1.27981113200479,0.0,157.73215794458554,-164.28463141194263,265.7289967505918,-297.80038462333243,297.80038462333243,197.0659438324159,-221.55588233107073,221.55588233107073,297.80038462333243,-28.032512158653503,-28.032512158653503,5181.440995047603,2418.1951579964716,528.0038523273972,1134.1147834014514,3808.6090943904237,1709.5133955788872,18941.317755931974,14212.946611480473,-6.592457659516833,-2.9306917638220185,-0.639905566002395,-1.3744717186915223,108.38205198230446,-112.88443456050553,174.3994703331455,-212.81688111677198,212.81688111677198,129.35914086896304,-158.28729163668996,158.28729163668996,212.81688111677198,-32.19563910769735,-50.0677972393172
25.3891462956,5275.098096253371,0.0,1055.9940751214515,0.0,3316.1392395031808,1552.095761518668,13981.107402129459,10642.073182728958,-6.887559282477014,0.0,-1.3153144791279192,0.0,157.6425677537919,-164.37518913516018,265.2920727473477,-298.23900180831845,298.23900180831845,196.73246431832453,-221.8906196373132,221.8906196373132,298.23900180831845,-28.032070319737652,-28.032070319737652,5181.370811479273,2418.1639471715966,527.9970375607257,1134.1001457665293,3808.621274528208,1709.535214955844,18941.176490170466,14212.839598864795,-6.770815393797413,-3.01199232794423,-0.6576572395639596,-1.4126010530279018,108.32049212766078,-112.9466592329697,173.87381386908456,-213.34370101201878,213.34370101201878,128.96357375162552,-158.6837230171941,158.6837230171941,213.34370101201878,-32.195131650991435,-50.06706484763591
25.399650244453003,5275.024796402745,0.0,1055.9800726627657,0.0,3316.148596996106,1552.1149661963498,13981.011149240765,10641.998045160448,-7.069068201413553,0.0,-1.3508178262510628,0.0,157.60961065115282,-164.46576009497772,264.9542566483739,-298.6776421573545,298.6776421573545,196.47260781883404,-222.22537415113564,222.22537415113564,298.6776421573545,-28.03161584877561,-28.03161584877561,5181.298754450425,2418.1318823697547,527.9900363313828,1134.0851076230297,3808.632021708606,1709.556367692423,18941.028326852662,14212.72740899578,-6.949173128078051,-3.093292892066471,-0.6754089131255314,-1.4507303873642958,108.29784640685178,-113.00889300066136,173.41625713923415,-213.87053682391385,213.87053682391385,128.61859500827296,-159.08016622149412,159.08016622149412,213.87053682391385,-32.1946096862458,-50.06631102195625
25.410154193306,5274.949589991718,0.0,1055.9656972787384,0.0,3316.1567068233076,1552.1335656278247,13980.909770348546,10641.919006140757,-7.250577120350034,0.0,-1.3863211733741918,0.0,157.4634270820044,-164.55634429139513,264.4182942330088,-299.11630567044034,299.11630567044034,196.06555691288148,-222.5601458725379,222.5601458725379,299.11630567044034,-28.03114874513117,-28.03114874513117,5181.224823961059,2418.0989635909455,527.9828486393692,1134.0696689709528,3808.6413359316166,1709.5768537886247,18940.873265978553,14212.610041873426,-7.127530862358632,-3.1745934561886826,-0.6931605866870959,-1.4888597217006754,108.19739970405595,-113.07113586358052,172.82254869090693,-214.3973885524569,214.3973885524569,128.17247498833765,-159.47662124958978,159.47662124958978,214.3973885524569,-32.19407321272971,-50.06553576163934
25.420658142159002,5274.8724770202925,0.0,1055.9509489693678,0.0,3316.1635689847863,1552.1515598130927,13980.803265452792,10641.836065669882,-7.432086039286572,0.0,-1.4218245204973354,0.0,157.37387660101052,-164.6469417244125,263.98143972191417,-299.55499234757605,299.55499234757605,195.7321290215298,-222.89493480152015,222.89493480152015,299.55499234757605,-28.030669008168083,-28.030669008168083,5181.149020011172,2418.065190835169,527.9754744846839,1134.053829810298,3808.649217197242,1709.596673244449,18940.711307548147,14212.487497497737,-7.30588859663927,-3.2558940203109232,-0.7109122602486677,-1.5269890560370696,108.1358671350948,-113.1333878217272,172.29693997679027,-214.92425619764822,214.92425619764822,127.7769433423873,-159.8730881014813,159.8730881014813,214.92425619764822,-32.19352222971247,-50.06473906604873
25.431162091012,5274.793457488463,0.0,1055.9358277346562,0.0,3316.16918348054,1552.1689487521535,13980.691634553508,10641.749223747822,-7.613594958223053,0.0,-1.4573278676204646,0.0,157.28433935661664,-164.7375523940298,263.54460837486965,-299.9937021887617,299.9937021887617,195.39871833775808,-223.22974093808227,223.22974093808227,299.9937021887617,-28.030176637250133,-28.030176637250133,5181.071342600769,2418.0305641024243,527.9679138673281,1134.037590141066,3808.6556655054796,1709.6158260598947,18940.54245156144,14212.359775868712,-7.48424633091985,-3.337194584433135,-0.7286639338102323,-1.5651183903734491,108.07434366136117,-113.1956488751014,171.77134717932196,-215.45113975948755,215.45113975948755,127.38142352023287,-160.26956677716848,160.26956677716848,215.45113975948755,-32.19295673646336,-50.06392093455046
25.441666039864998,5274.712531396235,0.0,1055.9203335746013,0.0,3316.173550310571,1552.1857324450073,13980.574877650695,10641.65848037458,-7.7951038771595345,0.0,-1.4928312147435936,0.0,157.19481534882266,-164.82817630024704,263.10780019187484,-300.4324351939971,300.4324351939971,195.0653248615663,-223.56456428222427,223.56456428222427,300.4324351939971,-28.029671631741085,-28.029671631741085,5180.991791729847,2417.9950833927132,527.9601667873006,1134.0209499632558,3808.660680856331,1709.6343122349633,18940.366698018428,14212.226876986348,-7.66260406520043,-3.4184951485553468,-0.7464156073717968,-1.6032477247098287,108.01282928285504,-113.25791902370308,171.24577029850167,-215.97803923797503,215.97803923797503,126.98591552187415,-160.66605727665143,160.66605727665143,215.97803923797503,-32.19237673225165,-50.06308136651297
25.452169988718,5274.629698743606,0.0,1055.9044664892047,0.0,3316.1766694748803,1552.2019108916543,13980.452994744353,10641.563835550156,-7.976612796096073,0.0,-1.5283345618667372,0.0,157.10530457762863,-164.91881344306424,262.67101517292986,-300.8711913632826,300.8711913632826,194.7319485929544,-223.8994048339463,223.8994048339463,300.8711913632826,-28.02915399100471,-28.02915399100471,5180.910367398407,2417.958748706035,527.9522332446023,1134.0039092768684,3808.6642632497974,1709.6521317696545,18940.18404691912,14212.088800850648,-7.840961799481069,-3.4997957126775874,-0.7641672809333686,-1.6413770590462227,107.95132399957643,-113.3201982675323,170.7202093343295,-216.50495463311083,216.50495463311083,126.59041934731111,-161.06255959993024,161.06255959993024,216.50495463311083,-32.19178221634665,-50.06222036130718
25.462673937570997,5274.5449595305745,0.0,1055.8882264784656,0.0,3316.1785409734653,1552.217484092094,13980.32598583448,10641.465289274545,-8.158121715032554,0.0,-1.5638379089898662,0.0,157.01580704304004,-165.00946382248134,262.2342533180446,-301.3099706966178,301.3099706966178,194.39858953192967,-224.23426259324816,224.23426259324816,301.3099706966178,-28.02862371440479,-28.02862371440479,5180.8270696064465,2417.92156004239,527.9441132392328,1133.9864680819026,3808.6664126858773,1709.6692846639678,18939.994498263506,14211.945547461613,-8.01931953376165,-3.581096276799799,-0.7819189544949331,-1.6795063933826022,107.88982781152913,-113.38248660658904,170.1946642868122,-217.03188594489458,217.03188594489458,126.19493499654888,-161.45907374700474,161.45907374700474,217.03188594489458,-32.19117318801762,-50.06133791830644
25.473177886423,5274.458313757152,0.0,1055.8716135423854,0.0,3316.1791648063263,1552.2324520463258,13980.193850921089,10641.36284154776,-8.339630633951804,0.0,-1.5993412561096338,0.0,156.83533254656885,-165.10012743848975,261.63828177989126,-301.74877319396126,301.74877319396126,193.94696042047806,-224.56913756009814,224.56913756009814,301.74877319396126,-28.028080801305137,-28.028080801305137,5180.741898353979,2417.8835174017795,527.9358067711927,1133.9686263783613,3808.66712916457,1709.685770917902,18939.798052051618,14211.797116819253,-8.197677268025291,-3.662396840914298,-0.7996706280548169,-1.7176357277153729,107.76581888073841,-113.44478404086733,169.5597219395336,-217.55883317327644,217.55883317327644,125.71818408025018,-161.85559971783732,161.85559971783732,217.55883317327644,-32.19054964653393,-50.06043403688665
25.5,5274.228411375005,0.0,1055.8275000000026,0.0,3316.1750971051038,1552.2679271070615,13979.83318415269,10641.083537611643,-8.80311849999975,0.0,-1.689999999999898,0.0,156.11735617760206,-165.33169945495828,259.6664751858041,-302.86937217117656,302.86937217117656,192.45944453088305,-225.42432779144542,225.42432779144542,302.86937217117656,-28.02663712337849,-28.02663712337849,5180.515911375002,2417.7824999999925,527.9137500000013,1133.9212500000035,3808.6624573663444,1709.7248444513036,18939.265127109855,14211.394605951247,-8.653118500000158,-3.870000000000291,-0.844999999999949,-1.8149999999998836,107.272477807127,-113.6039034661868,167.629188037472,-218.90447919082715,218.90447919082715,124.27110264926482,-162.86819300604313,162.86819300604313,218.90447919082715,-32.188891567042106,-50.05802868237276
25.727692307692,5271.776077004406,0.0,1055.3550840000037,0.0,3315.812906196841,1552.4101251441948,13975.425308099982,10637.687939060303,-12.737656376917498,0.0,-2.459599999998856,0.0,154.15587087676374,-167.30098517569954,250.1613035631914,-312.3881945286194,312.3881945286194,185.20537576287654,-232.6885371053258,232.6885371053258,312.3881945286194,-28.011062600297613,-28.011062600297613,5178.105507418603,2416.7006953136033,527.6775420000018,1133.4138919881702,3808.246477246385,1709.8814665863579,18932.929712575733,14206.618057140679,-12.519348684610334,-5.632338461536361,-1.229799999999428,-2.641523076921847,105.92468795496083,-114.95705319883912,156.2112296038857,-230.3318174152642,230.3318174152642,115.67908411838111,-171.46717938155885,171.46717938155885,230.3318174152642,-32.171004061222135,-50.031978977026554
25.924847687099998,5268.928939360405,0.0,1054.8044699170778,0.0,3315.0256978451266,1552.3035111665374,13969.662850305094,10633.266816476147,-16.14451414818736,0.0,-3.125985182397897,0.0,152.84837223547515,-169.01118475074534,242.6150309532505,-320.63919377263534,320.63919377263534,179.43238457553247,-238.9850395065542,238.9850395065542,320.63919377263534,-27.99277415959081,-27.99277415959081,5175.30724084705,2415.439821644419,527.4022349585389,1132.8225520115366,3807.342360060921,1709.7640380399173,18924.825776678943,14200.51691754074,-15.867059842057817,-7.158321098154265,-1.5629925911989484,-3.357197104172883,105.02627010819101,-116.13217780030335,146.7946626949682,-240.23262114489697,240.23262114489697,108.5885805050644,-178.91740177597828,178.91740177597828,240.23262114489697,-32.14999959207195,-50.00127959582012
25.978867995486997,5268.031594438796,0.0,1054.630671486128,0.0,3314.7332857396855,1552.2370829217136,13967.768750322135,10631.815537386517,-17.07798858843476,0.0,-3.308573824745952,0.0,152.57468894623028,-169.4805910397579,240.69535918324058,-322.90138079223874,322.90138079223874,177.96053321691863,-240.711330764866,240.711330764866,322.90138079223874,-27.986984420758056,-27.986984420758056,5174.425321821677,2415.041833521473,527.315335743064,1132.635898667055,3807.0065216400108,1709.6908715339516,18922.181183330897,14198.526867885283,-16.784328189789143,-7.576438285069656,-1.654286912372976,-3.5532908236176883,104.8382148830032,-116.4547196172641,144.3162286417917,-242.9464067336761,242.9464067336761,106.72133513705471,-180.95947971329278,180.95947971329278,242.9464067336761,-32.143350015290096,-49.99154823368171
26.0,5267.666844000008,0.0,1054.5600000000031,0.0,3314.6099187555933,1552.2067411821167,13966.990912822304,10631.219738382282,-17.443150999999723,0.0,-3.379999999999898,0.0,152.33043199119368,-169.66431161173028,239.70431723458944,-323.7864840705275,323.7864840705275,177.2064105885522,-241.38675609524898,241.38675609524898,323.7864840705275,-27.98462838510652,-27.98462838510652,5174.066844,2414.879999999992,527.2800000000016,1132.5600000000034,3806.8648333433944,1709.6574520287834,18921.097013350936,14197.71112734641,-17.143151000000188,-7.740000000000291,-1.689999999999949,-3.6299999999998835,104.6703792916895,-116.58095901474144,143.18172501045632,-244.00811702579784,244.00811702579784,105.86834207919607,-181.75839771916418,181.75839771916418,244.00811702579784,-32.14064408322334,-49.98758696805747
26.032888303874,5267.083822940053,0.0,1054.4470095604106,0.0,3314.4078741489907,1552.1546465323129,13965.739072776416,10630.261068894151,-18.01146302868216,0.0,-3.491162467094007,0.0,151.93458493537568,-169.95034742333206,238.13445115041375,-325.16418047732486,325.16418047732486,176.01233492021223,-242.43807714610784,242.43807714610784,325.16418047732486,-27.980859622138823,-27.980859622138823,5173.493851677288,2414.621258579149,527.2235047802053,1132.4386522793761,3806.632782958434,1709.600073070243,18919.35415665702,14196.399885161984,-17.70159653752041,-7.994555471985048,-1.7455812335470036,-3.7493845430624932,104.39838202277635,-116.77750199371164,141.3971837272969,-245.66061330155708,245.66061330155708,104.52677884349431,-183.0018703779401,183.0018703779401,245.66061330155708,-32.13631561877094,-49.98124910751014
26.086908612259997,5266.085624864193,0.0,1054.2534841399286,0.0,3314.0494630730486,1552.0562019983372,13963.573817667968,10628.603410999085,-18.94493746891228,0.0,-3.6737511094386863,0.0,151.5262884555492,-170.42045390145915,235.97920629691276,-327.42759282785187,327.42759282785187,174.365486413863,-244.16527865024787,244.16527865024787,327.42759282785187,-27.974399697802102,-27.974399697802102,5172.512830413897,2414.178096817455,527.1267420699643,1132.2308128485038,3806.221144016197,1709.4916426487937,18916.344696657365,14194.135969370876,-18.61886488523474,-8.412672658892697,-1.8368755547193432,-3.9454782625036753,104.11783041632275,-117.10052492964006,138.75688100694506,-248.37524084848982,248.37524084848982,102.53928817986912,-185.04457376988253,185.04457376988253,248.37524084848982,-32.128896326791995,-49.970382165877396
26.140928920647,5265.037000211185,0.0,1054.050095224676,0.0,3313.6580525118466,1551.9417493197836,13961.272984996725,10626.842563701262,-19.87841190915968,0.0,-3.8563397517867415,0.0,151.27283522306521,-170.89091047415647,234.09493712623444,-329.69161784390354,329.69161784390354,172.91993412903835,-245.89293527734984,245.89293527734984,329.69161784390354,-27.96760455090032,-27.96760455090032,5171.482258031473,2413.7123482363727,527.025047612338,1132.0123803744307,3805.7716048132856,1709.3655802696003,18913.152803331817,14191.735120511887,-19.536133232966066,-8.83078984580809,-1.9281698758933707,-4.141571981948481,103.94367581287268,-117.42378842506128,136.3027730418096,-251.0902893745748,251.0902893745748,100.6901136201185,-187.08758988919567,187.08758988919567,251.0902893745748,-32.12109202812281,-49.958947334957756
26.194949229033003,5263.937948981063,0.0,1053.8368428146593,0.0,3313.233642465399,1551.8112884966556,13958.836574762769,10624.97852700074,-20.811886349389855,0.0,-4.038928394131435,0.0,150.83958417113524,-171.3617171414067,231.89602177155223,-331.9562555253962,331.9562555253962,171.24064467895457,-247.62104702735,247.62104702735,331.9562555253962,-27.960474094891794,-27.960474094891794,5170.402134530049,2413.2240128359203,526.9184214073297,1131.7833548571639,3805.2841653497167,1709.2218859326663,18909.7784766805,14189.197338585096,-20.453401580680453,-9.248907032715767,-2.0194641970657177,-4.337665701389676,103.64597724180412,-117.74729247996336,133.63246313338144,-253.80575887971168,253.80575887971168,98.68033190249375,-189.13091873580402,189.13091873580402,253.80575887971168,-32.11290262336934,-49.94694455063939
26.24896953742,5262.788471173786,0.0,1053.6137269098713,0.0,3312.77623293369,1551.664819528949,13956.264586965997,10623.011300897453,-21.745360789637196,0.0,-4.22151703647949,0.0,150.11121146991582,-171.8328739032271,229.18064353058696,-334.22150587241316,334.22150587241316,169.17769708477388,-249.34961390031194,249.34961390031194,334.22150587241316,-27.953008243234326,-27.953008243234326,5169.272459909588,2412.71309061608,526.8068634549356,1131.5437362966968,3804.7588256254717,1709.0605596379871,18906.221716703283,14186.522623590414,-21.370669928411722,-9.66702421963113,-2.110758518239745,-4.533759420834468,103.14549256578904,-118.07103709435819,130.60727754125733,-256.5216493640003,256.5216493640003,96.4069282484087,-191.17456030978275,191.17456030978275,256.5216493640003,-32.10432801313695,-49.9343737505207
26.302989845806998,5261.588566789374,0.0,1053.3807475103163,0.0,3312.2858239167276,1551.502342416665,13953.557021606464,10620.940885391437,-22.6788352298846,0.0,-4.404105678827546,0.0,149.6562433399575,-172.30438075960916,226.9437232893286,-336.4873688849131,336.4873688849131,167.4701754332326,-251.07863589620405,251.07863589620405,336.4873688849131,-27.945206909386126,-27.945206909386126,5168.093234170109,2412.1795815768614,526.6903737551581,1131.2935246930329,3804.1955856405593,1708.8816013855649,18902.482523400235,14183.710975527889,-22.287938276143045,-10.085141406546521,-2.202052839413773,-4.729853140279272,102.83287160026116,-118.3950222682399,127.91085344248567,-259.2379608273912,259.2379608273912,94.37774741795688,-193.2185146110945,193.2185146110945,259.2379608273912,-32.09536809803144,-49.92123487391172
26.357010154193002,5260.338235827857,0.0,1053.1379046159977,0.0,3311.7624154145205,1551.3238571598083,13950.713878684232,10618.767280482733,-23.612309670114772,0.0,-4.5866943211722395,0.0,149.2631312395977,-172.77623771054408,224.81505109989413,-338.753844562854,338.753844562854,165.84306662019,-252.80811301499432,252.80811301499432,338.753844562854,-27.937070006805403,-27.937070006805403,5166.864457311634,2411.623485718274,526.5689523079989,1131.0327200461757,3803.594445394991,1708.6850111754038,18898.56089677143,14180.76239439757,-23.205206623857432,-10.5032585934542,-2.2933471605861198,-4.925946859720469,102.56275359356376,-118.71924800160244,125.28880952170702,-261.9546932698338,261.9546932698338,92.40382043401466,-195.2627816397014,195.2627816397014,261.9546932698338,-32.08602277865867,-49.90752786183361
26.41103046258,5259.037478289182,0.0,1052.8851982269077,0.0,3311.206007427051,1551.1293637583715,13947.73515819918,10616.490486171257,-24.545784110362177,0.0,-4.769282963520294,0.0,148.98569306363268,-173.24844475604928,222.88880827812403,-341.02093290631944,341.02093290631944,164.36633390884003,-254.53804525674656,254.53804525674656,341.02093290631944,-27.928597448949922,-27.928597448949922,5165.5861293341195,2411.044803040298,526.4425991134539,1130.761322356117,3802.9554048887453,1708.470789007496,18894.456836816713,14177.676880199358,-24.12247497158876,-10.921375780369592,-2.384641481760147,-5.122040579165274,102.3721182836742,-119.0437142944578,122.80586032030244,-264.6718466914285,264.6718466914285,90.53322095589269,-197.3073613956789,197.3073613956789,264.6718466914285,-32.076291955623965,-49.893252657017754
26.422307692308,5258.759571038918,0.0,1052.831199000002,0.0,3311.0856886734086,1551.0867417523348,13947.096217477116,10616.00216531435,-24.740655373081914,0.0,-4.807400000000926,0.0,148.71545088927496,-173.34706643443914,222.11511983987742,-341.4942854766223,341.4942854766223,163.78203078297466,-254.89924173785374,254.89924173785374,341.4942854766223,-27.926786365141417,-27.926786365141417,5165.313014914647,2410.921148005904,526.415599500001,1130.7033291035527,3802.8172175173013,1708.4238435663328,18893.577059487186,14177.015474296597,-24.313963065390126,-11.008661538464308,-2.403700000000463,-5.162976923077905,102.1864275420352,-119.11147992965306,122.03220782835653,-265.23913024709793,265.23913024709793,89.95305427771298,-197.7342254354818,197.7342254354818,265.23913024709793,-32.07421190655941,-49.89020088270857
26.465050770966997,5257.686294173371,0.0,1052.62262834305,0.0,3310.6165999543277,1550.9188622123584,13944.62086015136,10614.110502457046,-25.47925855060952,0.0,-4.951871605868335,0.0,148.39977998678626,-173.72100189611606,220.42273437981157,-343.28863391526755,343.28863391526755,162.4885838263443,-256.26843262142876,256.26843262142876,343.28863391526755,-27.91978914213047,-27.91978914213047,5164.258250237589,2410.4435335429425,526.311314171525,1130.4793316228618,3802.278464121832,1708.2389348818463,18890.170343536167,14174.454432933298,-25.039743319320028,-11.339492967284954,-2.4759358029341674,-5.318134298610064,101.9695214868042,-119.36842114679999,119.95197851668225,-267.3894210921251,267.3894210921251,88.38707154469625,-199.3522538789892,199.3522538789892,267.3894210921251,-32.06617552132424,-49.87840919940435
26.5,5256.785260375008,0.0,1052.4475000000032,0.0,3310.217693228946,1550.7741465946228,13942.53378861942,10612.51576157264,-26.083183499999695,0.0,-5.069999999999884,0.0,148.19483438292758,-174.02691617094226,219.1319807951238,-344.7560826741484,344.7560826741484,161.5001011978063,-257.3881745222245,257.3881745222245,344.7560826741484,-27.913911659281148,-27.913911659281148,5163.372760374997,2410.0424999999896,526.2237500000016,1130.2912500000045,3801.820315494433,1708.079539791152,18887.299940083998,14172.296670517755,-25.633183500000275,-11.610000000000378,-2.534999999999942,-5.444999999999855,101.82869779314271,-119.57862315803467,118.31499176299926,-269.1478199015612,269.1478199015612,87.15412363108507,-200.67539360544555,200.67539360544555,269.1478199015612,-32.059425169603806,-49.868503345803994
26.519071079353,5256.284683480457,0.0,1052.350194964429,0.0,3309.9941929963616,1550.6923525217726,13941.370984540848,10611.627329340157,-26.412732990839693,0.0,-5.134460248213029,0.0,147.8398717657291,-174.19390913073568,218.00216897915675,-345.55694758965655,345.55694758965655,160.6446400563951,-257.9992751090091,257.9992751090091,345.55694758965655,-27.91064526451497,-27.91064526451497,5162.880820022062,2409.81967722622,526.1750974822145,1130.1867478464146,3801.563623094264,1707.9894487984575,18885.70141692986,14171.095052599454,-25.957011667034415,-11.757610154192603,-2.5672301241065143,-5.514228018051246,101.58479333301038,-119.69336855862299,117.12936683848494,-270.1074164718735,270.1074164718735,86.26415136952873,-201.3974590895947,201.3974590895947,270.1074164718735,-32.055673680387294,-49.86299773704968
26.57309138774,5254.8326462103805,0.0,1052.0678980910359,0.0,3309.338786553132,1550.4498346866062,13937.985531367513,10609.040966820488,-27.346207431087095,0.0,-5.317048890561083,0.0,147.3866541085787,-174.66716645992565,215.76831206531227,-347.8258739295704,347.8258739295704,158.93939401950414,-259.7305727195515,259.7305727195515,347.8258739295704,-27.90116631517111,-27.90116631517111,5161.4538386874965,2409.1732340901067,526.0339490455179,1129.8835710267647,3800.8108818060177,1707.7223307573217,18881.05005699765,14167.598739197709,-26.87428001476574,-12.175727341107995,-2.6585244452805417,-5.710321737496051,101.27337516491667,-120.01855652993885,114.4350476352231,-272.82583283077406,272.82583283077406,84.23653417574134,-203.44297702757083,203.44297702757083,272.82583283077406,-32.04478700599765,-49.84701888335119
26.627111696126,5253.330182363198,0.0,1051.7757377228809,0.0,3308.6503806246596,1550.1913087068679,13934.464500631473,10606.351414898136,-28.279681871317212,0.0,-5.499637532905763,0.0,147.1073788167865,-175.14077388366834,213.83885429087124,-350.0954129349248,350.0954129349248,157.4602730575995,-261.4623254529919,261.4623254529919,350.0954129349248,-27.89135299503014,-27.89135299503014,5159.977306233937,2408.5042041346264,525.8878688614404,1129.569801163924,3800.020240257117,1707.4375807584486,18876.216263739687,14163.96549272818,-27.791548362480068,-12.593844528015644,-2.7498187664528815,-5.906415456937233,101.08147752281992,-120.34398506073548,111.94988935249577,-275.54467016872616,275.54467016872616,82.36429366578008,-205.48880769284196,205.48880769284196,275.54467016872616,-32.0335163031823,-49.830473497766675
26.681132004513003,5251.777291938858,0.0,1051.4737138599532,0.0,3307.9289752109225,1549.9167745825484,13930.80789233262,10603.55867357301,-29.213156311564614,0.0,-5.682226175253818,0.0,146.67727861590785,-175.61473140198146,211.64545292550224,-352.365564605804,352.365564605804,155.78507971386182,-263.19453330939433,263.19453330939433,352.365564605804,-27.881205933180205,-27.881205933180205,5158.451222661334,2407.812587359756,525.7368569299766,1129.2454382578794,3799.191698447537,1707.1351988018275,18871.200037155802,14160.195313190745,-28.708816710211394,-13.011961714931036,-2.841113087626909,-6.102509176382038,100.78594398713086,-120.669654151025,109.28336825594202,-278.2639284858307,278.2639284858307,80.35732649411875,-207.53495108548387,207.53495108548387,278.2639284858307,-32.02186229445576,-49.81336235349184
26.735152312900002,5250.173974937384,0.0,1051.1618265022578,0.0,3307.174570311932,1549.6262323136523,13927.015706470997,10600.662742845154,-30.146630751812015,0.0,-5.864814817601873,0.0,146.02910170448862,-176.08903901485613,209.07041731668727,-354.6363289421661,354.6363289421661,153.82638664642133,-264.92719628872686,264.92719628872686,354.6363289421661,-27.87072575871003,-27.87072575871003,5156.875587969713,2407.0983837655053,525.5809132511289,1128.9104823086386,3798.325256377289,1706.8151848874638,18866.00137724609,14156.28820058546,-29.62608505794272,-13.430078901846427,-2.9324074088009366,-6.298602895826844,100.34056401755073,-120.99556380080134,106.35461590007895,-280.98360778203715,280.98360778203715,78.15555895839903,-209.58140720545867,209.58140720545867,280.98360778203715,-32.00982570233309,-49.79568622543431
26.789172621286003,5248.520231358804,0.0,1050.8400756498004,0.0,3306.3871659277015,1549.319681900185,13923.087943046685,10597.663622714617,-31.08010519204213,0.0,-6.047403459946552,0.0,145.4578326698173,-176.56369672228362,206.62997049220778,-356.90770594396884,356.90770594396884,151.96767381877382,-266.66031439095735,266.66031439095735,356.90770594396884,-27.859913100708347,-27.859913100708347,5155.250402159105,2406.3615933518904,525.4200378249002,1128.5649333162069,3797.4209140463904,1706.4775390153632,18860.62028401064,14152.24415491241,-30.54335340565705,-13.848196088754078,-3.023701729973276,-6.494696615268025,99.94802954000062,-121.32171401005847,103.5183431553082,-283.70370805729516,283.70370805729516,76.02249056234837,-211.62817605272843,211.62817605272843,283.70370805729516,-31.997407249329413,-49.77744589021278
26.871203459946997,5245.91256498017,0.0,1050.3326299634089,0.0,3305.1283758923187,1548.8235685102663,13916.864308981883,10592.912083603593,-32.4976034161087,0.0,-6.32466769462073,0.0,145.0325088796967,-177.28514269477466,203.6978847274023,-360.35800552792267,360.35800552792267,149.7199904328763,-269.29295661393644,269.29295661393644,360.35800552792267,-27.842859304409664,-27.842859304409664,5152.687775338433,2405.1995727564254,525.1663149817044,1128.0199546648455,3795.975180269047,1705.931101526321,18852.10014372544,14145.84135209117,-31.936242378125318,-14.483114779990196,-3.162333847310365,-6.792468559607442,99.65577800593897,-121.81743914253538,99.74309431247025,-287.8350356973599,287.8350356973599,73.17835184268736,-214.73683045032934,214.73683045032934,287.8350356973599,-31.9778207824462,-49.748670209984624
26.958236179015,5243.018764587708,0.0,1049.7693757035663,0.0,3303.709635677029,1548.2568463221094,13909.919381724785,10587.610666671411,-34.00153445873049,0.0,-6.618838285070567,0.0,144.23386828822888,-178.05146189543743,199.97909400338156,-364.0202338180344,364.0202338180344,146.88365603089647,-272.0872732078697,272.0872732078697,364.0202338180344,-27.823931415741058,-27.823931415741058,5149.843967927614,2403.90975383004,524.8846878517832,1127.4150395869672,3794.3457420046307,1705.3068929164072,18842.600551760035,14138.702913802425,-33.41406360502669,-15.156748025576526,-3.3094191425352837,-7.108397329824278,99.10701035305453,-122.34399788948697,95.319929538596,-292.21933488585165,292.21933488585165,69.85048535600811,-218.03582535929584,218.03582535929584,292.21933488585165,-31.95608190049385,-49.71672244794986
27.0,5241.5836605000095,0.0,1049.4900000000036,0.0,3302.9984205251617,1547.9701433445791,13906.46181154405,10584.971607182724,-34.72321599999967,0.0,-6.759999999999869,0.0,143.86610502134718,-178.41951313259423,198.22166378735818,-365.7781679820393,365.7781679820393,145.54272052775178,-273.4285830723721,273.4285830723721,365.7781679820393,-27.81454457866461,-27.81454457866461,5148.433660499995,2403.2699999999886,524.7450000000018,1127.1150000000055,3793.52890381946,1704.9911077384095,18837.873907309044,14135.151235465288,-34.12321600000036,-15.480000000000437,-3.3799999999999346,-7.259999999999826,98.85431021867639,-122.59689589606654,93.21602288268309,-294.32358781811706,294.32358781811706,68.26738728427875,-219.6191806648871,219.6191806648871,294.32358781811706,-31.945301018025454,-49.70087486242994
27.045268898082,5239.994072987351,0.0,1049.1805189773736,0.0,3302.2052393904646,1547.6485721290553,13902.622538633563,10582.041403172329,-35.50546550133498,0.0,-6.913008875517029,0.0,143.35464094496012,-178.81868982919718,196.11927646373596,-367.6840523910393,367.6840523910393,143.94255885159615,-274.8827711548083,274.8827711548083,367.6840523910393,-27.804147578185827,-27.804147578185827,5146.871541717157,2402.561306770652,524.5902594886868,1126.7826283691927,3792.6179268290566,1704.6369174038412,18832.627421439727,14131.209041223463,-34.89188483191107,-15.830381271155115,-3.4565044377585146,-7.424326100037477,98.50286935312037,-122.87118105164365,90.79986140742459,-296.6047268009125,296.6047268009125,66.45063351819431,-221.33563200799892,221.33563200799892,296.6047268009125,-31.933359952118728,-49.683318966774436
27.132301617149,5236.838490179067,0.0,1048.566059784825,0.0,3300.615187032611,1546.9987459310978,13894.973779708142,10576.204293106288,-37.00939654393954,0.0,-7.207179465963505,0.0,142.9181136477275,-179.58682649606283,193.0341840046534,-371.3494612469797,371.3494612469797,141.5769717321427,-277.6794504547847,277.6794504547847,371.3494612469797,-27.783509765912363,-27.783509765912363,5143.770496707027,2401.154231578248,524.2830298924125,1126.1227210115146,3790.791734742309,1703.9211749886165,18822.180752764405,14123.359734354204,-36.36970605879551,-16.504014516733733,-3.6035897329817526,-7.740254870250705,98.20291958487473,-123.39898862901158,86.81212793170786,-300.99121144259317,300.99121144259317,63.44623028157547,-224.63625039647675,224.63625039647675,300.99121144259317,-31.909657204674318,-49.64846223280904
27.219334336217003,5233.5520161628165,0.0,1047.9259981259127,0.0,3298.9394786034477,1546.3073677282287,13886.973104948423,10570.099336473211,-38.513327586561324,0.0,-7.501350056413343,0.0,141.80789616850996,-180.35587189604306,188.77013372707077,-375.016460385897,375.016460385897,138.3355873760883,-280.4773111078306,280.4773111078306,375.016460385897,-27.762020938039882,-27.762020938039882,5140.540832897191,2399.688528252809,523.9629990629563,1125.435317513926,3788.8671657443633,1703.159665670724,18811.260545733945,14115.154993194554,-37.84752728569688,-17.177647762320063,-3.7506750282066714,-8.056183640467541,97.44005898553841,-123.9274206215967,82.01430050154283,-305.3787888109436,305.3787888109436,59.84004296450878,-227.93768052476688,227.93768052476688,305.3787888109436,-31.88497705674058,-49.61215595474431
27.306367055284003,5230.134650938677,0.0,1047.260334000652,0.0,3297.1781141030147,1545.5744375204638,13878.6205143546,10563.72653327325,-40.01725862916582,0.0,-7.795520646859805,0.0,141.14704568252483,-181.12582602912028,185.29247568767144,-378.6850498077075,378.6850498077075,135.67838011125664,-283.276353113882,283.276353113882,378.6850498077075,-27.739683725371385,-27.739683725371385,5137.182550287719,2398.1641967943706,523.630167000326,1124.7204178764412,3786.844219835266,1702.3523894501816,18799.866800348587,14106.594817744703,-39.32534851258126,-17.851281007898653,-3.8977603234299023,-8.372112410680755,96.98597065847873,-124.45647702938695,77.75682454790169,-309.76745890586324,309.76745890586324,56.6352596014318,-231.2399223927936,231.2399223927936,309.76745890586324,-31.85932252982282,-49.57440344228989
27.393399774351,5226.58639450661,0.0,1046.5690674090345,0.0,3295.3310935312907,1544.7999553077952,13869.916007926573,10557.085883506323,-41.52118967177032,0.0,-8.089691237306265,0.0,140.8118970137106,-181.8966888953033,182.38479582832122,-382.3552295124531,382.3552295124531,133.44458520874718,-286.0765764729709,286.0765764729709,382.3552295124531,-27.71650075870916,-27.71650075870916,5133.695648878576,2396.581237202916,523.2845337045172,1123.9780220990533,3784.722897014994,1701.49934632698,18787.999516608223,14097.679208004554,-40.80316973946564,-18.52491425347724,-4.044845618653133,-8.688041180893968,96.75568090071107,-124.98615785238835,73.89099609052163,-314.1572217274024,314.1572217274024,53.72141437843442,-234.54297600059482,234.54297600059482,314.1572217274024,-31.832696645425507,-49.53520801668239
27.480432493419002,5222.907246866573,0.0,1045.8521983510525,0.0,3293.398416888255,1543.983921090214,13860.85958566424,10550.177387172356,-43.0251207143921,0.0,-8.383861827756103,0.0,140.01870882087766,-182.66846049460094,178.67554680191162,-386.0269995001759,386.0269995001759,130.61533892499276,-288.87798118512944,288.87798118512944,386.0269995001759,-27.69247466885544,-27.69247466885544,5130.0801286697215,2394.939649478425,522.9260991755262,1123.2081301817536,3782.5031972835213,1700.6005363011095,18775.658694512702,14088.408163974005,-42.280990966367014,-19.19854749906357,-4.191930913878052,-9.003969951110804,96.21065973909374,-125.51646309060699,69.47438767636483,-318.54807727561143,318.54807727561143,50.39841833040242,-237.84684134820856,237.84684134820856,318.54807727561143,-31.80510242505305,-49.49457301068646
27.5,5222.062044375009,0.0,1045.6875000000036,0.0,3292.9521006442415,1543.794731431986,13858.774981596187,10548.587275212527,-43.3632484999997,0.0,-8.449999999999884,0.0,139.5896804777821,-182.84210249668615,177.40288021111925,-386.85273999420025,386.85273999420025,129.6533361211172,-289.5079817456916,289.5079817456916,386.85273999420025,-27.68695717317842,-27.68695717317842,5129.249544374997,2394.5624999999873,522.8437500000018,1123.031250000006,3781.990598318476,1700.3921558705558,18772.818915026077,14086.27482218901,-42.613248500000275,-19.350000000000495,-4.224999999999942,-9.074999999999825,95.91586270601444,-125.63577722883697,68.17994911052469,-319.53542077546524,319.53542077546524,49.42737301781823,-238.58975889748862,238.58975889748862,319.53542077546524,-31.798765522438316,-49.485239316559216
27.567465212486,5219.09720801865,0.0,1045.109726826723,0.0,3291.380084173951,1543.1263348677385,13851.451247567811,10543.001044271508,-44.5290517569966,0.0,-8.678032418202566,0.0,139.04628144714283,-183.4411408269956,174.65262920895034,-389.700359770792,389.700359770792,127.5530817060865,-291.68056725029345,291.68056725029345,389.700359770792,-27.66760831586285,-27.66760831586285,5126.3359896612355,2393.2394336209363,522.5548634133615,1122.4107421245596,3780.1851206409,1699.6559593725906,18762.844334062313,14078.781685653263,-43.75881219325139,-19.87218074464213,-4.339016209101283,-9.319898721324003,95.54247846558218,-126.04739274403077,64.84224906643298,-322.94002555038963,322.94002555038963,46.91531413693803,-241.15151843555884,241.15151843555884,322.94002555038963,-31.776543153506395,-49.45250206063511
27.654497931553,5215.1562779627975,0.0,1044.3416528360372,0.0,3289.2760953883576,1542.2271966403594,13841.690993637178,10535.556854803699,-46.0329827996011,0.0,-8.972203008649027,0.0,138.43505863453467,-184.21472989249605,171.26181959796077,-393.37531032434305,393.37531032434305,124.96039041664498,-294.48433466849497,294.48433466849497,393.37531032434305,-27.641903872034497,-27.641903872034497,5122.463231853079,2391.48058963043,522.1708264180186,1121.585857927462,3777.7686670871044,1698.6656155414123,18749.556435256905,14068.799773042227,-45.23663342013577,-20.54581399022072,-4.486101504324513,-9.635827491537217,95.12249066149633,-126.5789468126657,60.644449027996075,-327.3330665517875,327.3330665517875,43.754861453727,-244.45700726268362,244.45700726268362,327.3330665517875,-31.74702132569883,-49.40899793776957
27.741530650621,5211.084456698974,0.0,1043.547976378986,0.0,3287.086450531449,1541.286506408066,13831.57882387223,10527.844818768845,-47.53691384222289,0.0,-9.266373599098864,0.0,137.4853270956306,-184.9892276911112,167.27861971592668,-397.05185116087154,397.05185116087154,121.92763778299805,-297.28928343976634,297.28928343976634,397.05185116087154,-27.615364197422174,-27.615364197422174,5118.461855245205,2389.663117506887,521.773988189493,1120.7334775904517,3775.2538366221042,1697.6295048075638,18735.794998096324,14058.462426140773,-46.714454647037144,-21.21944723580705,-4.633186799549432,-9.951756261754053,94.46990431284004,-127.11112529651793,56.039601536521076,-331.72720027985537,331.72720027985537,40.29203066254436,-247.763307829621,247.763307829621,331.72720027985537,-31.716540226430297,-49.36406430197998
27.828563369688,5206.881744227268,0.0,1042.7286974555877,0.0,3284.8111496032757,1540.3042641708796,13821.1147382732,10519.864936167114,-49.040844884827386,0.0,-9.560544189545325,0.0,136.9794312260021,-185.76463422282328,164.0721322551515,-400.72998228029303,400.72998228029303,119.47187151943004,-300.095413564043,300.095413564043,400.72998228029303,-27.587991922828976,-27.587991922828976,5114.331859837705,2387.7870172503476,521.3643487277939,1119.853601113547,3772.6406292459587,1696.547627171068,18721.560022580892,14047.769644949141,-48.192275873921524,-21.89308048138564,-4.780272094772663,-10.267685031967266,94.12228951345985,-127.64392819557521,51.96845425631906,-336.1224267344923,336.1224267344923,37.22566288545073,-251.07042013629484,251.07042013629484,336.1224267344923,-31.685102877206248,-49.31770453214521
27.877692307691998,5204.451565562787,0.0,1042.2549190000066,0.0,3283.4889462690007,1539.7314520589284,13815.052491424243,10515.242114712493,-49.88979612691747,0.0,-9.726599999998841,0.0,136.72451016965573,-186.20274328332388,162.3157476382524,-402.8069459044619,402.8069459044619,118.12546709363613,-301.6799623952374,301.6799623952374,402.8069459044619,-27.57217411094394,-27.57217411094394,5111.943732515437,2386.7020926212945,521.1274595000033,1119.34477987279,3771.1220646187003,1695.91671089566,18713.31544853103,14041.576748513837,-49.02648843461042,-22.273338461536593,-4.863299999999421,-10.446023076921788,93.94712632834687,-127.94496483634553,49.707197069810995,-338.6039624684007,338.6039624684007,35.52211425378271,-252.93760426031739,252.93760426031739,338.6039624684007,-31.666935951600642,-49.29090675438371
27.915596088755,5202.548140547634,0.0,1041.8838160658331,0.0,3282.4501926038124,1539.2804699287901,13810.298736839964,10511.617206998422,-50.54477592743188,0.0,-9.854714779991788,0.0,136.06639885331109,-186.5409494876412,160.15315591401685,-404.40970368264965,404.40970368264965,116.48682780188074,-302.9027250413572,302.9027250413572,404.40970368264965,-27.55979000243707,-27.55979000243707,5110.073245630536,2385.852288860791,520.9419080329166,1118.9462284967399,3769.9290449586388,1695.4199826319134,18706.851508710446,14036.721429467214,-49.670097100805954,-22.566713726964228,-4.927357389995894,-10.58361380218048,93.49492015918214,-128.17735550984366,47.407736505046344,-340.51874591574887,340.51874591574887,33.79561418699025,-254.37834418274335,254.37834418274335,340.51874591574887,-31.652712670936353,-49.26992243653002
28.0,5198.220412000009,0.0,1041.0400000000038,0.0,3280.0787335861846,1538.2479108568436,13799.473298775838,10503.362765662052,-52.003280999999724,0.0,-10.139999999999883,0.0,135.82854337541855,-187.29468426321802,157.485849656983,-407.97979871063103,407.97979871063103,114.43382538804453,-305.62637054218305,305.62637054218305,407.97979871063103,-27.53164937106311,-27.53164937106311,5105.820411999995,2383.919999999986,520.5200000000019,1118.040000000005,3767.2053989914803,1694.282684187591,18692.13496323508,14025.667430688913,-51.10328100000031,-23.220000000000525,-5.069999999999942,-10.88999999999984,93.33148319676968,-128.69526715634595,43.763494344346256,-344.7833187736061,344.7833187736061,31.047647155799975,-257.5871283032504,257.5871283032504,344.7833187736061,-31.62039285575706,-49.22222750198712
28.002628807822,5198.083645660074,0.0,1041.013332209723,0.0,3280.0035795330596,1538.2151236817967,13799.13081957253,10503.101631262776,-52.04870697003638,0.0,-10.148885370438235,0.0,135.33631045612208,-187.31817348556487,156.55433153001078,-408.09101536794134,408.09101536794134,113.73961125248407,-305.711217871709,305.711217871709,408.09101536794134,-27.530760458820488,-27.530760458820488,5105.686012623694,2383.8589323382193,520.5066661048616,1118.011359740029,3767.119083760145,1694.2465711901002,18691.66945648499,14025.317779694991,-51.147918327690334,-23.240346972542785,-5.074442685219117,-10.899542572393694,92.99325658184355,-128.71140723932328,43.06700386341716,-344.9161578236248,344.9161578236248,30.528982998550696,-257.6870799689662,257.6870799689662,344.9161578236248,-31.619371930568477,-49.220720630633195
28.089661526889998,5193.488259564532,0.0,1040.117245887246,0.0,3277.471310390987,1537.1082254298874,13787.610986470761,10494.318208960061,-53.552638012658164,0.0,-10.443055960888072,0.0,134.86928877023587,-188.09630621660335,153.41587389075798,-411.7739173362107,411.7739173362107,111.3343814277604,-308.52089205513056,308.52089205513056,411.7739173362107,-27.500906169098563,-27.500906169098563,5101.170160817131,2381.8069476826054,520.058622943623,1117.0489948434044,3764.210745650442,1693.027392845614,18676.013865904333,14013.558695632337,-52.62573955459171,-23.913980218129115,-5.221527980444036,-11.21547134261053,92.67235329049083,-129.24608338402027,39.04260172222345,-349.31466245817103,349.31466245817103,27.497340181862704,-260.99662749500175,260.99662749500175,349.31466245817103,-31.58508396050486,-49.170102846416206
28.176694245957,5188.761982261117,0.0,1039.195557098423,0.0,3274.8533851776538,1535.9597751730869,13775.739237534923,10485.26694009049,-55.05656905526266,0.0,-10.737226551334533,0.0,134.26351835626255,-188.87534768073866,150.03460597737933,-415.4584095873728,415.4584095873728,108.74877825654413,-311.3317475915575,311.3317475915575,415.4584095873728,-27.47022980260587,-27.47022980260587,5096.525690210948,2379.6963348939985,519.5977785492115,1116.0591338068873,3761.2040306295976,1691.7624475984828,18659.88473696885,14001.44417727952,-54.10356078147609,-24.587613463707704,-5.368613275667267,-11.531400112823743,92.25611197767205,-129.78138394392224,34.85135804350387,-353.7142598192861,353.7142598192861,24.341757937298855,-264.3069867607738,264.3069867607738,353.7142598192861,-31.549851826504714,-49.11807255894692
28.263726965024002,5183.904813749773,0.0,1038.2482658432439,0.0,3272.1498038930313,1534.769772911383,13763.515572764885,10475.947824653957,-56.56050009786722,0.0,-11.03139714178101,0.0,133.11821293336382,-189.6552978779798,145.70915179838116,-419.14449212147014,419.14449212147014,105.46177957372477,-314.143784481022,314.143784481022,419.14449212147014,-27.4387339901446,-27.4387339901446,5091.752600805094,2377.5270939723755,519.1241329216219,1115.0417766304672,3758.0989386975793,1690.4517354486927,18643.282069678353,13988.974224636411,-55.58138200836052,-25.261246709286322,-5.515698570890505,-11.84732888303697,91.46914149874259,-130.3173089190354,30.011338324090495,-358.114949907021,358.114949907021,20.704227776791043,-267.6181577663204,267.6181577663204,358.114949907021,-31.513678550072406,-49.0646332047434
28.5,5170.058763375008,0.0,1035.5475000000038,0.0,3264.378319350991,1531.3296816191516,13728.556763083001,10449.298078531301,-60.643313499999756,0.0,-11.829999999999883,0.0,131.11143251748908,-191.77725843218988,135.89586503060633,-429.15934413133175,429.15934413133175,97.97154877273616,-321.78374946184647,321.78374946184647,429.15934413133175,-27.349111722258826,-27.349111722258826,5078.146263374996,2371.3424999999843,517.7737500000019,1112.1412500000056,3749.1733058384734,1686.6626926895153,18595.822051936066,13953.329060965005,-59.59331350000028,-27.090000000000554,-5.914999999999941,-12.70499999999984,90.09022814217253,-131.77536567859354,18.19750737380126,-370.06728181253936,370.06728181253936,11.813983084823688,-276.61128888217223,276.61128888217223,370.06728181253936,-31.41074641981833,-48.912470514579724
29.0,5137.577098500009,0.0,1029.210000000004,0.0,3245.850857938661,1523.04004371891,13646.025374517674,10386.393213820273,-69.28334599999972,0.0,-13.519999999999884,0.0,127.04875198267682,-196.2898250036017,115.45113346968496,-450.39137625630246,450.39137625630246,82.36003157748026,-337.98011850468185,337.98011850468185,450.39137625630246,-27.13977805807869,-27.13977805807869,5046.227098499994,2356.8299999999845,514.605000000002,1105.3350000000055,3727.8943188594544,1677.5321813763285,18483.880181129032,13869.259713017278,-68.0833460000003,-30.96000000000055,-6.759999999999942,-14.51999999999984,87.29864994626519,-134.87607279557974,-6.581545094036613,-395.38730989226525,395.38730989226525,-6.835101069855897,-295.6622406342543,295.6622406342543,395.38730989226525,-31.170324474510963,-48.556536225068854
29.5,5100.775417375011,0.0,1022.0275000000038,0.0,3224.496349349195,1513.3789971561189,13551.879133079861,10314.648171528968,-77.9233784999997,0.0,-15.209999999999884,0.0,123.01606385030453,-200.8323839774535,95.05888861303347,-471.6758950855431,471.6758950855431,66.78750450539633,-354.21547767068915,354.21547767068915,471.6758950855431,-26.90422025614727,-26.90422025614727,5010.062917374996,2340.3824999999842,511.0137500000019,1097.6212500000054,3703.368438054425,1666.8911502480305,18356.309350813986,13773.459386845741,-76.57337850000029,-34.83000000000055,-7.604999999999942,-16.33499999999984,84.52768034509643,-137.99738850730455,-31.324532521081913,-420.74340301278363,420.74340301278363,-25.457394051375275,-314.7399835594965,314.7399835594965,420.74340301278363,-30.89978382738437,-48.15518796112424
30.0,5059.65372000001,0.0,1014.0000000000039,0.0,3200.314793582592,1502.3465419307784,13446.118038769555,10234.062951657383,-86.56341099999968,0.0,-16.899999999999885,0.0,119.0133681203722,-205.40493535374526,74.71913046065197,-493.01290061905365,493.01290061905365,51.253967556484305,-370.4898269598684,370.4898269598684,493.01290061905365,-26.64293714421469,-26.64293714421469,4969.653719999997,2321.999999999984,507.00000000000193,1089.0000000000055,3675.5956634233844,1654.7395993046214,18213.109560990913,13665.928082450388,-85.06341100000026,-38.70000000000055,-8.449999999999942,-18.14999999999984,81.77731933866626,-141.1393128137679,-56.03145490733467,-446.13556117409445,446.13556117409445,-44.05289585973446,-333.8445176578989,333.8445176578989,446.13556117409445,-30.59969738742823,-47.709105372143824
30.5,5014.212006375013,0.0,1005.1275000000038,0.0,3173.3061906388525,1489.9426780428882,13328.742091586764,10144.637554205525,-95.20344349999965,0.0,-18.589999999999883,0.0,115.04066479287987,-210.00747913247702,54.4318590125404,-514.4023928568341,514.4023928568341,35.75942073074428,-386.80316637221966,386.80316637221966,514.4023928568341,-26.356427550031093,-26.356427550031093,4924.999506374997,2301.6824999999835,502.5637500000019,1079.4712500000055,3644.5759949663316,1641.0775285461013,18054.280811659817,13546.665799831217,-93.55344350000023,-42.570000000000555,-9.294999999999941,-19.96499999999984,79.04756692697467,-144.30184571496986,-80.70231225279491,-471.5637843761978,471.5637843761978,-62.621606494933495,-352.9758429294614,352.9758429294614,471.5637843761978,-30.270638063632305,-47.218980665220634
31.0,4964.4502765000125,0.0,995.4100000000043,0.0,3143.4705405179766,1476.1674054924486,13199.751291531482,10046.371979173387,-103.84347599999961,0.0,-20.279999999999884,0.0,111.0979538678275,-214.64001531364875,34.19707426869878,-535.8443717988846,535.8443717988846,20.303864028176264,-403.1554959077429,403.1554959077429,535.8443717988846,-26.045190301346608,-26.045190301346608,4876.1002764999985,2279.4299999999835,497.70500000000214,1069.0350000000055,3610.3094326832675,1625.90493797247,17879.82310282071,13415.672538988238,-102.0434760000002,-46.44000000000055,-10.139999999999942,-21.77999999999984,76.33842311002168,-147.48498721091042,-105.33710455746262,-497.0280726190938,497.0280726190938,-81.16352595697235,-372.13395937418414,372.13395937418414,497.0280726190938,-29.913178764986284,-46.685518605142796
31.5,4910.368530375014,0.0,984.8475000000043,0.0,3110.8078432199645,1461.0207242794593,13059.145638603713,9939.266226560974,-112.48350849999959,0.0,-21.969999999999885,0.0,107.18523534521508,-219.30254389726048,14.014776229127078,-557.3388374452051,557.3388374452051,4.887297448780125,-419.54681556643806,419.54681556643806,557.3388374452051,-25.709792711265216,-25.709792711265216,4822.956030374998,2255.2424999999835,492.42375000000214,1057.691250000006,3572.7959765741925,1609.2218275837276,17689.73643447358,13272.948299921438,-110.53350850000017,-50.31000000000056,-10.984999999999943,-23.59499999999984,73.64988788780728,-150.68873730158958,-129.93583182133776,-522.5284259027823,522.5284259027823,-99.67865424585104,-391.31886699206694,391.31886699206694,522.5284259027823,-29.527971056638997,-46.1095151705526
32.0,4851.966768000013,0.0,973.4400000000043,0.0,3075.318098744816,1444.5026344039206,12906.925132803452,9823.320296368278,-121.12354099999956,0.0,-23.659999999999883,0.0,103.30250922504266,-223.99506488331212,-6.115035106174619,-578.8857897957954,578.8857897957954,-10.490279007443984,-435.9771253483052,435.9771253483052,578.8857897957954,-25.350870578244702,-25.350870578244702,4765.566767999998,2229.119999999982,486.72000000000213,1045.440000000006,3532.035626639106,1591.0281973798742,17484.020806618428,13118.493082630826,-119.02354100000014,-54.180000000000554,-11.829999999999941,-25.40999999999984,70.98196126033149,-153.91309598700732,-154.49849404442037,-548.0648442272633,548.0648442272633,-118.16699136156956,-410.53056578311,410.53056578311,548.0648442272633,-29.11574515989838,-45.49185755394659
32.5,4789.244989375014,0.0,961.1875000000043,0.0,3037.0013070925306,1426.6131358658326,12743.089774130704,9698.534188595306,-129.76357349999952,0.0,-25.349999999999884,0.0,99.4497755073102,-228.71757827180375,-26.192359737206367,-600.4852288506557,600.4852288506557,-25.82886534049615,-452.4464252533443,452.4464252533443,600.4852288506557,-24.96905970074291,-24.96905970074291,4703.932489374998,2201.0624999999823,480.59375000000216,1032.281250000006,3488.028382878008,1571.3240473609096,17262.676219255256,12952.3068871164,-127.51357350000012,-58.05000000000055,-12.674999999999942,-27.22499999999984,68.33464322759427,-157.1580632671636,-179.02509122671046,-573.6373275925368,573.6373275925368,-136.62853730412795,-429.7690557473132,429.7690557473132,573.6373275925368,-28.677231296072364,-44.83344550551631
33.0,4722.203194500017,0.0,948.0900000000042,0.0,2995.857468263109,1407.3522286651948,12567.639562585468,9564.907903242061,-138.4036059999995,0.0,-27.039999999999882,0.0,95.62703419201772,-233.4700840627353,-46.21719766396819,-622.137154609786,622.137154609786,-41.12846155037635,-468.9547152815553,468.9547152815553,622.137154609786,-24.564995877217633,-24.564995877217633,4638.053194500002,2171.0699999999824,474.0450000000021,1018.215000000006,3440.7742452908988,1550.1093775268341,17025.702672384068,12774.389713378161,-136.00360600000008,-61.920000000000556,-13.519999999999941,-29.03999999999984,65.70793378959564,-160.4236391420585,-203.51562336820803,-599.2458759986027,599.2458759986027,-155.0632920735261,-449.03433688467646,449.03433688467646,599.2458759986027,-28.213159686468856,-44.13519133314844
33.5,4650.841383375017,0.0,934.1475000000042,0.0,2952.737843479885,1387.354980505742,12382.064205308576,9423.548079898872,-146.83573849999945,0.0,-28.729999999999883,0.0,91.8342852791652,-238.2525822561069,-65.92967388646008,-643.5816920731861,643.5816920731861,-56.181167637084584,-485.2940954329383,485.2940954329383,643.5816920731861,-24.139314906126693,-24.139314906126693,4567.9288833750015,2139.142499999981,467.0737500000021,1003.241250000006,3391.250896469254,1528.0836747458757,16774.81111053994,12586.01254878502,-144.28573850000004,-65.79000000000055,-14.364999999999942,-30.85499999999984,63.1018329463356,-163.709823611692,-227.71021546891308,-624.6306144454614,624.6306144454614,-173.2633556697641,-468.1185091952,468.1185091952,624.6306144454614,-27.724260552395812,-43.398019902424764
34.0,4575.367456000017,0.0,919.3600000000043,0.0,2908.4936939661934,1367.2564590912086,12188.113284440864,9275.769258156073,-155.0599709999995,0.0,-30.419999999999884,0.0,88.07152876875264,-243.06507285191844,-85.32978840468206,-664.8188412408565,664.8188412408565,-70.98698360062093,-501.46456570749336,501.46456570749336,664.8188412408565,-23.68742950358552,-23.68742950358552,4493.767456000002,2105.279999999981,459.68000000000217,987.3600000000059,3340.436019004549,1505.946425886263,16511.972353257952,12388.654280705903,-152.3599710000001,-69.66000000000058,-15.209999999999942,-32.66999999999984,60.516340697814144,-167.0166166760641,-251.60886752882564,-649.7915429331125,649.7915429331125,-191.22872809284203,-487.0215726788838,487.0215726788838,649.7915429331125,-27.205265349400378,-42.613413963095226
34.5,4495.781412375017,0.0,903.7275000000043,0.0,2861.4224972753655,1345.7865290141258,11982.807385700668,9119.358158832996,-163.28420349999953,0.0,-32.109999999999886,0.0,84.33876466078007,-247.90755585016998,-104.67741621863414,-686.1084771127967,686.1084771127967,-85.75380944098532,-517.6740261052204,517.6740261052204,686.1084771127967,-23.210133743274405,-23.210133743274405,4415.568912374998,2069.482499999979,451.86375000000214,970.5712500000067,3286.3742477138335,1482.2986572115392,16233.764511467945,12179.772934402969,-160.4342035000001,-73.53000000000058,-16.054999999999943,-34.48499999999984,57.95145704403128,-170.34401833517478,-275.4714545479458,-674.9885364615564,674.9885364615564,-209.1673093427598,-505.95142733572766,505.95142733572766,674.9885364615564,-26.657086079571116,-41.782559983729136
35.0,4412.083252500013,0.0,887.2500000000048,0.0,2811.5242534074005,1322.9451902744934,11766.146509087974,8954.314781929637,-171.5084359999996,0.0,-33.79999999999988,0.0,80.63599295524746,-252.78003125086144,-123.97255732831621,-707.4505996890068,707.4505996890068,-100.48164515817776,-533.9224766261193,533.9224766261193,707.4505996890068,-22.708221698873665,-22.708221698873665,4333.333252499998,2031.749999999979,443.6250000000024,952.8750000000067,3229.065582597106,1457.1403687217041,15940.187585169922,11959.368509876225,-168.50843600000016,-77.40000000000059,-16.89999999999994,-36.29999999999984,55.407181984987005,-173.69202858902403,-299.2979765262733,-700.2215950307926,700.2215950307926,-227.07909941951738,-524.9080731657317,524.9080731657317,700.2215950307926,-26.0806347449966,-40.9066601166947
35.5,4324.272976375013,0.0,869.9275000000048,0.0,2758.7989623623,1298.7324428723116,11538.130654602799,8780.63912744601,-179.73266849999962,0.0,-35.48999999999988,0.0,76.96321365215483,-257.6824990539929,-143.2152117337284,-728.845208969487,728.845208969487,-115.1704907521982,-550.2099172701903,550.2099172701903,728.845208969487,-22.182487444063632,-22.182487444063632,4247.060476374994,1992.082499999979,434.9637500000024,934.2712500000067,3168.5100236543676,1430.4715604167584,15631.241574363876,11727.44100712566,-176.5826685000002,-81.27000000000058,-17.74499999999994,-38.11499999999984,52.88351552068133,-177.0606474376119,-323.08843346380826,-725.4907186408215,725.4907186408215,-244.96409832311483,-543.891510168896,543.891510168896,725.4907186408215,-25.47682334776536,-39.98693219815901
36.0,4232.350584000013,0.0,851.7600000000043,0.0,2703.2466241400625,1273.1482868075802,11298.759822245132,8598.3311953821,-187.95690099999968,0.0,-37.179999999999886,0.0,73.32042675150218,-262.61495925956433,-162.40537943487058,-750.2923049542371,750.2923049542371,-129.8203462230467,-566.5363480374332,566.5363480374332,750.2923049542371,-21.633725052524582,-21.633725052524582,4156.750583999994,1950.479999999979,425.88000000000216,914.7600000000067,3104.7075708856173,1402.2922322967013,15306.926479049813,11483.990426151284,-184.65690100000023,-85.14000000000058,-18.589999999999943,-39.92999999999984,50.38045765111424,-180.44987488093835,-346.84282536055065,-750.7959072916427,750.7959072916427,-262.8223060535521,-562.9017383452205,562.9017383452205,750.7959072916427,-24.846563889965935,-39.02460974808802
36.5,4136.31607537501,0.0,832.7475000000043,0.0,2644.867238740688,1246.1927220802993,11048.034012014972,8407.390985737908,-196.1811334999997,0.0,-38.869999999999884,0.0,69.70763225328949,-267.57741186757573,-181.54306043174287,-771.7918876432569,771.7918876432569,-144.43121157072326,-582.9017689278479,582.9017689278479,771.7918876432569,-21.062728597936847,-21.062728597936847,4062.4035753749945,1906.942499999979,416.37375000000213,894.3412500000077,3037.6582242908557,1372.6023843615333,14967.242299227732,11229.016766953095,-192.73113350000028,-89.01000000000059,-19.434999999999942,-41.74499999999983,47.89800837628573,-183.8597109190034,-370.5611522165007,-776.1371609832566,776.1371609832566,-280.65372261082916,-581.938757694705,581.938757694705,776.1371609832566,-24.190768373686936,-38.020941970246696
37.0,4036.1694505000096,0.0,812.8900000000052,0.0,2583.6608061641778,1217.865748690469,10785.953223912331,8207.818498513447,-204.40536599999976,0.0,-40.55999999999988,0.0,66.12483015751677,-272.56985687802717,-200.62825472434514,-793.3439570365471,793.3439570365471,-159.00308679522783,-599.3061799414348,599.3061799414348,793.3439570365471,-20.470292153980708,-20.470292153980708,3964.0194504999904,1861.469999999979,406.4450000000026,873.0150000000076,2967.3619838700833,1341.4020166112537,14612.189034897625,10962.520029531088,-200.80536600000033,-92.88000000000058,-20.27999999999994,-43.559999999999825,45.436167696195824,-187.290155551807,-394.24341403165806,-801.514479715663,801.514479715663,-298.4583479949461,-601.0025682173498,601.0025682173498,801.514479715663,-23.51034880101689,-36.977193752198794
37.5,3931.910709375006,0.0,792.1875000000052,0.0,2519.6273264105307,1188.167366638089,10512.517457937194,7999.613733708701,-212.6295984999998,0.0,-42.249999999999886,0.0,62.572020464184014,-277.5922942909185,-219.66096231267753,-814.948513134107,814.948513134107,-173.53597189656045,-615.7495810781937,615.7495810781937,814.948513134107,-19.857209794336512,-19.857209794336512,3861.5982093749903,1814.062499999979,396.0937500000026,850.7812500000076,2893.8188496232992,1308.6911290458634,14241.766686059504,10684.500213885269,-208.87959850000038,-96.75000000000058,-21.124999999999943,-45.37499999999982,42.9949356108445,-190.74120877934925,-417.889610806023,-826.927863488862,826.927863488862,-316.2361822059029,-620.0931699131548,620.0931699131548,826.927863488862,-22.806217174044335,-35.89464566530702
38.0,3823.539852000006,0.0,770.6400000000052,0.0,2452.766799479747,1157.0975759231599,10227.726714089573,7782.776691323683,-220.85383099999984,0.0,-43.939999999999884,0.0,59.04920317329125,-282.6447241062498,-238.64118319673995,-836.6055559359368,836.6055559359368,-188.02986687472108,-632.2319723381244,632.2319723381244,836.6055559359368,-19.22427559268455,-19.22427559268455,3755.1398519999866,1764.719999999977,385.3200000000026,827.6400000000076,2817.028821550504,1274.4697216653622,13855.975252713353,10394.957320015628,-216.9538310000004,-100.62000000000059,-21.969999999999942,-47.18999999999983,40.57431212023177,-194.21287060163004,-441.4997425395952,-852.3773123028534,852.3773123028534,-333.98722524369947,-639.2105627821198,639.2105627821198,852.3773123028534,-22.079285494857913,-34.77459396473302
38.5,3711.056878375006,0.0,748.2475000000053,0.0,2383.0792253718278,1124.6563765456808,9931.580992369463,7557.307371358387,-229.07806349999987,0.0,-45.62999999999988,0.0,55.556378284838445,-287.7271463240211,-257.5689173765324,-858.3150854420367,858.3150854420367,-202.4847717297098,-648.7533537212273,648.7533537212273,858.3150854420367,-18.572283622705143,-18.572283622705143,3644.6443783749864,1713.4424999999771,374.12375000000264,803.5912500000077,2736.9918996516967,1238.7377944697494,13454.81473485919,10093.891347922181,-225.02806350000046,-104.49000000000058,-22.81499999999994,-49.004999999999825,38.17429722435762,-197.70514101864944,-465.0738092323751,-877.8628261576374,877.8628261576374,-351.7114771083359,-658.3547468242451,658.3547468242451,877.8628261576374,-21.330465765546066,-33.618350589437185
39.0,3594.461788500002,0.0,725.0100000000052,0.0,2310.564604086771,1090.8437685056524,9624.08029277686,7323.20577381281,-237.30229599999993,0.0,-47.31999999999989,0.0,52.09354579882561,-292.8395609442324,-276.4441648520549,-880.0771016524064,880.0771016524064,-216.9006864615265,-665.3137252275019,665.3137252275019,880.0771016524064,-17.902027958078605,-17.902027958078605,3530.111788499983,1660.229999999977,362.5050000000026,778.6350000000076,2653.7080839268783,1201.4953474590259,13038.285132497003,9781.302297604912,-233.1022960000005,-108.36000000000058,-23.659999999999943,-50.81999999999982,35.79489092322207,-201.21802003040744,-488.61181088436234,-903.384405053214,903.384405053214,-369.4089377998122,-677.5257220395305,677.5257220395305,903.384405053214,-20.560669988197418,-32.42724316217901
39.5,3473.754582375002,0.0,700.9275000000052,0.0,2235.222935624578,1055.6597518030744,9305.224615311772,7080.471898686958,-245.52652849999996,0.0,-49.009999999999884,0.0,48.66070571525275,-297.98196796688364,-295.2669256233075,-901.891604567046,901.891604567046,-231.27761107017125,-681.9130868569486,681.9130868569486,901.891604567046,-17.214302672485218,-17.214302672485218,3411.542082374983,1605.082499999977,350.4637500000026,752.7712500000076,2567.177374376049,1162.742380633191,12606.386445626802,9457.190169063835,-241.17652850000053,-112.23000000000059,-24.504999999999942,-52.63499999999983,33.4360932168251,-204.75150763690402,-512.113747495557,-928.942048989583,928.942048989583,-387.07960731812824,-696.7234884279761,696.7234884279761,928.942048989583,-19.770810164900496,-31.202614989516718
40.0,3348.935259999998,0.0,676.0000000000052,0.0,2157.0542199852484,1019.104326437947,8975.01395997419,6829.105745980826,-253.750761,0.0,-50.69999999999988,0.0,45.25785803411988,-303.1543673919748,-314.03719969029004,-923.7585941859558,923.7585941859558,-245.61554555564402,-698.5514386095671,698.5514386095671,923.7585941859558,-16.509901839605305,-16.509901839605305,3288.935259999979,1547.999999999977,338.0000000000026,726.0000000000076,2477.399770999208,1122.4788939922455,12159.118674248575,9121.554962298937,-249.25076100000058,-116.10000000000058,-25.34999999999994,-54.449999999999825,31.097904105166737,-208.30560383813918,-535.5796190659593,-954.5357579667444,954.5357579667444,-404.7234856632842,-715.9480459895818,715.9480459895818,954.5357579667444,-18.96179829774387,-29.94582506180754
40.5,3220.003821375,0.0,650.2275000000052,0.0,2076.0584571687828,981.17749241027,8633.448326764128,6569.107315694424,-261.97499350000004,0.0,-52.38999999999989,0.0,41.885002755426946,-308.356759219506,-332.7549870530027,-945.6780705091355,945.6780705091355,-259.9144899179449,-715.2287804853578,715.2287804853578,945.6780705091355,-15.789619533119208,-15.789619533119208,3162.2913213749807,1488.982499999977,325.1137500000026,698.3212500000076,2384.375273796355,1080.7048875361884,11696.481818362337,8774.396677310231,-257.32499350000063,-119.97000000000058,-26.194999999999943,-56.26499999999982,28.780323588246944,-211.88030863411294,-559.0094255955689,-980.1655319846988,980.1655319846988,-422.34057283527994,-735.1993947243478,735.1993947243478,980.1655319846988,-18.134546388816133,-28.658248053207593
41.0,3086.960266499996,0.0,623.6100000000052,0.0,1992.2356471751805,941.8792497200434,8280.527715681568,6300.476607827736,-270.19922600000007,0.0,-54.079999999999885,0.0,38.69226314084934,-313.58914344947715,-351.15757200351356,-967.650033536585,967.650033536585,-273.9792839168958,-731.9451124843202,731.9451124843202,967.650033536585,-15.054249826707206,-15.054249826707206,3031.610266499977,1428.0299999999752,311.8050000000026,669.7350000000085,2288.103882767492,1037.4203612650206,11218.47587796807,8415.715314097703,-265.3992260000007,-123.84000000000059,-27.039999999999942,-58.07999999999983,26.586505438655145,-215.47562202482527,-582.2226479823546,-1005.8313710434453,1005.8313710434453,-439.7967689297493,-754.477534632274,754.477534632274,1005.8313710434453,-17.289966440205788,-27.341274321671833
41.5,2949.804595374996,0.0,596.1475000000053,0.0,1905.5857900044418,901.2095983672675,7916.2521267265265,6023.213622380776,-278.42345850000015,0.0,-55.76999999999988,0.0,35.67963919038705,-318.8515200818882,-369.24495454182266,-989.6744832683044,989.6744832683044,-287.80992755249684,-748.7004346064548,748.7004346064548,989.6744832683044,-14.304586794049627,-14.304586794049627,2896.892095374977,1365.1424999999751,298.07375000000263,640.2412500000086,2188.585597912617,992.6253151787413,10725.10085306579,8045.510872661365,-273.47345850000073,-127.71000000000058,-27.88499999999994,-59.894999999999825,24.516449656391327,-219.0915440102762,-605.2192862263164,-1031.5332751429844,1031.5332751429844,-457.0920739466923,-773.7824657133601,773.7824657133601,1031.5332751429844,-16.428970454001416,-25.99630990895414
42.0,2808.536807999996,0.0,567.8400000000053,0.0,1816.1088856565664,859.168538351942,7540.621559898995,5737.318359353539,-286.56684100000007,0.0,-57.45999999999988,0.0,32.69700764236473,-324.14388911673933,-387.17878787586164,-1011.6503572042938,1011.6503572042938,-301.52073106492577,-765.413896851761,765.413896851761,1011.6503572042938,-13.541424508826736,-13.541424508826736,2758.136807999977,1300.3199999999752,283.92000000000263,609.8400000000086,2085.8204192317303,946.3197492773512,10216.356743655488,7663.783353001213,-281.46684100000067,-131.58000000000058,-28.72999999999994,-61.70999999999982,22.46700246886609,-222.72807459046572,-628.0787969294854,-1057.1701817833161,1057.1701817833161,-474.27973779047505,-793.0333379676065,793.0333379676065,1057.1701817833161,-15.552470432291585,-24.62477654060737
42.5,2663.237754375,0.0,538.6875000000052,0.0,1723.8049341315545,815.7560696740669,7153.737077698978,5442.871668746027,-294.62937350000004,0.0,-59.149999999999885,0.0,29.74436849678238,-329.4662505540304,-404.95907200563073,-1033.577655344553,1033.577655344553,-315.11169445418284,-782.0854992202395,782.0854992202395,1033.577655344553,-12.764028769643872,-12.764028769643872,2615.425254374977,1233.5624999999752,269.3437500000026,578.5312500000085,1979.8083467248323,898.5036635608499,9692.344612237168,7270.613605117245,-289.3793735000006,-135.45000000000059,-29.574999999999942,-63.52499999999983,20.438163876079454,-226.38521376539381,-650.8011800918621,-1082.7420909644402,1082.7420909644402,-491.3597604610977,-812.230151395013,812.230151395013,1082.7420909644402,-14.659623136946067,-23.225088613389545
43.0,2513.9074345,0.0,508.6900000000052,0.0,1628.6739354294064,770.9721923336424,6755.598680126469,5139.873550558234,-302.691906,0.0,-60.83999999999988,0.0,26.907506474597348,-334.81860439376135,-422.5367461694545,-1055.5574401890822,1055.5574401890822,-328.5521475830233,-798.7960917118897,798.7960917118897,1055.5574401890822,-11.97328916737348,-11.97328916737348,2468.757434499977,1164.869999999975,254.3450000000026,546.3150000000086,1870.5493803919233,849.1770580292376,9153.064458810826,6866.001629009464,-297.2919060000006,-139.3200000000006,-30.41999999999994,-65.33999999999982,18.488878890939628,-230.0629615350605,-673.3843444408566,-1108.350065186357,1108.350065186357,-508.3363634417794,-831.4537559955795,831.4537559955795,1108.350065186357,-13.75145027256714,-21.798874009493183
43.5,2360.545848375,0.0,477.84750000000525,0.0,1530.7158895501216,724.8169063306683,6346.206367181471,4828.324004790163,-310.7544385,0.0,-62.52999999999988,0.0,24.615345180596297,-340.20095063593243,-439.1611940589563,-1077.5897117378815,1077.5897117378815,-341.2844897652247,-815.5456743267121,815.5456743267121,1077.5897117378815,-11.170095292888092,-11.170095292888092,2318.133348374981,1094.2424999999753,238.92375000000263,513.1912500000086,1758.0435202330025,798.3399326825142,8598.516283376468,6449.947424677871,-305.20443850000055,-143.1900000000006,-31.26499999999994,-67.15499999999983,16.913872577987732,-233.76131789946584,-695.3125211135225,-1133.9941044490663,1133.9941044490663,-524.8264041486168,-850.7041517693065,850.7041517693065,1133.9941044490663,-12.82897354375703,-20.34777818147564
44.0,2203.152996000004,0.0,446.16000000000525,0.0,1429.9307964937004,677.2902116651449,5925.560138863989,4508.22303144182,-318.81697099999997,0.0,-64.21999999999989,0.0,22.353176289035225,-345.61328928054337,-455.73315524418814,-1099.6744699909505,1099.6744699909505,-353.977841824254,-832.3342470647062,832.3342470647062,1099.6744699909505,-10.355336737060213,-10.355336737060213,2163.552995999981,1021.6799999999752,223.08000000000263,479.1600000000086,1642.2907662480704,745.9922875206796,8028.700085934088,6022.45099212246,-313.11697100000055,-147.06000000000057,-32.10999999999994,-68.96999999999983,15.35947485977443,-237.4802828586097,-717.2046327453957,-1159.674208752568,1159.674208752568,-541.2896536822941,-869.9813387161935,869.9813387161935,1159.674208752568,-11.893214655117916,-18.873464152259153
44.5,2041.7288773750038,0.0,413.6275000000052,0.0,1326.3186562601425,628.3921083370717,5493.659995174011,4179.570630513194,-326.87950349999994,0.0,-65.90999999999988,0.0,20.120999799914127,-351.05562032759434,-472.25262972515003,-1121.8117149482898,1121.8117149482898,-366.63220376011145,-849.1618099258725,849.1618099258725,1121.8117149482898,-9.529903090762275,-9.529903090762275,2005.016377374981,947.1824999999733,206.8137500000026,444.2212500000086,1523.2911184371271,692.134122543734,7443.615866483685,5583.512331343231,-321.0295035000005,-150.93000000000058,-32.95499999999994,-70.78499999999983,13.825685736299716,-241.2198564124922,-739.0606793364765,-1185.3903780968622,1185.3903780968622,-557.7261120428112,-889.2853168362407,889.2853168362407,1185.3903780968622,-10.94519531125205,-17.377612515131005
45.0,1876.2734925000038,0.0,380.25000000000523,0.0,1219.8794688494484,578.1225963464491,5050.505936111547,3842.366802004292,-334.9420359999999,0.0,-67.59999999999988,0.0,17.918815713233002,-356.5279437770853,-488.7196175018419,-1144.001446609899,1144.001446609899,-379.24757557279685,-866.0283629102106,866.0283629102106,1144.001446609899,-8.694683944866881,-8.694683944866881,1842.5234924999809,870.7499999999733,190.12500000000261,408.3750000000086,1401.0445768001725,636.7654377516773,6843.2636250252635,5133.13144234019,-328.9420360000005,-154.80000000000058,-33.79999999999994,-72.59999999999982,12.312505207563595,-244.98003856111325,-760.8806608867645,-1211.1426124819488,1211.1426124819488,-574.135779230168,-908.6160861294479,908.6160861294479,1211.1426124819488,-9.98593721676167,-15.861921433743362
45.5,1706.7868413750039,0.0,346.02750000000617,0.0,1110.613234261618,526.481675693277,4596.097961676595,3496.6115459151133,-343.0045684999999,0.0,-69.28999999999988,0.0,15.746624028991842,-362.03025962901614,-505.1341185742639,-1166.2436649757778,1166.2436649757778,-391.8239572623104,-882.9339060177207,882.9339060177207,1166.2436649757778,-7.850568890246464,-7.850568890246464,1676.0743413749847,792.3824999999733,173.01375000000309,371.62125000000856,1275.5511413372064,579.8862331445094,6227.6433615588285,4671.308325113338,-336.8545685000005,-158.67000000000058,-34.64499999999994,-74.41499999999982,10.81993327356606,-248.7608293044729,-782.6645773962603,-1236.9309119078284,1236.9309119078284,-590.5186552443648,-927.9736465958156,927.9736465958156,1236.9309119078284,-9.016462076249042,-14.328106642113354
46.0,1533.2689240000038,0.0,310.9600000000062,0.0,998.5199524966507,473.4693463775554,4130.436071869153,3142.304862245656,-351.06710099999987,0.0,-70.97999999999989,0.0,13.604424747190656,-367.56256788338703,-521.4961329424159,-1188.538370045927,1188.538370045927,-404.3613488286519,-899.8784392484029,899.8784392484029,1188.538370045927,-6.998447517773528,-6.998447517773528,1505.6689239999848,712.0799999999733,155.4800000000031,333.96000000000856,1146.810812048229,521.4965087222306,5596.755076084368,4198.042979662668,-344.7671010000004,-162.5400000000006,-35.489999999999945,-76.22999999999982,9.347969934307114,-252.56222864257114,-804.4124288649634,-1262.7552763745002,1262.7552763745002,-606.8747400854014,-947.3579982353433,947.3579982353433,1262.7552763745002,-8.03779159431636,-12.77790144462302
46.5,1355.7197403750115,0.0,275.0475000000062,0.0,883.599623554547,419.08560839928424,3653.520266689231,2779.4467509959286,-359.12963349999984,0.0,-72.66999999999989,0.0,11.492217867829442,-373.12486854019784,-537.8056606062981,-1210.8855618203459,1210.8855618203459,-416.85975027182144,-916.8619626022569,916.8619626022569,1210.8855618203459,-6.13920941832059,-6.13920941832059,1331.3072403749848,629.8424999999733,137.5237500000031,295.39125000000956,1014.8235889332402,461.5962644848405,4950.598768601889,3713.335405988183,-352.6796335000004,-166.4100000000006,-36.334999999999944,-78.04499999999983,7.89661518978676,-256.38423657540795,-826.124215292874,-1288.615705881965,1288.615705881965,-623.2040337532778,-966.7691410480311,966.7691410480311,1288.615705881965,-7.050947475565778,-11.213056716019231
47.0,1174.1392905000114,0.0,238.2900000000062,0.0,765.8522474353069,363.3304617584636,3165.350546136811,2408.0372121659166,-367.1921659999998,0.0,-74.35999999999989,0.0,9.4100033909082,-378.7171615994487,-554.0627015659103,-1233.2852402990347,1233.2852402990347,-429.319161591819,-933.8844760792829,933.8844760792829,1233.2852402990347,-5.273744182760154,-5.273744182760154,1152.9892904999847,545.6699999999732,119.1450000000031,255.91500000000954,879.58947199224,400.18550043233944,4289.174439111389,3217.185604089883,-360.59216600000036,-170.28000000000057,-37.17999999999994,-79.85999999999983,6.465869040004995,-260.2268531029834,-847.799936679992,-1314.5122004302216,1314.5122004302216,-639.5065362479942,-986.2070750338792,986.2070750338792,1314.5122004302216,-6.056951424599646,-9.635340901414004
47.5,988.5275743750115,0.0,200.6875000000062,0.0,645.2778241389303,306.20390645509343,2665.9269102119015,2028.076245755627,-375.2546984999998,0.0,-76.04999999999988,0.0,7.357781316426929,-384.3394470611394,-570.2672558212523,-1255.7374054819934,1255.7374054819934,-441.73958278864467,-950.9459796794808,950.9459796794808,1255.7374054819934,-4.402941401964739,-4.402941401964739,970.7150743749847,459.5624999999733,100.3437500000031,215.53125000000955,741.1084612252284,337.26421656472723,3612.482087612869,2709.5935739677675,-368.50469850000036,-174.15000000000057,-38.02499999999994,-81.67499999999983,5.05573148496182,-264.09007822529736,-869.4395930263174,-1340.4447600192711,1340.4447600192711,-655.7822475695503,-1005.6718001928872,1005.6718001928872,1340.4447600192711,-5.056825146020145,-8.046540016284183
48.0,798.8845920000115,0.0,162.2400000000062,0.0,521.8763536654172,247.7059424891738,2155.249358914504,1639.56385176506,-383.31723099999977,0.0,-77.73999999999988,0.0,5.335551644385629,-389.9917249252702,-586.4193233723246,-1278.2420573692225,1278.2420573692225,-454.1210138622983,-968.0464734028508,968.0464734028508,1278.2420573692225,-3.5276906668067767,-3.5276906668067767,784.4845919999924,371.5199999999733,81.1200000000031,174.24000000000953,599.3805566322055,272.832412882004,2920.521714106338,2190.559315621845,-376.4172310000003,-178.02000000000058,-38.86999999999994,-83.48999999999982,3.6662025246572343,-267.97391194234996,-891.0431843318504,-1366.4133846491131,1366.4133846491131,-672.0311677179462,-1025.1633165250555,1025.1633165250555,1366.4133846491131,-4.051590344429499,-6.448457646471475
48.5,605.2103433750115,0.0,122.9475000000062,0.0,395.64783601476756,187.8365698607046,1633.317892244617,1242.5000301942155,-391.3797634999997,0.0,-79.42999999999988,0.0,3.74221332723592,-395.67399519184085,-601.8208310523366,-1300.799195960721,1300.799195960721,-465.9448861745929,-985.1859572493928,985.1859572493928,1300.799195960721,-2.648881568158842,-2.648881568158842,594.2978433749923,281.5424999999733,61.4737500000031,132.04125000000954,454.4057582131711,206.89008938416964,2213.2933185917777,1660.0828290521006,-384.3297635000003,-181.89000000000058,-39.71499999999994,-85.30499999999982,2.571376469114481,-271.8783542541412,-912.1310455540504,-1392.4180743197478,1392.4180743197478,-687.8969740901517,-1044.6816240303842,1044.6816240303842,1392.4180743197478,-3.042268724429917,-4.8429149481825675
49.0,407.5048285000191,0.0,82.8100000000062,0.0,266.5922711869816,126.59578856968592,1100.132510202251,836.8847810431013,-399.44229599999966,0.0,-81.11999999999988,0.0,2.423353867254596,-401.3862578608516,-616.7420007323038,-1323.4088212564898,1323.4088212564898,-477.4119359725686,-1002.3644312191067,1002.3644312191067,1323.4088212564898,-1.7674036968934104,-1.7674036968934104,400.1548284999924,189.6299999999733,41.4050000000031,88.93500000000859,306.1840659681255,139.4372460712242,1490.7969010691966,1118.1641142585404,-392.24229600000024,-185.7600000000006,-40.55999999999994,-87.11999999999982,1.6651522950987558,-275.803405160671,-932.8888534835777,-1418.4588290311747,1418.4588290311747,-703.5175980163722,-1064.226722708873,1064.226722708873,1418.4588290311747,-2.029881990623622,-3.231750647989152
49.5,205.76804737501908,0.0,41.8275000000062,0.0,134.70965918205903,63.98359861611772,555.6932127873864,422.718104311702,-407.50482849999963,0.0,-82.80999999999989,0.0,1.1344868097132421,-407.12851293230227,-631.6106837080011,-1346.0709332565284,1346.0709332565284,-488.83999564737235,-1019.5818953119924,1019.5818953119924,1346.0709332565284,-0.884146643882957,-0.884146643882957,202.05554737499236,95.78249999996949,20.9137500000031,44.92125000001049,154.7154798970684,70.47388294316764,753.0324615385949,564.8031712411645,-400.15482850000024,-189.6300000000006,-41.404999999999944,-88.93499999999983,0.7795367158216204,-279.7490646619393,-953.6105963723127,-1444.5356487833944,1444.5356487833944,-719.1114307694324,-1083.7986125605219,1083.7986125605219,1444.5356487833944,-1.0154518476129084,-1.6168210428278087
50.0,1.9073486328125e-11,0.0,6.198883056640625e-12,0.0,0.0,0.0,3.3140182495117185e-11,2.5272369384765625e-11,-415.5673609999996,0.0,-84.49999999999989,0.0,0.0,-412.90076040619283,-646.2092012499993,-1368.7855319608368,1368.7855319608368,-500.0673609999995,-1036.8383495280502,1036.8383495280502,1368.7855319608368,0.0,0.0,-7.62939453125e-12,-3.0517578125e-11,3.0994415283203123e-12,1.049041748046875e-11,0.0,0.0,-2.4676322937011718e-11,-2.4557113647460937e-11,-408.06736100000023,-193.50000000000057,-42.24999999999994,-90.74999999999983,0.0,-283.71533275794627,-974.1467012500004,-1470.6485335764064,1470.6485335764064,-734.5673610000005,-1103.3972935853308,1103.3972935853308,1470.6485335764064,2.842170943040401e-14,-3.552713678800501e-14
