x_m,M_DC_no_compuesta_interior_kNm,M_DC_compuesta_interior_kNm,M_DW_interior_kNm,M_PL_interior_kNm,M_LL_IM_interior_kNm,M_fatiga_rango_interior_kNm,M_resistencia_interior_kNm,M_servicio_ii_interior_kNm,V_DC_no_compuesta_interior_kN,V_DC_compuesta_interior_kN,V_DW_interior_kN,V_PL_interior_kN,Vmax_LL_IM_interior_kN,Vmin_LL_IM_interior_kN,Vmax_resistencia_interior_kN,Vmin_resistencia_interior_kN,Vabs_resistencia_interior_kN,Vmax_servicio_ii_interior_kN,Vmin_servicio_ii_interior_kN,Vabs_servicio_ii_interior_kN,V_resistencia_interior_kN,def_LL_interior_mm,def_LL_PL_servicio_i_interior_mm,M_DC_no_compuesta_exterior_kNm,M_DC_compuesta_exterior_kNm,M_DW_exterior_kNm,M_PL_exterior_kNm,M_LL_IM_exterior_kNm,M_fatiga_rango_exterior_kNm,M_resistencia_exterior_kNm,M_servicio_ii_exterior_kNm,V_DC_no_compuesta_exterior_kN,V_DC_compuesta_exterior_kN,V_DW_exterior_kN,V_PL_exterior_kN,Vmax_LL_IM_exterior_kN,Vmin_LL_IM_exterior_kN,Vmax_resistencia_exterior_kN,Vmin_resistencia_exterior_kN,Vabs_resistencia_exterior_kN,Vmax_servicio_ii_exterior_kN,Vmin_servicio_ii_exterior_kN,Vabs_servicio_ii_exterior_kN,V_resistencia_exterior_kN,def_LL_exterior_mm,def_LL_PL_servicio_i_exterior_mm
0.0,0.0,0.0,0.0,0.0,0.0,0.0,0.0,0.0,422.5561890000001,0.0,84.5,0.0,412.49070762859924,0.0,1376.8039746000488,654.9452362500001,1376.8039746000488,1043.294108917179,507.0561890000001,1043.294108917179,1376.8039746000488,0.0,0.0,0.0,0.0,0.0,0.0,0.0,0.0,0.0,0.0,415.0561890000001,193.5,42.25,90.75,283.17726025832854,0.0,1478.442941702075,982.8827362500001,1478.442941702075,1109.686627335827,741.556189,1109.686627335827,1478.442941702075,0.0,0.0
0.5,209.22877387500003,0.0,41.8275,0.0,134.7768342094544,64.03050137398128,560.1366772102951,426.26615834729074,414.3589065000001,0.0,82.81,0.0,406.71525322264466,-1.2595740578061643,1353.9153262646282,639.9593785238394,1353.9153262646282,1025.8987356894381,495.5314602248521,1025.8987356894381,1353.9153262646282,-0.8666725225392353,-0.8666725225392353,205.51627387500002,95.7825,20.91375,44.92125,154.8534830516953,70.52656748063966,757.5998751842168,568.4433018422038,407.0089065,189.63,41.405,88.935,279.2123773526567,-0.8647048871296444,1452.1640434921492,962.0291495725232,1452.1640434921492,1089.9549970584537,725.8547901467315,1089.9549970584537,1452.1640434921492,-0.9957739367273623,-1.584589753131713
1.0,414.35890650000005,0.0,82.81,0.0,266.725211491553,126.68858878327589,1108.932753235218,843.9116814390189,406.1616240000001,0.0,81.12,0.0,400.9698078822405,-2.5491571811627254,1331.0791937939207,624.9210049329653,1331.0791937939207,1008.5423742469128,483.9677196644885,1008.5423742469128,1331.0791937939207,-1.7324689005766685,-1.7324689005766685,407.0089065000001,189.63,41.405,88.935,306.4571761121666,139.5414859187938,1499.8424413212917,1125.3732354458166,398.9616240000001,185.76,40.56,87.12,275.26809584432135,-1.7500111715957964,1425.9211977275625,941.1395104497074,1425.9211977275625,1070.250148597618,710.1266094769255,1070.250148597618,1425.9211977275625,-1.9905412165722085,-3.167317058197191
1.5,615.3903978750001,0.0,122.9475,0.0,395.8451318462959,187.97426222788386,1646.388228074768,1252.9365692751849,397.9643415000001,0.0,79.43,0.0,395.25437160738676,-3.8687493700696827,1308.295577187927,609.8301154773782,1308.295577187927,991.2250245896029,472.3649673189095,991.2250245896029,1308.295577187927,-2.5965129896104973,-2.5965129896104973,604.4778978750002,281.5425,61.47375,132.04125,454.811079181414,207.0447553144624,2226.727698411225,1670.7898008108382,390.9143415000001,181.89,39.715,85.305,271.34441573332253,-2.655918853398456,1399.7144044083147,920.2138188815528,1399.7144044083147,1050.5720819533194,694.3716469905821,1050.5720819533194,1399.7144044083147,-2.983295182652023,-4.74633675584098
2.0,812.3232480000001,0.0,162.24,0.0,522.1365952736829,247.8875217078051,2172.5031017289452,1653.340821855788,389.7670590000001,0.0,77.74,0.0,389.5689443980834,-5.527347196258863,1285.564476446646,594.145966156547,1285.564476446646,973.9466867175084,460.3215076448636,973.9466867175084,1285.564476446646,-3.4579286451389195,-3.4579286451389195,797.9232480000002,371.52,81.12,174.24,599.9151922594373,273.03637566764553,2938.2556464540153,2204.692997937268,382.86705900000004,178.02,38.87,83.49,267.4413370196603,-3.7945558689832093,1373.5436635344056,898.8808509792796,1373.5436635344056,1030.9207971255585,678.314136370322,1030.9207971255585,1373.5436635344056,-3.973029178084289,-6.319820975418411
2.5,1005.1574568750001,0.0,200.6875,0.0,645.5996017737143,306.42836722303974,2687.2773741977503,2045.1244391808286,381.5697765000001,0.0,76.05,0.0,383.9135262543304,-7.550700374041251,1262.8858915700782,577.8234949704279,1262.8858915700782,956.7073606306296,447.8038660137465,956.7073606306296,1262.8858915700782,-4.315839722660132,-4.315839722660132,987.3449568750001,459.5625,100.34375,215.53125,741.7695153462369,337.51634697834305,3634.426285449664,2727.082826825108,374.81977650000005,174.15,38.025,81.675,263.5588597033345,-5.18359954638719,1347.4089751058357,877.1096714188225,1347.4089751058357,1011.296294114335,661.9310970896967,1011.296294114335,1347.4089751058357,-4.958736545986492,-7.885959134995593
3.0,1193.8930245000001,0.0,238.29,0.0,766.2341513463899,363.59679877358764,3190.7110454811827,2428.287421250307,373.3724940000001,0.0,74.36,0.0,378.28811717612786,-9.604062617374037,1240.2598225582237,561.4485079195955,1240.2598225582237,939.5070463289662,435.2472125974138,939.5070463289662,1240.2598225582237,-5.169370077672335,-5.169370077672335,1172.7430245000003,545.67,119.145,255.915,880.3740484418123,400.48466924655514,4315.239615398173,3237.959287474356,366.77249400000005,170.28,37.18,79.86,259.6969837843452,-6.593244621127677,1321.310339122604,855.3024394130267,1321.310339122604,991.6985729196489,645.5212759925341,991.6985729196489,1321.310339122604,-5.939410629476114,-9.442957941349421
3.5,1378.5299508750002,0.0,275.0475,0.0,884.0402439917096,419.39281635944894,3682.8041155792416,2802.8297680642227,365.1752115000001,0.0,72.67,0.0,372.69271716347566,-11.68743392625722,1217.6862694110823,545.0210050040499,1217.6862694110823,922.3457438125184,422.65154739586575,922.3457438125184,1217.6862694110823,-6.017643565673724,-6.017643565673724,1354.1174508750003,629.8425,137.52375,295.39125,1015.7287915461637,461.9413424722817,4980.695636299537,3737.322379885013,358.7252115000001,166.41,36.335,78.045,255.85570926269241,-8.023491093204672,1295.247755584712,833.459154961892,1295.247755584712,972.1276335415002,629.0846730788339,972.1276335415002,1295.247755584712,-6.914044771670642,-10.989041389967571
4.0,1559.0682360000003,0.0,310.96,0.0,999.0178797096736,473.81641998062355,4163.556584491929,3168.751479622576,356.9779290000001,0.0,70.98,0.0,367.1273262163739,-13.800814300690796,1195.1652321286545,528.5409862237913,1195.1652321286545,905.223453081286,410.016870409102,905.223453081286,1195.1652321286545,-6.859784042162498,-6.859784042162498,1531.4682360000002,712.08,155.48,333.96,1147.8337446592914,521.8863666555228,5630.7943481537595,4225.172104057078,350.67792900000006,162.54,35.49,76.23,252.03503613837617,-9.474338962618175,1269.2212244921582,811.5798180654183,1269.2212244921582,952.583475979889,612.6212883485964,952.583475979889,1269.2212244921582,-7.881632315687556,-12.522450765048502
4.5,1735.5078798750003,0.0,346.0275,0.0,1111.1670585002819,526.8676096371115,4632.968452219244,3526.0525559253665,348.7806465000001,0.0,69.29,0.0,361.5919443348225,-15.944203740674771,1172.6967107109394,512.0084515788193,1172.6967107109394,888.1401741352694,397.3431816371229,888.1401741352694,1172.6967107109394,-7.694915362636854,-7.694915362636854,1704.7953798750002,792.3825,173.01375,371.62125,1276.688907781195,580.3197417962782,6265.535750960841,4701.508459990553,342.6306465,158.67,34.645,74.415,248.23496441139642,-10.945788229368183,1243.2307458449436,789.6644287236057,1243.2307458449436,933.0661002348154,596.1311218018215,933.0661002348154,1243.2307458449436,-8.841166604644345,-14.041444639501453
5.0,1907.8488825000002,0.0,380.25,0.0,1220.4877803635343,578.5463853289128,5091.039718761185,3874.7329969725943,340.5833640000001,0.0,67.6,0.0,356.0865715188215,-18.11760224620914,1150.2807051579375,495.42340106913406,1150.2807051579375,871.0959069744679,384.6304810799282,871.0959069744679,1150.2807051579375,-8.522161382594991,-8.522161382594991,1874.0988825000002,870.75,190.125,408.375,1402.2942809118742,637.2414678945484,6884.919844720779,5166.331447685437,334.5833640000001,154.8,33.8,72.6,244.45549408175316,-12.437838893454702,1217.276319643068,767.7129869364543,1217.276319643068,913.5755063062792,579.6141734385089,913.5755063062792,1217.276319643068,-9.791640981658487,-15.544298874946445
5.5,2076.0912438750006,0.0,413.6275,0.0,1326.9800452994311,628.8527470560274,5537.770384117755,4214.792802764261,332.3860815000001,0.0,65.91,0.0,350.6112077683709,-20.32100981729391,1127.9172154696491,478.78583469473574,1127.9172154696491,854.0906515988821,371.878768737518,854.0906515988821,1127.9172154696491,-9.340645957535106,-9.340645957535106,2039.3787438750005,947.1825,206.81375,444.22125,1524.64986405133,692.6515449503328,7488.946629433579,5619.64106714173,326.5360815000001,150.93,32.955,70.785,240.69662514944642,-13.950490954877727,1191.3579458865313,745.7254927039642,1191.3579458865313,894.1116941942804,563.070443258659,894.1116941942804,1191.3579458865313,-10.73204878984747,-17.029306621714284
6.0,2240.2349640000007,0.0,446.16,0.0,1430.643853307972,677.7866948184553,5973.160448288952,4546.231973300363,324.1887990000001,0.0,64.22,0.0,345.1658530834707,-22.55442645392908,1105.6062416460738,462.09575245562417,1105.6062416460738,837.124408008512,359.0880446098922,837.124408008512,1105.6062416460738,-10.149492942955396,-10.149492942955396,2200.6349640000003,1021.68,223.08,479.16,1643.7556571995615,746.5499729636317,8077.616105099232,6061.437318359431,318.4887990000001,147.06,32.11,68.97,236.95835761447617,-15.48374441363726,1165.4756245753333,723.7019460261348,1165.4756245753333,874.6746638988192,546.4999312622717,874.6746638988192,1165.4756245753333,-11.661383372328778,-18.494778318846556
6.5,2400.2800428750006,0.0,477.8475,0.0,1531.479204389157,725.3482286161966,6397.209911274776,4869.0505085809045,315.9915165000001,0.0,62.53,0.0,339.75050746412086,-24.81785215611464,1083.3477836872116,445.3531543517995,1083.3477836872116,820.1971762033573,346.25830869705106,820.1971762033573,1083.3477836872116,-10.94782619435406,-10.94782619435406,2357.8675428750003,1094.2425,238.92375,513.19125,1759.6116603565692,798.9367519344452,8650.928271717747,6491.720201338541,310.44151650000003,143.19,31.265,67.155,233.24069147684244,-17.0375992697333,1139.6293557094743,701.6423469029668,1139.6293557094743,855.2644154198952,529.9026374493467,855.2644154198952,1139.6293557094743,-12.578638072219892,-19.93904169409563
7.0,2556.2264805000004,0.0,508.69,0.0,1629.4860985429864,771.5373484492513,6809.918773075226,5183.248408605883,307.7942340000001,0.0,60.84,0.0,334.3651709103215,-27.1112869238506,1061.1418415930627,428.5580403832616,1061.1418415930627,803.3089561834181,333.3895609989943,803.3089561834181,1061.1418415930627,-11.734769567229295,-11.734769567229295,2511.0764805000003,1164.87,254.345,546.315,1872.2178735223529,849.811881862773,9208.88312928912,6910.48971607906,302.39423400000004,139.32,30.42,65.34,229.54362673654526,-18.612055523165846,1113.8191392889544,679.5466953344599,1113.8191392889544,835.8809487575089,513.2785618198844,835.8809487575089,1113.8191392889544,-13.482806232638302,-21.36044176392466
7.5,2708.0742768750006,0.0,538.6875,0.0,1724.66453576946,816.3540543176192,7211.287033690306,5488.825673375299,299.5969515000001,0.0,59.15,0.0,329.00984342207255,-30.009807710082296,1038.988415363627,410.70402588235606,1038.988415363627,786.4597479486944,319.7342014768931,786.4597479486944,1038.988415363627,-12.509446917079298,-12.509446917079298,2660.2617768750006,1233.5625,269.34375,578.53125,1981.5742966969128,899.1753627486155,9751.480677813348,7317.745862580987,294.3469515000001,135.45,29.575,63.525,225.86716339358458,-20.601906833430853,1088.0449753137732,656.7241024164961,1088.0449753137732,816.5242639116601,496.11447261653996,816.5242639116601,1088.0449753137732,-14.372881196701485,-22.757340833507577
8.0,2855.8234320000006,0.0,567.84,0.0,1817.014516068578,859.7983462213004,7601.314693120012,5785.782302889153,291.3188190000001,0.0,57.46,0.0,323.6845249993739,-32.96408727617538,1016.7864424989044,392.6513710166932,1016.7864424989044,769.5687014991862,305.9255055409721,769.5687014991862,1016.7864424989044,-13.270982099402271,-13.270982099402271,2805.423432,1300.32,283.92,609.84,2087.6809298802486,947.0271945919725,10278.720917290435,7713.4886408443235,286.218819,131.58,28.73,61.71,222.21130144796032,-22.630036869069503,1062.2058012839307,633.7334592291285,1062.2058012839307,797.1135108823485,478.8197710702097,797.1135108823485,1062.2058012839307,-15.24785630752693,-24.128118496729098
8.5,2999.3930958750007,0.0,596.1475,0.0,1906.5360394403401,901.8702241602952,7979.900688864345,6074.037447147442,282.9598365000001,0.0,55.77,0.0,318.3892156422256,-35.94837590781885,994.5359229988951,374.44513778631716,994.5359229988951,752.6358168348934,291.99694781983555,752.6358168348934,994.5359229988951,-14.020014349942842,-14.020014349942842,2946.480595875,1365.1425,298.07375,640.24125,2190.5377730723603,993.3673773928439,10790.50278522038,8097.637200869068,278.0098365,127.71,27.885,59.895,218.5760408996726,-24.678768302044656,1036.301617199427,610.605701096422,1036.301617199427,777.6486896695744,461.41743770734195,777.6486896695744,1036.301617199427,-16.10846602279891,-25.474168658620105
9.0,3138.7832685,0.0,623.61,0.0,1993.2291058847463,942.5696881346031,8347.045020923306,6353.59110615017,274.600854,0.0,54.08,0.0,313.12391535062784,-39.203004271915255,972.3379193635988,355.7658100241484,972.3379193635988,735.7419439558163,277.71694844651023,735.7419439558163,972.3379193635988,-14.755762235464614,-14.755762235464614,3083.4332685,1428.03,311.805,669.735,2290.1448262732483,1038.1959111512297,11286.826281603184,8470.191542655222,269.8008540000001,123.84,27.04,58.08,214.9613817487214,-26.913089527369554,1010.4334855602626,587.1531608271034,1010.4334855602626,758.2106502733379,443.7738376144196,758.2106502733379,1010.4334855602626,-16.95381250529534,-26.794076918649683
9.5,3273.993949875,0.0,650.2275,0.0,2077.093715401797,981.8967381442244,8702.747689296893,6624.443279897336,266.2418715,0.0,52.39,0.0,307.8886241245805,-42.547724368287696,950.1924315930158,336.9288217304965,950.1924315930158,718.8870828619546,263.319829821226,718.8870828619546,950.1924315930158,-15.477444322731184,-15.477444322731184,3216.281449875,1488.9825,325.11375,698.32125,2386.502089482912,1081.51279586713,11767.691406438847,8831.151666202786,261.5918715,119.97,26.195,56.265,211.3673239951068,-29.209259248784267,984.6014063664369,563.5923856896275,984.6014063664369,738.7993926936388,426.04983447658043,738.7993926936388,984.6014063664369,-17.782997917794116,-28.086444296087173
10.0,3405.02514,0.0,676.0,0.0,2158.1298679914917,1019.8513741891591,9047.008693985112,6886.593968388939,257.88288900000003,0.0,50.7,0.0,302.6833419640834,-45.92245353021052,928.0994596871461,318.0393175721316,928.0994596871461,702.0712335533085,248.88369941072634,702.0712335533085,928.0994596871461,-16.184279178506156,-16.184279178506156,3345.02514,1548.0,338.0,726.0,2479.609562701352,1123.318031540545,12233.098159727368,9180.517571511757,253.382889,116.1,25.35,54.45,207.7938676388286,-31.526030367535487,958.8053796179499,539.9955581068128,958.8053796179499,719.4149169304771,408.29904952220386,719.4149169304771,958.8053796179499,-18.595124423073155,-29.349887230002185
10.5,3531.876838875,0.0,700.9275,0.0,2236.3375636538303,1056.433596269407,9379.828034987953,7140.04317162498,249.5239065,0.0,49.01,0.0,297.5080688691368,-49.32719175768375,906.0590036459894,299.09729754905345,906.0590036459894,685.2943960298779,234.40855721501114,685.2943960298779,906.0590036459894,-16.875485369553125,-16.875485369553125,3469.664338875,1605.0825,350.46375,752.77125,2569.467245928568,1163.6116181714742,12683.046541468744,9518.289258582137,245.1739065,112.23,24.505,52.635,204.24101267988695,-33.863402883623216,933.0454053148021,516.3626780786593,933.0454053148021,700.057222983853,390.5214827512898,700.057222983853,933.0454053148021,-19.389294183910366,-30.583037579264598
11.0,3654.5490465,0.0,725.01,0.0,2311.716802388814,1091.6434043849683,9701.205712305424,7384.790889605459,241.16492399999998,0.0,47.32,0.0,292.3628048397406,-52.761939050707376,884.0710634695461,280.10276166126215,884.0710634695461,668.5565702916629,219.89440323408041,668.5565702916629,884.0710634695461,-17.550281462635695,-17.550281462635695,3590.1990465,1660.23,362.505,778.635,2656.07513916456,1202.393555759918,13117.536551662979,9844.466727413928,236.96492399999997,108.36,23.66,50.82,200.70875911828176,-36.22137679704745,907.3214834569932,492.693745605167,907.3214834569932,680.7263108537662,372.7171341638383,680.7263108537662,907.3214834569932,-20.16460936308366,-31.78454262254455
11.5,3773.041762875,0.0,748.2475,0.0,2384.267584196441,1125.480798535843,10011.141725937523,7620.837122330374,232.8059415,0.0,45.63,0.0,287.2475498758947,-56.2266954092814,862.1356391578158,261.05570990875754,862.1356391578158,651.8577563386632,205.34123746793415,651.8577563386632,862.1356391578158,-18.207886024517464,-18.207886024517464,3706.6292628749993,1713.4425,374.12375,803.59125,2739.433242409328,1239.6638443058762,13536.568190310074,10159.049978007126,228.75594149999995,104.49,22.815,49.005,197.19710695401315,-38.599952107808186,881.6336140445229,468.9887606863356,881.6336140445229,661.4221805402171,354.8860037598493,661.4221805402171,881.6336140445229,-20.920172123370932,-32.95306505831242
12.0,3887.354988,0.0,770.64,0.0,2453.989909076713,1157.9457787220308,10309.636075884247,7848.181869799727,224.44695899999996,0.0,43.94,0.0,282.1623039775993,-59.7214608334058,840.2527307107988,241.9561422915398,840.2527307107988,635.1979541708791,190.7490599165724,635.1979541708791,840.2527307107988,-18.847517621962034,-18.847517621962034,3818.9549879999995,1764.72,385.32,827.64,2819.541555662872,1275.4224838093492,13940.141457410027,10462.039010361732,220.54695899999996,100.62,21.97,47.19,193.70605618708097,-40.99912881590543,855.9817970773915,445.24772332216537,855.9817970773915,642.1448320432052,337.0280915393229,642.1448320432052,855.9817970773915,-21.655084627550107,-34.0872830048389
12.5,3997.4887218749996,0.0,792.1875,0.0,2520.8837770296286,1189.0383449435321,10596.688762145599,8066.825132013518,216.08797649999997,0.0,42.25,0.0,277.1070671448542,-63.246235323080626,818.4223381284947,222.80405880960888,818.4223381284947,618.5771637883105,176.11787057999516,618.5771637883105,818.4223381284947,-19.468394821733,-19.468394821733,3927.176221874999,1814.0625,396.09375,850.78125,2896.400078925192,1309.6694742703364,14328.256352962833,10753.433824477748,212.33797649999994,96.75,21.125,45.375,190.23560681748532,-43.4189069213392,830.3660325555992,421.4706335126563,830.3660325555992,622.8942653627308,319.143397502259,622.8942653627308,830.3660325555992,-22.36844903839908,-35.185890000194895
13.0,4103.442964499999,0.0,812.89,0.0,2584.949188055189,1218.7584972003467,10872.299784721581,8276.766908971746,207.72899399999994,0.0,40.56,0.0,272.0818393776596,-66.80101887830584,796.6444614109043,203.59945946296475,796.6444614109043,601.9953851909574,161.44766945820234,601.9953851909574,796.6444614109043,-20.069736190593968,-20.069736190593968,4031.292964499999,1861.47,406.445,873.015,2970.008812196288,1342.404815688838,14700.912876968501,11033.234420355173,204.12899399999992,92.88,20.28,43.56,186.7857588452262,-45.85928642410946,804.7863204791457,397.65749125780843,804.7863204791457,603.670480498794,301.23192164865765,603.670480498794,804.7863204791457,-23.059367518695765,-36.2475950022516
13.5,4205.217715874999,0.0,832.7475,0.0,2646.186142153393,1247.1062354924748,11136.469143612187,8478.00720067441,199.37001149999995,0.0,38.87,0.0,267.6016149622333,-70.38581149908146,775.8203405589082,184.34234425160736,775.8203405589082,586.1221109509032,146.73845655119405,586.1221109509032,775.8203405589082,-20.650760295308533,-20.650760295308533,4131.305215874999,1906.9425,416.37375,894.34125,3040.3677554761603,1373.6285080648545,15058.11102942703,11301.440797994008,195.9200114999999,89.01,19.435,41.745,183.71005883104502,-48.32026732421623,779.8613673293288,373.80829655762153,779.8613673293288,584.9330879803584,283.2936639785188,584.9330879803584,779.8613673293288,-23.72694223121808,-37.27112238868048
14.0,4302.812975999999,0.0,851.76,0.0,2704.5946393242416,1274.081559819916,11389.196838817421,8670.546007121513,191.01102899999992,0.0,37.18,0.0,262.72403892826014,-74.00061318540745,754.3008543744552,165.03271317553686,754.3008543744552,569.7322796067381,131.99023185897025,569.7322796067381,754.3008543744552,-21.2106857026403,-21.2106857026403,4227.212975999999,1950.48,425.88,914.76,3107.4769087648083,1403.340551398385,15399.850810338414,11558.05295739425,187.71102899999988,85.14,18.59,39.93,180.36157462895767,-50.801849621659514,754.4590418506758,349.9230494120957,754.4590418506758,565.8410760176448,265.32862449184245,565.8410760176448,754.4590418506758,-24.37027533874392,-38.25521195695324
14.5,4396.2287448749985,0.0,869.9275,0.0,2760.1746795677345,1299.6844701826706,11630.482870337284,8854.383328313053,182.6520464999999,0.0,35.49,0.0,257.66500279420706,-77.64542393728384,732.4638130148622,145.67056623475315,732.4638130148622,553.1065501324691,117.20299538153093,553.1065501324691,732.4638130148622,-21.748730979352864,-21.748730979352864,4319.016244874998,1992.0825,434.96375,934.27125,3171.3362720622326,1431.5409456894301,15726.132219702657,11803.070898555901,179.5020464999999,81.27,17.745,38.115,176.8885170170055,-53.304033316439295,728.8387129047594,326.0017498212311,728.8387129047594,546.587118622107,247.3368031886288,546.587118622107,728.8387129047594,-24.9884690040512,-39.19861892434187
15.0,4485.465022499998,0.0,887.25,0.0,2812.9262628838715,1323.9149665807386,11860.327238171772,9029.519164249032,174.2930639999999,0.0,33.8,0.0,252.70067119696625,-81.32024375471063,710.7925045946909,126.25590342925622,710.7925045946909,536.603936556056,102.37674711887607,536.603936556056,710.7925045946909,-22.26411469220983,-22.26411469220983,4406.715022499998,2031.75,443.625,952.875,3231.945845368433,1458.22969093799,16036.955257519756,12036.494621478962,171.29306399999987,77.4,16.9,36.3,173.4804746181783,-55.826818408555596,703.3321605818118,302.0443977850275,703.3321605818118,527.4176810036316,229.31820006887762,527.4176810036316,703.3321605818118,-25.58062538991782,-40.1001139279186
15.5,4570.521808874998,0.0,903.7275,0.0,2862.8493892726533,1346.7730490141198,12078.729942320891,9195.953514929448,165.93408149999988,0.0,32.11,0.0,247.8490434353842,-85.02507263768783,689.3184278869221,106.78872475904613,689.3184278869221,520.2478379659993,87.5114870710057,520.2478379659993,689.3184278869221,-22.756055407974795,-22.756055407974795,4490.309308874998,2069.4825,451.86375,970.57125,3289.3056286834094,1483.4067871440639,16332.319923789715,12258.324126163428,163.08408149999985,73.53,16.055,34.485,170.14980405540024,-58.370204898008396,677.9610089719503,278.0509933034851,677.9610089719503,508.3488267720202,211.27281513258896,508.3488267720202,677.9610089719503,-26.145846659121702,-40.958483024555946
16.0,4651.399103999998,0.0,919.36,0.0,2909.944058734078,1368.2587174828145,12285.690982784636,9353.6863803543,157.57509899999988,0.0,30.42,0.0,242.56066315105005,-88.75991058621543,667.0800342643375,87.26903022412286,667.0800342643375,503.32396109636494,72.6072152379198,503.32396109636494,667.0800342643375,-23.22377169341136,-23.22377169341136,4569.799103999997,2105.28,459.68,987.36,3343.4156220071613,1507.0722343076527,16612.22621851253,12468.559412609306,154.87509899999984,69.66,15.21,32.67,166.51930035573807,-60.93419278479771,652.0651493725413,254.02153637660382,652.0651493725413,488.8901894624593,193.20064837976278,488.8901894624593,652.0651493725413,-26.683234974440744,-41.77252769092668
16.5,4728.096907874997,0.0,934.1475,0.0,2954.2102712681485,1388.3719719868227,12481.210359563005,9502.71776052359,149.00821649999986,0.0,28.73,0.0,238.14805077297166,-92.52475760029341,646.1143594777002,67.43694482448636,646.1143594777002,487.33068250486303,57.45603161961843,487.33068250486303,646.1143594777002,-23.666482115283124,-23.666482115283124,4645.184407874997,2139.1425,467.07375,1003.24125,3394.2758253396896,1529.2260324287558,16876.674141688203,12667.200480816593,146.45821649999988,65.79,14.365,30.855,163.49001639685844,-63.51878206892352,626.9615493195021,229.6961520043837,626.9615493195021,470.00523781591585,174.89379981039932,470.00523781591585,626.9615493195021,-27.191892498652862,-42.54106482350383
17.0,4800.407320499997,0.0,948.09,0.0,2997.3513983103317,1408.3838789980537,12668.009097668075,9645.054138303429,140.23343399999985,0.0,27.04,0.0,233.28091898890466,-96.31961367992179,624.0934007305829,47.29246856013668,624.0934007305829,470.53862868557593,42.0579362161015,470.53862868557593,624.0934007305829,-24.088586127095894,-24.088586127095894,4716.257320499998,2171.07,474.045,1018.215,3443.843348011098,1551.268201082106,17128.82875964442,12856.583672914425,137.8334339999999,61.92,13.52,29.04,160.14870223283296,-66.12397275038585,601.0520214074576,205.07484018682464,601.0520214074576,450.5067469026828,156.35226942449827,450.5067469026828,601.0520214074576,-27.676874037377235,-43.272304185817184
17.5,4868.330341874997,0.0,961.1875,0.0,3038.5157541428944,1427.6589052805532,12844.59674709381,9779.588322260759,131.45865149999986,0.0,25.35,0.0,228.61630192509304,-100.14447882510056,602.4268427439127,27.095476431073855,602.4268427439127,454.00984400262087,26.620829027369123,454.00984400262087,602.4268427439127,-24.489459292181216,-24.489459292181216,4783.017841874998,2201.0625,480.59375,1032.28125,3491.1396353563346,1572.4987304803374,17366.977601717335,13035.436867838234,129.20865149999992,58.05,12.675,27.225,156.9464155973877,-68.74976482918467,575.3857916704284,180.41747592392673,575.3857916704284,431.188991776604,137.78395722205983,431.188991776604,575.3857916704284,-28.13746213650818,-43.96532501354051
18.0,4931.865971999998,0.0,973.44,0.0,3076.851653048101,1445.5615175983658,13009.482857834175,9905.21312096253,122.68386899999989,0.0,23.66,0.0,223.96825255659942,-103.99935303582974,580.7892782240489,6.845968437297823,580.7892782240489,437.50259732357915,11.144710053421207,437.50259732357915,580.7892782240489,-24.86847717387063,-24.86847717387063,4845.465971999999,2229.12,486.72,1045.44,3535.186132710347,1592.217610836083,17589.40819724311,13202.487944523451,120.58386899999995,54.18,11.83,25.41,153.75550278075139,-71.39615830532001,549.7394661163148,155.7240592156899,549.7394661163148,411.88602261497675,119.18886320308393,411.88602261497675,549.7394661163148,-28.572939341940014,-44.61921886417913
18.5,4991.014210874998,0.0,984.8475,0.0,3112.3590950259513,1462.0917159514916,13162.667429889165,10021.928534408735,113.90908649999992,0.0,21.97,0.0,219.28946946199468,-107.88423631210932,559.0979296834906,-13.456055421191413,559.0979296834906,420.955396800593,-4.370420705742203,420.955396800593,559.0979296834906,-25.225015335495698,-25.225015335495698,4903.601710874999,2255.2425,492.42375,1057.69125,3575.982840073136,1610.4248421493432,17796.120546221737,13357.736902970075,111.95908649999997,50.31,10.985,23.595,150.54349108310583,-74.06315317879186,524.0562175204352,130.9945900621142,524.0562175204352,392.55562490803754,100.56698736757055,392.55562490803754,524.0562175204352,-28.982588199567026,-45.2330896170699
19.0,5045.7750584999985,0.0,995.41,0.0,3145.0380800764465,1477.249500339931,13304.15046325878,10129.734562599378,105.13430399999994,0.0,20.28,0.0,214.4920043096752,-111.79912865393929,537.1988875419316,-33.810595144393794,537.1988875419316,404.25390960257766,-19.924563250121135,404.25390960257766,537.1988875419316,-25.558449340387945,-25.558449340387945,4957.4250585,2279.43,497.705,1069.035,3613.5297574447004,1627.1204244201178,17987.114648653223,13501.18374317811,103.334304,46.44,10.14,21.78,147.25000346533906,-76.75074944960022,498.2303860643434,106.22906846319962,498.2303860643434,373.1193085049408,81.91832971551972,373.1193085049408,498.2303860643434,-29.36569125528354,-45.80605347338124
19.5,5096.148514874999,0.0,1005.1275,0.0,3174.888608199586,1491.0348707636838,13433.931957943023,10228.631205534462,96.35952149999997,0.0,18.59,0.0,209.9536551519781,-115.74403006131968,515.7532983909616,-54.217650732309444,515.7532983909616,387.8892731975715,-35.517717579715594,387.8892731975715,515.7532983909616,-25.868154751878926,-25.868154751878926,5006.936014875,2301.6825,502.56375,1079.47125,3647.826884825041,1642.304357648407,18162.390504537572,13632.828465147553,94.70952150000004,42.57,9.295,19.965,144.13440047888466,-79.4589471177451,472.7158527130482,81.42749441894613,472.7158527130482,353.91424212255015,63.2428902469314,353.91424212255015,472.7158527130482,-29.721531054983874,-46.337238956113126
20.0,5142.13458,0.0,1014.0,0.0,3201.9106793953697,1503.4478272227498,13552.011913941897,10318.618463213981,87.584739,0.0,16.9,0.0,205.46750106791458,-119.71894053425045,494.3990506188506,-74.67722218493826,494.3990506188506,371.592490388289,-51.14988369452558,371.592490388289,494.3990506188506,-26.153507133300188,-26.153507133300188,5052.134580000001,2322.0,507.0,1089.0,3678.8742222141577,1655.9766418342106,18321.94811387478,13752.671068878406,86.08473900000006,38.7,8.45,18.15,141.05462971283472,-82.18774618322647,447.26402574746083,56.58986792935376,447.26402574746083,334.7557576266852,44.54066896180566,334.7557576266852,447.26402574746083,-30.049390144562334,-46.82578691009708
20.5,5183.733253875001,0.0,1022.0275,0.0,3226.1042936637973,1514.488369717129,13658.390331255398,10399.696335637938,78.80995650000003,0.0,15.21,0.0,200.76078969077452,-123.72386007273158,472.6588275838555,-95.18930950228021,472.6588275838555,355.0089830980069,-66.82106159455103,355.0089830980069,472.6588275838555,-26.41388204798328,-26.41388204798328,5093.020753875002,2340.3825,511.01375,1097.62125,3706.6717696120504,1668.1372769775285,18465.787476664842,13860.711554370666,77.45995650000009,34.83,7.605,16.335,137.82344508744603,-84.93714664604434,421.5472245280307,31.716188994422527,421.5472245280307,315.40043511368,25.81166586014246,315.40043511368,421.5472245280307,-30.34855106991322,-47.270850501996115
21.0,5220.944536500002,0.0,1029.21,0.0,3247.4694510048694,1524.1564982468217,13753.067209883524,10471.864822806332,70.03517400000005,0.0,13.52,0.0,196.37034378232252,-127.75878867676315,451.4720691190645,-115.75391268433542,451.4720691190645,338.83662091701933,-82.53125127979202,338.83662091701933,451.4720691190645,-26.648655059259735,-26.648655059259735,5129.5945365000025,2356.83,514.605,1105.335,3731.2195270187194,1678.7862630783613,18593.90859290776,13956.949921624338,68.83517400000011,30.96,6.76,14.52,134.80937853837057,-87.7071485061987,396.2103799421486,6.806457614152401,396.2103799421486,296.32736609988183,7.055880941941796,296.32736609988183,396.2103799421486,-30.61829637693086,-47.67159522030488
21.5,5253.768427875002,0.0,1035.5475,0.0,3266.006151418586,1532.4522128118276,13836.042549826278,10535.123924719164,61.26039150000008,0.0,11.83,0.0,191.2443543645613,-131.8237263463451,428.99810951298235,-136.37103173110378,428.99810951298235,321.70805217392973,-98.28045275024854,321.70805217392973,428.99810951298235,-26.857201730461114,-26.857201730461114,5161.8559278750035,2371.3425,517.77375,1112.14125,3752.517494434164,1687.9236001367083,18706.31146260354,14041.386170639418,60.21039150000014,27.09,5.915,12.705,131.29035710930663,-90.4977517636896,369.98986431628674,-18.139326211456645,369.98986431628674,276.5978557420988,-11.726685792796358,276.5978557420988,369.98986431628674,-30.85790861150956,-48.02719887534953
22.0,5282.204928000003,0.0,1041.04,0.0,3281.7143949049464,1539.375513412147,13907.31635108366,10589.473641376435,52.48560900000011,0.0,10.14,0.0,187.3820603530011,-135.91867308147744,408.73561686775207,-157.04066664258536,408.73561686775207,306.2222874589015,-114.06866600592056,306.2222874589015,408.73561686775207,-27.03889762491895,-27.03889762491895,5189.804928000004,2383.92,520.52,1118.04,3770.5656718583846,1695.5492881525697,18802.996085752176,14114.020301415905,51.58560900000017,23.22,5.07,10.89,128.6388698969194,-93.308956418517,345.28753356960914,-43.12116248240453,345.28753356960914,257.9961398659954,-30.53603434407193,257.9961398659954,345.28753356960914,-31.06667031954362,-48.336851599287726
22.122307692308002,5288.493058239023,0.0,1042.254919000003,0.0,3285.126308142361,1540.8601421143926,13922.969740547915,10601.412177824095,50.33916220384085,0.0,9.726599999998959,0.0,186.15169509216335,-136.9249282131518,403.2793191660853,-162.10477161821612,403.2793191660853,302.0629658236522,-117.9366444732575,302.0629658236522,403.2793191660853,-27.079160793212584,-27.079160793212584,5195.985225191686,2386.702092621308,521.1274595000015,1119.344779872784,3774.4858310740456,1697.184536418721,18824.253905673195,14129.99113758204,49.47585451153334,22.27333846153607,4.863299999999479,10.446023076921964,127.79421701810898,-93.99975639543428,338.90186138264016,-49.23759209106056,338.90186138264016,253.19099817353253,-35.14116726407371,253.19099817353253,338.90186138264016,-31.112931176504215,-48.40548108411389
22.432534787514,5303.265137772995,0.0,1045.1097268267195,0.0,3293.0213810836567,1544.2575135198088,13959.533429352723,10629.302660008469,44.89481163176202,0.0,8.678032418202681,0.0,183.52845318855614,-139.48529545081794,390.3103562469797,-174.96370387192488,390.3103562469797,292.1598331950877,-127.75804003609863,292.1598331950877,390.3103562469797,-27.173871762797773,-27.173871762797773,5210.503919415596,2393.2394336209486,522.5548634133597,1122.4107421245542,3783.55697116335,1700.9265802656284,18873.954984669555,14167.333021086813,44.12457206801628,19.872180744641636,4.339016209101341,9.319898721324192,125.99334625539794,-95.75746333575714,323.3026440387381,-64.76127274578326,323.3026440387381,241.44701787510076,-46.82903459340085,241.44701787510076,323.3026440387381,-31.221750497046173,-48.56695855069891
22.476051147048,5305.2021799636705,0.0,1045.484162897183,0.0,3294.0417630251504,1544.691818763074,13964.302054594376,10632.94063479355,44.13111845155666,0.0,8.530947122977755,0.0,183.0831820945038,-139.84536870290654,388.35588741429405,-176.76907648117398,388.35588741429405,290.6702022973894,-129.13691373924408,290.6702022973894,388.35588741429405,-27.18630429044982,-27.18630429044982,5212.407727635522,2394.0968700663298,522.7420814485915,1122.8128731706438,3784.729351406662,1701.4049469407141,18880.44276231049,14172.207709149747,43.37393379567116,19.535364121848456,4.265473561488878,9.161934336215767,125.68766506996987,-96.00465570914405,321.02163169995765,-66.93992966349167,321.02163169995765,239.73067040618508,-48.46934660666301,239.73067040618508,321.02163169995765,-31.236035000917692,-48.58816035645856
22.5,5306.254036875004,0.0,1045.6875,0.0,3294.5941814639505,1544.92640004778,13966.888613655668,10634.913972778138,43.71082650000014,0.0,8.45,0.0,182.83451632500768,-140.04362888216016,387.27393669376363,-177.76281741878012,387.27393669376363,289.8456977225101,-129.8958910468081,289.8456977225101,387.27393669376363,-27.19305689325569,-27.19305689325569,5213.441536875006,2394.5625,522.84375,1123.0312500000002,3785.364059291381,1701.663327125946,18883.962462353677,14174.852313953803,42.9608265000002,19.35,4.225,9.075000000000015,125.51695457874267,-96.14076247068091,319.76195363779993,-68.13905119869133,319.76195363779993,238.7828674523657,-49.37216471188498,238.7828674523657,319.76195363779993,-31.243793486048222,-48.59967645488361
22.519567506580998,5307.105989007304,0.0,1045.852198351049,0.0,3295.040720270371,1545.1157283902473,13968.982044258853,10636.511123709835,43.367425271368994,0.0,8.38386182775622,0.0,182.52716469161234,-140.2056692644812,386.2076125411671,-178.57484688199654,386.2076125411671,289.0366011982212,-130.51608294470034,289.0366011982212,386.2076125411671,-27.198526944534336,-27.198526944534336,5214.2788708104645,2394.939649478438,522.9260991755245,1123.2081301817484,3785.8771154845876,1701.8718633365722,18886.8114790405,14176.99299977614,42.623295523343316,19.198547499063075,4.19193091387811,9.003969951110994,125.30595590199384,-96.2520041318099,318.6075703917586,-69.11885966739791,318.6075703917586,237.91548655998747,-50.109861483957374,237.91548655998747,318.6075703917586,-31.250078368000953,-48.60900554188381
22.563083866115,5308.976564903974,0.0,1046.2138331883345,0.0,3296.018252819365,1545.529242401348,13973.573398346356,10640.014126757482,42.603732091163636,0.0,8.236776532531294,0.0,182.33843311194317,-140.56619713555864,384.702087858652,-180.38101507447615,384.702087858652,287.88047166922104,-131.8955476525313,287.88047166922104,384.702087858652,-27.210539691630753,-27.210539691630753,5216.117348940514,2395.7677718573113,523.1069165941673,1123.5965131578864,3787.00026339718,1702.3273294532241,18893.061134859898,14181.688892966213,41.872657250998195,18.861730876269895,4.118388266265647,8.846005566002567,125.17639057926891,-96.49950860376616,316.63476081270863,-71.29806275760272,316.63476081270863,236.42808971258592,-51.75057922535969,236.42808971258592,316.63476081270863,-31.263880559896993,-48.62949403798018
22.606600225649,5310.813907653642,0.0,1046.5690674090308,0.0,3296.97436067211,1545.9323607963668,13978.07611685679,10643.449643936417,41.84003891095839,0.0,8.089691237306383,0.0,181.75561475416302,-140.9269523161305,382.50691131444285,-182.18758105857077,382.50691131444285,286.2120293286767,-133.27530786270486,286.2120293286767,382.50691131444285,-27.222342481832186,-27.222342481832186,5217.923162025622,2396.581237202928,523.2845337045154,1123.978022099048,3788.098795144413,1702.7713452906594,18899.191729768518,14186.295388719853,41.122018978653124,18.524914253476744,4.044845618653191,8.688041180894157,124.77628240050954,-96.74716912500706,314.1885012355986,-73.47753893405546,314.1885012355986,234.58898715233963,-53.39149983083195,234.58898715233963,314.1885012355986,-31.277441519264688,-48.649625742456365
22.650116585182,5312.618017256265,0.0,1046.91790101313,0.0,3297.909043828584,1546.3250835752942,13982.490199790049,10646.817675246555,41.07634573077061,0.0,7.942605942084833,0.0,181.56668735253572,-141.28793480618845,381.00104394352803,-183.9945448342393,381.00104394352803,285.0556452311519,-134.65536357518954,285.0556452311519,381.00104394352803,-27.233935270726924,-27.233935270726924,5219.696310065752,2397.380045515274,523.458950506565,1124.3526570052256,3789.172710726262,1703.2039108488682,18905.20326376623,14190.812487036957,40.37138070632523,18.188097630691306,3.9713029710424164,8.530076795789356,124.64658264487598,-96.99498569552696,312.21545639899864,-75.65728819670652,312.21545639899864,233.1014155421871,-55.03262330033675,233.1014155421871,312.21545639899864,-31.290761195076655,-48.66940056504758
22.693632944715997,5314.388893711927,0.0,1047.260334000648,0.0,3298.822302288829,1546.707410738148,13986.815647146332,10650.118220688053,40.31265255056537,0.0,7.795520646859921,0.0,181.19093303324573,-141.40636227681395,379.1682294666767,-185.3770373259278,379.1682294666767,283.65638614064477,-135.72009776243286,283.65638614064477,379.1682294666767,-27.24531801390405,-27.24531801390405,5221.4367930609815,2398.164196794383,523.630167000324,1124.720417876436,3790.2220101427747,1703.6250261278694,18911.09573685331,14195.240187917732,39.62074243398017,17.851281007898155,3.8977603234299605,8.372112410680943,124.38862512801822,-97.07628684013662,310.01796048021635,-77.54563546405458,310.01796048021635,231.44710884241294,-56.45727671618838,231.44710884241294,310.01796048021635,-31.303839536306437,-48.68881841619741
22.73714930425,5316.126537020584,0.0,1047.596366371577,0.0,3299.7141360528253,1547.07934228492,13991.05245892554,10653.351280260833,39.54895937036001,0.0,7.648435351634995,0.0,180.79585083110823,-142.01058171480423,377.3015911948419,-187.60966576050487,377.3015911948419,282.23200080243566,-137.4163615072505,282.23200080243566,377.3015911948419,-27.25649066695186,-27.25649066695186,5223.144611011275,2398.933691040238,523.7981831857885,1125.0813047126703,3791.246693393928,1704.034691127654,18916.869149029622,14199.578491362076,38.87010416163504,17.514464385104976,3.8242176758174975,8.214148025572518,124.11739890762333,-97.49108698443217,307.797244330244,-80.01760598085313,307.797244330244,229.7755528280404,-58.315478831631786,229.7755528280404,307.797244330244,-31.316676491926657,-48.707879207055036
22.780665663782997,5317.830947182199,0.0,1047.925998125909,0.0,3300.584545120552,1547.440878215601,13995.20063512758,10656.516853964826,38.78526619017229,0.0,7.501350056413459,0.0,180.21329127036427,-142.2011591823388,375.10686754547305,-189.11842074675735,375.10686754547305,280.5638948980593,-138.57489069045468,280.5638948980593,375.10686754547305,-27.267453185458635,-27.267453185458635,5224.819763916588,2399.6885282528206,523.9629990629545,1125.4353175139204,3792.246760479699,1704.4329058482124,18922.523500295025,14203.827397369892,38.11946588930721,17.17764776231957,3.7506750282067296,8.056183640467731,123.71746839452845,-97.62191951986955,305.35129566808683,-81.99263318210963,305.35129566808683,227.93668123318824,-59.804523055529195,227.93668123318824,305.35129566808683,-31.32927201090994,-48.72658284947664
22.824182023317,5319.50212419685,0.0,1048.2492292636598,0.0,3301.4335294920493,1547.792018530208,13999.260175752637,10659.614941800173,38.02157300996693,0.0,7.354264761188533,0.0,180.02592354766168,-142.73413786138937,373.60372961264943,-191.22637785318994,373.60372961264943,279.40953838311566,-140.17854144865075,279.40953838311566,373.60372961264943,-27.27820552501344,-27.27820552501344,5226.462251777001,2400.4287084321672,524.1246146318299,1125.7824562802032,3793.222211400132,1704.8196702895632,18928.058790649793,14207.986905941374,37.36882761696208,16.840831139526387,3.6771323805942666,7.898219255359305,123.5888393675116,-97.98781247047035,303.38012460652607,-84.37901610994236,303.38012460652607,226.45050157020714,-61.59914581916942,226.45050157020714,303.38012460652607,-31.341626042229812,-48.7449292560267
22.867698382851,5321.140068064498,0.0,1048.5660597848214,0.0,3302.261089167297,1548.132763228733,14003.231080800624,10662.645543766806,37.25787982976169,0.0,7.2071794659636215,0.0,179.50638682860287,-143.09625689892772,371.51929593620264,-193.03533058697593,371.51929593620264,277.82336217290907,-141.56007467288072,277.82336217290907,371.51929593620264,-27.28874764120458,-27.28874764120458,5228.0720745924755,2401.154231578258,524.2830298924107,1126.1227210115096,3794.1730461552065,1705.194984451697,18933.47502009379,14212.057017076424,36.618189344617015,16.50401451673324,3.6035897329818107,7.740254870250894,123.23217440031156,-98.2364092874193,301.00989064964483,-86.56013080388418,301.00989064964483,224.66787518498796,-63.241283609062144,224.66787518498796,301.00989064964483,-31.353738534858888,-48.76291833997533
22.911214742384,5322.744778785107,0.0,1048.8764896893865,0.0,3303.0672241462767,1548.4631123111685,14007.113350271446,10665.608659864653,36.49418664957391,0.0,7.0600941707420715,0.0,179.2569055021872,-143.4586032459522,369.9074591969081,-194.84468111233585,369.9074591969081,276.5882579731594,-142.9419033994219,276.5882579731594,369.9074591969081,-27.299079489620365,-27.299079489620365,5229.6492323629745,2401.86509769108,524.4382448446933,1126.4561117078326,3795.0992647448998,1705.558848334606,18938.772188626892,14216.03773077495,35.86755107228912,16.1671978939478,3.5300470853710357,7.582290485146092,123.06090402453472,-98.48516215364725,298.9640972277941,-88.74151858402432,298.9640972277941,223.1262617686492,-64.88362426298738,223.1262617686492,298.9640972277941,-31.36560943776985,-48.78055001529971
22.954731101918,5324.316256358749,0.0,1049.1805189773697,0.0,3303.851934429025,1548.7830657775287,14010.906984165285,10668.504290093852,35.73049346936855,0.0,6.9130088755171455,0.0,178.67525517941772,-143.82117690247938,367.7143267139674,-196.65442942935252,367.7143267139674,274.9213340781287,-144.3240276283375,274.9213340781287,367.7143267139674,-27.309201025849827,-27.309201025849827,5231.193725088569,2402.561306770662,524.5902594886849,1126.7826283691877,3796.000867169254,1705.911261938306,18943.95029624934,14219.929047037134,35.116912799944,15.83038127115462,3.4565044377585727,7.424326100037666,122.66159770857635,-98.73407106916555,296.51924091058567,-90.92317945046265,296.51924091058567,221.28820163004414,-66.52616778102036,221.28820163004414,296.51924091058567,-31.377238699936154,-48.79782419668515
22.998247461452,5325.854500785388,0.0,1049.4781476487642,0.0,3304.615220015524,1549.0926236278067,14014.611982482049,10671.332434454334,34.96680028916331,0.0,6.765923580292234,0.0,178.52431916318193,-144.18397786850105,366.2749442674609,-198.46457553798433,366.2749442674609,273.8143387815921,-145.7064473595958,273.8143387815921,366.2749442674609,-27.319112205481268,-27.319112205481268,5232.705552769227,2403.242858816991,524.7390738243821,1127.1022709955669,3796.877853428249,1706.2522252627894,18949.00934296102,14223.730965862893,34.36627452759893,15.493564648361469,3.382961790146117,7.266361714929255,122.55797925909012,-98.98313603396856,294.59183835970356,-93.10511340314912,294.59183835970356,219.83453571785293,-68.16891416312336,219.83453571785293,294.59183835970356,-31.388626270330438,-48.81474079952274
23.0,5325.915754500003,0.0,1049.49,0.0,3304.6455110955994,1549.104872718726,14014.759337542304,10671.444918924282,34.936044000000166,0.0,6.76,0.0,178.48311656958361,-144.19859374839334,366.1555089967716,-198.5374840596881,366.1555089967716,273.7240955404589,-145.76212787291118,273.7240955404589,366.1555089967716,-27.319506951998132,-27.319506951998132,5232.765754500004,2403.269999999998,524.745,1127.1150000000002,3796.912656733154,1706.2657170568364,18949.210592408024,14223.8822082531,34.33604400000017,15.479999999999942,3.38,7.260000000000015,122.52969343990699,-98.99316992018132,294.47201851983743,-93.19299236031715,294.47201851983743,219.7446454718792,-68.2350768962356,219.7446454718792,294.47201851983743,-31.389079819142577,-48.8154145913642
23.041763820985,5327.359512064988,0.0,1049.7693757035627,0.0,3305.3570809057564,1549.3917858619957,14018.228345221652,10674.093092946034,34.20310710897553,0.0,6.618838285070699,0.0,177.90760099091534,-144.54700614400872,364.0204430479273,-200.2751194381898,364.0204430479273,272.10182668223615,-147.08916259316513,272.10182668223615,364.0204430479273,-27.32881298324476,-27.32881298324476,5234.184715404908,2403.9097538300493,524.8846878517813,1127.4150395869626,3797.730223521865,1706.581738308048,18953.949328761817,14227.443487252125,33.615636255271035,15.15674802557603,3.3094191425353494,7.108397329824467,122.13459866131137,-99.2323570480505,292.1048520493496,-95.2873204420337,292.1048520493496,217.96517901291168,-69.81186340925878,217.96517901291168,292.1048520493496,-31.399772096939284,-48.83129973829628
23.085280180519,5328.831290197621,0.0,1050.0542031417785,0.0,3306.0775170997563,1549.6805524801096,14021.756072384267,10676.786265569082,33.439413928770286,0.0,6.471752989845787,0.0,177.72159712517924,-144.9102617290192,362.5196918647953,-202.08606113005206,362.5196918647953,270.9492431813491,-148.4721733291089,270.9492431813491,362.5196918647953,-27.338303316445845,-27.338303316445845,5235.631212995688,2404.5619918098696,525.0271015708893,1127.7209341433897,3798.55797745014,1706.8998010740977,18958.770253651957,14231.06661120502,32.86499798292597,14.819931402782881,3.2358764949228935,6.950432944716057,122.00690593000256,-99.48173411142285,290.13531950527795,-97.46980056721647,290.13531950527795,216.48021653435111,-71.4550155195019,216.48021653435111,290.13531950527795,-31.410676130708357,-48.847500933033814
23.128796540053003,5330.26983518325,0.0,1050.3326299634055,0.0,3306.7765285975065,1549.9589234821406,14025.195163969807,10679.411952323413,32.67572074856493,0.0,6.324667694620861,0.0,177.26534204484176,-145.2737446235241,360.5460010561105,-203.89740061352973,360.5460010561105,269.4453331014801,-149.85547956739558,269.4453331014801,360.5460010561105,-27.34758315981458,-27.34758315981458,5237.0450455415275,2405.199572756435,525.1663149817027,1128.019954664841,3799.361115213056,1707.20641356093,18963.472117631325,14234.600337721478,32.11435971058084,14.4831147799897,3.1623338473104305,6.792468559607631,121.69368417436183,-99.73126722407989,287.84111116862533,-99.6525537786476,287.84111116862533,214.75406632415897,-73.09837049381525,214.75406632415897,287.84111116862533,-31.421338319624212,-48.86334429963989
23.5,5341.190080875005,0.0,1052.4475000000002,0.0,3311.868383799893,1551.9109314249852,14050.928522743568,10699.066479814865,26.161261500000197,0.0,5.07,0.0,173.96424361543768,-148.38356768017687,344.7440032020162,-219.36466656530928,344.7440032020162,257.3847782000692,-161.66737648422975,257.3847782000692,344.7440032020162,-27.41818447599208,-27.41818447599208,5247.777580875006,2410.042499999998,526.2237500000001,1130.2912500000007,3805.2114641837034,1709.3564579452413,18998.740475915234,14261.109984313818,25.711261500000198,11.609999999999943,2.535,5.445000000000029,119.42746098001197,-101.86617876701824,268.98088359002116,-118.28298596728168,268.98088359002116,200.55696077401572,-87.12477089712355,200.55696077401572,268.98088359002116,-31.502456560620512,-48.98394339045234
23.577692307692,5343.169644235154,0.0,1052.8311989999986,0.0,3312.7368120835304,1552.22375572853,14055.498274940119,10702.558698943743,24.797795296159457,0.0,4.807400000001042,0.0,173.23190503593963,-149.03654199363493,341.3641779330953,-222.60560436866024,341.3641779330953,254.806671842882,-164.14230929556493,254.806671842882,341.3641779330953,-27.43101903079912,-27.43101903079912,5249.7230881108935,2410.9211480059116,526.4155994999993,1130.7033291035493,3806.209255423501,1709.7010191134364,19005.02571731834,14265.835196770904,24.37110298846703,11.00866153846387,2.403700000000521,5.162976923078066,118.92470630290426,-102.31444941574908,264.98370130413343,-122.18482120350988,264.98370130413343,197.548559643785,-90.06234279046433,197.548559643785,264.98370130413343,-31.517202978481894,-49.00588262373174
23.830560361038,5348.879135101569,0.0,1053.9387744730936,0.0,3315.0904670361374,1553.0124815615432,14068.415397899844,10712.435516721642,20.36007095754036,0.0,3.952705979691571,0.0,170.99164702312103,-151.1668186656951,330.6145299569246,-233.16278499850364,330.6145299569246,246.6019180672893,-172.2040873281717,246.6019180672893,330.6145299569246,-27.468135455396816,-27.468135455396816,5255.334273461946,2413.4574303022887,526.9693872365468,1131.892825839447,3808.913515910483,1710.569763297725,19022.85480862249,14279.241487523857,20.009239065851727,9.051462805565825,1.9763529898457854,4.245065889432095,117.38675619976419,-103.77689669135992,252.14609548013414,-134.8902970793331,252.14609548013414,187.8849038103889,-99.62784494807248,187.8849038103889,252.14609548013414,-31.55984834599696,-49.06937215237376
23.874076720572,5349.748514695993,0.0,1054.1075815393435,0.0,3315.4225498280052,1553.112812701936,14070.336477878016,10713.905411011745,19.596377777335,0.0,3.805620684466645,0.0,170.84046008486857,-151.53419456188607,329.17470839688866,-234.98093723493193,329.17470839688866,245.4945965721308,-173.59245446865026,245.4945965721308,329.17470839688866,-27.47380346438541,-27.47380346438541,5256.188670180669,2413.843988495417,527.0537907696718,1132.074118635449,3809.295066473559,1710.6802733014183,19025.517583440378,14281.244154496831,19.258600793506602,8.714646182772645,1.9028103422333225,4.08710150432367,117.28296549085997,-104.02910237222578,250.21839147527038,-137.07772728512967,250.21839147527038,186.43101396095417,-101.27467426105729,186.43101396095417,250.21839147527038,-31.566360673868438,-49.07907514147773
23.907089131252,5350.385875440058,0.0,1054.2313724577239,0.0,3315.6601830820005,1553.1819914497914,14071.734723380157,10714.97548590438,19.017024330299638,0.0,3.694038736368253,0.0,170.5088177727519,-151.81304514736686,327.70276961974275,-236.36049049046508,327.70276961974275,244.37252617124537,-174.64589562490903,244.37252617124537,327.70276961974275,-27.477962386289963,-27.477962386289963,5256.815043565114,2414.127462373601,527.1156862288619,1132.2070656868457,3809.5680980912393,1710.7564704187946,19027.458198378336,14282.703785373034,18.68915106967528,8.459130124109448,1.8470193681841265,3.967266453555276,117.05529112245819,-104.22053491448071,248.49535630253067,-138.73733926211239,248.49535630253067,185.1344454747198,-102.5241283733008,185.1344454747198,248.49535630253067,-31.571139117778603,-49.08619642020305
23.917593080105,5350.584661143397,0.0,1054.2699879890006,0.0,3315.733207923616,1553.202748226244,14072.168922279077,10715.307819433097,18.83268459714722,0.0,3.6585353892451096,0.0,170.41732239277033,-151.90179776756298,327.25897301764974,-236.79948726293355,327.25897301764974,244.03373909699374,-174.98111711143957,244.03373909699374,327.25897301764974,-27.479260174454026,-27.479260174454026,5257.010401854433,2414.215889655282,527.1349939945003,1132.2485373964714,3809.6520008712673,1710.7793330258924,19028.061297347438,14283.157424033334,18.507962521178765,8.377829559987207,1.8292676946225548,3.9291371192188818,116.99247901408748,-104.28146410237049,247.96396987667742,-139.26543057712402,247.96396987667742,184.73441961332114,-102.92170643807422,184.73441961332114,247.96396987667742,-31.57263022727563,-49.08841892347475
23.928097028958,5350.781510551605,0.0,1054.3082305949351,0.0,3315.804984477342,1553.2228993128178,14072.597956917256,10715.636220967082,18.64834486399486,0.0,3.6230320421219804,0.0,170.32584025674268,-151.99056363171303,326.81519959247623,-237.2385072123213,326.81519959247623,243.6949692398823,-175.31635581511011,243.6949692398823,326.81519959247623,-27.480545649153186,-27.480545649153186,5257.203856948508,2414.303462959995,527.1541152974676,1132.2896085975194,3809.734469415739,1710.8015284942483,19028.65745935503,14283.60585404395,18.326773972682307,8.296528995864996,1.8115160210609902,3.891007784882502,116.92967599776786,-104.34240238231133,247.43259936191373,-139.79353780322487,247.43259936191373,184.334405571589,-103.31929632251395,184.334405571589,247.43259936191373,-31.574107189067366,-49.09062049426396
23.938600977811,5350.976423664685,0.0,1054.3461002755273,0.0,3315.875512743176,1553.2424447095127,14073.021827294704,10715.96069050634,18.4640051308425,0.0,3.587528694998851,0.0,170.23437136466885,-152.0207401086949,326.37144934422184,-237.57499573416465,326.37144934422184,243.35621659991088,-175.575428315462,243.35621659991088,326.37144934422184,-27.48181880976283,-27.48181880976283,5257.395408847332,2414.3901822877415,527.1730501377637,1132.3302792899897,3809.815503724655,1710.823056823862,19029.246684401114,14284.049075404879,18.145585424185846,8.215228431742783,1.7937643474994256,3.8528784505461227,116.86688207349928,-104.36311870856531,246.90124475823936,-140.25125661037362,246.90124475823936,183.93440334952325,-103.66459766716072,183.93440334952325,246.90124475823936,-31.575570002436187,-49.09280113160696
23.949104926664,5351.169400482638,0.0,1054.3835970307773,0.0,3315.944792721119,1553.2613844163288,14073.440533411418,10716.28122805087,18.279665397690085,0.0,3.552025347875708,0.0,170.142915716549,-152.1681350918748,325.92772227288697,-238.11661664185476,325.92772227288697,243.0174811770795,-175.98688487387145,243.0174811770795,325.92772227288697,-27.4830796556584,-27.4830796556584,5257.585057550915,2414.476047638521,527.1917985153887,1132.3705494738824,3809.895103798014,1710.8439180147348,19029.828972485695,14284.487088116126,17.96439687568933,8.133927867620542,1.776012673937854,3.8147491162097285,116.8040972412818,-104.46430621834625,246.3699060656543,-140.84979998869477,246.3699060656543,183.53441294712377,-104.11451155039266,183.53441294712377,246.3699060656543,-31.57701866666447,-49.094960834542405
23.959608875517,5351.36044100546,0.0,1054.420720860685,0.0,3316.012824411172,1553.2797184332667,14073.854075267405,10716.59783360067,18.095325664537725,0.0,3.5165220007525786,0.0,170.10170413905826,-152.25694068788653,325.57192232515297,-238.5557061220004,325.57192232515297,242.74406304606603,-176.3221752289622,242.74406304606603,325.57192232515297,-27.484328186215283,-27.484328186215283,5257.772803059247,2414.5610590123324,527.2103604303425,1132.4104191491972,3809.973269635819,1710.8641120668663,19030.404323608764,14284.919892177682,17.78320832719287,8.052627303498332,1.7582610003762893,3.776619781873349,116.77580525460446,-104.5252717744403,245.8989298527646,-141.37795494806375,245.8989298527646,183.17926324392667,-104.51213689383154,183.17926324392667,245.8989298527646,-31.57845318103456,-49.09709960211134
23.961109439639,5351.3875744438155,0.0,1054.425993822073,0.0,3316.0224413229853,1553.2822881344719,14073.912731103104,10716.64274198577,18.06899141694198,0.0,3.5114500940202125,0.0,170.08241037569357,-152.26962828274281,325.49763256967157,-238.61843508259213,325.49763256967157,242.68757499936385,-176.37007525660349,242.68757499936385,325.49763256967157,-27.484505542338667,-27.484505542338667,5257.799468483279,2414.573133781901,527.2129969110365,1132.416082122522,3809.984319103624,1710.866942471151,19030.485950343784,14284.981296133452,17.757324248833758,8.041012937194028,1.7557250470101062,3.7711727341104853,116.76255997428994,-104.53398188180567,245.81554129275062,-141.45340695541665,245.81554129275062,183.11656293372528,-104.56894147919901,183.11656293372528,245.81554129275062,-31.57865695650984,-49.09740343124792
23.970112824370002,5351.549545233153,0.0,1054.4574717652501,0.0,3316.0796078133335,1553.2974467603253,14074.262452862651,10716.910507155737,17.91098593138525,0.0,3.481018653629435,0.0,169.96004415217087,-152.34575952785218,325.0403376609747,-238.99481877906555,325.0403376609747,242.3400619828368,-176.65748280119314,242.3400619828368,325.0403376609747,-27.48556440077066,-27.48556440077066,5257.958645372338,2414.645216409178,527.2287358826251,1132.4498883159345,3810.0500012380667,1710.883638980256,19030.972737770335,14285.347487589563,17.602019778696356,7.9713267393760905,1.7405093268147176,3.7384904475369547,116.67855485299998,-104.58624642258543,245.30727641375225,-141.9061258185222,245.30727641375225,182.73446760132407,-104.90977405693695,182.73446760132407,245.30727641375225,-31.57987354478491,-49.099217433298776
23.980616773222998,5351.736713165721,0.0,1054.4938497444732,0.0,3316.145142927605,1553.3145693975052,14074.66566619717,10717.21924871608,17.726646198232892,0.0,3.445515306506306,0.0,169.8686282359127,-152.3759889806496,324.5966801203978,-239.33140000858623,324.5966801203978,242.00137821142573,-176.91662417010528,242.00137821142573,324.5966801203978,-27.486788298776403,-27.486788298776403,5258.142584490179,2414.7285198290547,527.2469248722366,1132.4889569740944,3810.125298604759,1710.902498754904,19031.53421497039,14285.769874351752,17.420831230199894,7.890026175253879,1.722757653253153,3.700361113200575,116.61579729693571,-104.60699911704369,244.77598545443547,-142.36390827002847,244.77598545443547,182.3345126579239,-105.2551226802493,182.3345126579239,244.77598545443547,-31.581279757285763,-49.101314327267424
23.991120722076,5351.921944803159,0.0,1054.529854798354,0.0,3316.2094297539843,1553.3310863448066,14075.063715270951,10717.524058281693,17.542306465080472,0.0,3.410011959383162,0.0,169.78628977293383,-152.5234369396451,324.1689081230595,-239.87311362395363,324.1689081230595,241.67449512927757,-177.328149597075,241.67449512927757,324.1689081230595,-27.4879998795697,-27.4879998795697,5258.324620412775,2414.810969271965,527.264927399177,1132.5276251236762,3810.199161735894,1710.9206913908108,19032.088755208937,14286.187052464256,17.23964268170338,7.8087256111316385,1.705005979691581,3.6622317788641814,116.55927146513142,-104.7082229950289,244.25560001257344,-142.9625152927071,244.25560001257344,181.94265895606165,-105.70508384214679,181.94265895606165,244.25560001257344,-31.582671817775555,-49.10339028300716
24.0,5352.077016000005,0.0,1054.560000000001,0.0,3316.2627995768303,1553.3445761665578,14075.39616925946,10717.778655449887,17.38647900000017,0.0,3.380000000000044,0.0,169.74950911302514,-152.59855067751081,323.86473969779433,-240.24436493564366,323.86473969779433,241.4408408469329,-177.61163688076385,241.4408408469329,323.86473969779433,-27.48901445492344,-27.48901445492344,5258.477016000009,2414.8799999999965,527.2800000000005,1132.5600000000015,3810.2604816430285,1710.9355497911608,19032.55211287531,14286.535642135947,17.086479000000285,7.739999999999884,1.690000000000022,3.630000000000058,116.53402132904155,-104.75978901119169,243.85513607582305,-143.40903201958508,243.85513607582305,181.6407067277543,-106.04124671454893,181.6407067277543,243.85513607582305,-31.58383752646922,-49.105128814121414
24.001624670928997,5352.105240145467,0.0,1054.5654869268924,0.0,3316.272468292473,1553.3469976022288,14075.456600084,10717.824935852574,17.357966731928116,0.0,3.3745086122600334,0.0,169.72769515748644,-152.6122955114724,323.78268785890145,-240.31229581177652,323.78268785890145,241.37847904892055,-177.663508820726,241.37847904892055,323.78268785890145,-27.489199142485134,-27.489199142485134,5258.504753140124,2414.892564737907,527.2827434634462,1132.5658927646798,3810.2715906314734,1710.9382168879756,19032.636358485972,14286.599021927075,17.05845413320692,7.727425047009427,1.6872543061300167,3.624102444527787,116.51904592220062,-104.76922491932723,243.76374007624014,-143.49073389643357,243.76374007624014,181.57199562973497,-106.10275646425126,181.57199562973497,243.76374007624014,-31.58404972548972,-49.1054452995067
24.004625799173002,5352.157254597231,0.0,1054.5755990385555,0.0,3316.290250026104,1553.3514324266173,14075.567904350051,10717.910178669721,17.30529823673668,0.0,3.3643647987953007,0.0,169.6764709114691,-152.63768610741704,323.61199408918475,-240.43778069386602,323.61199408918475,241.24907522044185,-177.7593289041102,241.24907522044185,323.61199408918475,-27.489539526469517,-27.489539526469517,5258.555870067183,2414.9157208752654,527.2877995192778,1132.5767528135966,3810.2920211706205,1710.9431016371934,19032.791542429357,14286.71577079713,17.006685976488633,7.704196314400848,1.6821823993976504,3.6132083490020594,116.48388018057851,-104.78665571052557,243.58178138947434,-143.64165641995783,243.58178138947434,181.43531727404127,-106.21637938439403,181.43531727404127,243.58178138947434,-31.5844408138089,-49.106028600950275
24.012128619782,5352.28659919265,0.0,1054.6007461300885,0.0,3316.334258543072,1553.3623031697728,14075.844320636323,10718.121881428731,17.173626998775696,0.0,3.3390052651368896,0.0,169.59445995086145,-152.70116732725364,323.2658465601825,-240.7515011765189,323.2658465601825,240.98543020003248,-177.99888526151716,240.98543020003248,323.2658465601825,-27.490386086916025,-27.490386086916025,5258.682982672227,2414.9733062268824,527.3003730650443,1132.6037598971066,3810.342585291498,1710.9550752463995,19033.177024801513,14287.005782740207,16.877265584710344,7.646124482887186,1.6695026325684448,3.585973110191393,116.42757918104924,-104.83023593567665,243.1822080430207,-144.01896841124963,243.1822080430207,181.1347187457214,-106.50044090602228,181.1347187457214,243.1822080430207,-31.58541347973125,-49.10747937584642
24.022632568635,5352.4660219447,0.0,1054.6356324079422,0.0,3316.3948005057787,1553.3770030474382,14076.2268769279,10718.414895010155,16.98928726562334,0.0,3.303501918013761,0.0,169.50309701041888,-152.79005238698872,322.8222817272829,-241.19072971818042,322.8222817272829,240.64681529718166,-178.33427891944822,240.64681529718166,322.8222817272829,-27.49156071232444,-27.49156071232444,5258.8593090090835,2415.0531937388905,527.3178162039711,1132.6412265209556,3810.412145715965,1710.9712664660817,19033.710754155534,14287.407334903655,16.696077036213886,7.564823918764974,1.6517509590068804,3.5478437758550134,116.36485799318923,-104.89125604407711,242.6509807280613,-144.54721883715476,242.6509807280613,180.73481108098676,-106.8981371674595,180.73481108098676,242.6509807280613,-31.586763079882054,-49.109492511212736
24.033136517488,5352.643508401623,0.0,1054.6701457604538,0.0,3316.4540941805953,1553.3910972352244,14076.604268958752,10718.703976596851,16.80494753247092,0.0,3.267998570890617,0.0,169.41174731393014,-152.8789506906777,322.3787400713023,-241.62998143676145,322.3787400713023,240.30821761147072,-178.6696897945195,240.30821761147072,322.3787400713023,-27.492723018022033,-27.492723018022033,5259.033732150697,2415.132227273931,527.3350728802269,1132.678292636227,3810.4802719048766,1710.9867905470223,19034.237546548058,14287.803678417422,16.514888487717368,7.483523354642734,1.6339992854453085,3.509714441518619,116.30214589738027,-104.95228524452864,242.11976932419114,-145.07548517414946,242.11976932419114,180.3349152359184,-107.29584524856318,180.3349152359184,242.11976932419114,-31.58809852515126,-49.11148470456715
24.043640466341,5352.8190585634175,0.0,1054.7042861876232,0.0,3316.512139567521,1553.4045857331316,14076.976496728868,10718.989126188819,16.62060779931856,0.0,3.2324952237674878,0.0,169.35389807918258,-152.96786223832063,321.99382422336896,-242.06925633226172,321.99382422336896,240.01317052602343,-179.00511788673077,240.01317052602343,321.99382422336896,-27.493873003384234,-27.493873003384234,5259.206252097061,2415.2104068320045,527.3521430938116,1132.7149582429204,3810.5469638582326,1711.001647489221,19034.757401979066,14288.1948132815,16.33369993922091,7.402222790520522,1.6162476118837439,3.4715851071822397,116.26243206261772,-105.01332353703125,241.6288048771523,-145.60376742223335,241.6288048771523,179.96491713021047,-107.69356514933324,179.96491713021047,241.6288048771523,-31.58941981482124,-49.113455954969936
24.048142158706,5352.893701603629,0.0,1054.7188036384462,0.0,3316.5366340329674,1553.4101811026794,14077.1344420199,10719.110129484932,16.541605056549017,0.0,3.2172795035737947,0.0,169.30638613506326,-153.0059712415772,321.7891013124077,-242.25752409671313,321.7891013124077,239.85718653570507,-179.14887805392758,239.85718653570507,321.7891013124077,-27.49436208253124,-27.49436208253124,5259.279606606134,2415.2436509353684,527.3594018192231,1132.7305494696918,3810.575107072251,1711.007810524017,19034.97807360411,14288.360848024344,16.256047704160853,7.36737969161541,1.6086397517868973,3.4552439638972863,116.22981483775315,-105.03948558852427,241.39109677528893,-145.83017897069655,241.39109677528893,179.78607040053953,-107.86402015362113,179.78607040053953,241.39109677528893,-31.589981748256218,-49.11429436517645
24.054144415194003,5352.992672430083,0.0,1054.73805368945,0.0,3316.5689366665556,1553.4174685411604,14077.34356023825,10719.270343786056,16.436268066166143,0.0,3.1969918766443444,0.0,169.2290876528144,-153.05678702991742,321.49172629009945,-242.5085544046813,321.49172629009945,239.6310738914692,-179.34056319608217,239.6310738914692,321.49172629009945,-27.49501066770996,-27.49501066770996,5259.376868848179,2415.2877324131114,527.369026844725,1132.7512233410364,3810.6122215760315,1711.0158372926785,19035.27032044857,14288.580739495892,16.152511390724396,7.320922226398281,1.5984959383221722,3.433455772845846,116.17674898191561,-105.07437092158494,241.05739424971912,-146.1320655814068,241.05739424971912,179.53515900478098,-108.09129686976972,179.53515900478098,241.05739424971912,-31.590726948086505,-49.11540626136919
24.064648364047,5353.164350001621,0.0,1054.7714482659346,0.0,3316.624485477699,1553.4297456593106,14077.7054594869,10719.547629388566,16.251928333013783,0.0,3.161488529521215,0.0,169.1377776881874,-153.1457250654681,321.048254164877,-242.94787565402015,321.048254164877,239.2925278571786,-179.67602572257354,239.2925278571786,321.048254164877,-27.49613601052759,-27.49613601052759,5259.545582404052,2415.36420401725,527.3857241329673,1132.787087930575,3810.676045058275,1711.0293599573945,19035.776301956565,14288.961457060603,15.971322842227936,7.239621662276069,1.5807442647606076,3.3953264385094664,116.11406416225987,-105.1354273981897,240.52623057911723,-146.6603796516695,240.52623057911723,179.1352986187119,-108.48904040987253,179.1352986187119,240.52623057911723,-31.592019924405168,-49.11733562305895
24.075152312900002,5353.3340912780295,0.0,1054.804469917077,0.0,3316.6787860009517,1553.4414170875818,14078.06219447482,10719.820982996343,16.067588599861367,0.0,3.1259851823980718,0.0,169.0129937497326,-153.23467634497268,320.54620258545583,-243.3872200802784,320.54620258545583,238.91046565691184,-180.01150546620508,238.91046565691184,320.54620258545583,-27.497249031136036,-27.497249031136036,5259.712392764679,2415.439821644422,527.4022349585385,1132.8225520115352,3810.738434304962,1711.0422154833689,19036.275346503055,14289.336965975628,15.790134293731418,7.158321098153829,1.5629925911990359,3.357197104173072,116.02839926566371,-105.1964929668455,239.95485177386948,-147.1887096330216,239.95485177386948,178.70556413262017,-108.88679576964182,178.70556413262017,239.95485177386948,-31.59329874297171,-49.11924403899225
24.091658518240003,5353.5969154630375,0.0,1054.8556076217506,0.0,3316.7615933435877,1553.4585341626605,14078.612344112702,10720.242594431455,15.777911876343715,0.0,3.0701942083488682,0.0,168.73485808065797,-153.3744836852403,319.6136827991044,-244.07766529121756,319.6136827991044,238.203421589548,-180.5387227061198,238.203421589548,319.6136827991044,-27.49897316636678,-27.49897316636678,5259.97067810016,2415.5569239622255,527.4278038108753,1132.877472090815,3810.833576808529,1711.0610691316258,19037.04554386815,14289.916527815163,15.50540943181573,7.03056306882223,1.5350971041744341,3.2972795787888756,115.83745751766298,-105.2924715158135,238.95840120084986,-148.018974607734,238.95840120084986,177.95704395656315,-109.5118637869563,177.95704395656315,238.95840120084986,-31.595279709116955,-49.12220065745933
24.135174877774,5354.2668961754425,0.0,1054.9860109884658,0.0,3316.965127957959,1553.4964916065594,14080.00161062843,10721.307573509255,15.014218696138473,0.0,2.923108913123957,0.0,168.50093120953412,-153.74322343839773,318.0290663565437,-245.89820427733704,318.0290663565437,236.9885381816568,-181.92886286065465,236.9885381816568,318.0290663565437,-27.503372740061778,-27.503372740061778,5260.629084549247,2415.8555399558277,527.4930054942329,1133.0175206769618,3811.0674303794467,1711.1028774600175,19038.99395322141,14291.38281016955,14.754771159470664,6.693746446029079,1.4615544565619785,3.1393151936804644,115.67686536554764,-105.54561349238739,236.93129467036684,-150.2080433310195,236.93129467036684,176.4293122309541,-111.15991028436143,176.4293122309541,236.93129467036684,-31.600334652828966,-49.129747421257015
24.178691237307,5354.90364374083,0.0,1055.1100137385886,0.0,3317.147237876075,1553.5240534343752,14081.302241567051,10722.305066718314,14.250525515950692,0.0,2.776023617902407,0.0,168.08698364773085,-154.1121905010412,316.1294137053209,-247.7191410550301,316.1294137053209,235.53962787590322,-183.31929851750047,235.53962787590322,316.1294137053209,-27.507560752434337,-27.507560752434337,5261.25482595338,2416.1394989161677,527.5550068692943,1133.1506952281293,3811.276667784999,1711.1332355091913,19040.823301663848,14292.75969508747,14.004132887142768,6.356929823243641,1.3880118089512035,2.981350808575662,115.39268796645915,-105.79891151824016,234.68791395772075,-152.39738514050305,234.68791395772075,174.74091968431017,-112.80815964579894,174.74091968431017,234.68791395772075,-31.60514652058621,-49.13693458108096
24.222207596841,5355.507158159231,0.0,1055.2276158721259,0.0,3317.3079230979465,1553.5412196461098,14082.514236928635,10723.235074058688,13.48683233574545,0.0,2.628938322677495,0.0,167.58553779544508,-154.4813848731875,314.07663904572695,-249.5404756243801,314.07663904572695,233.97696979250154,-184.71002967672078,233.97696979250154,314.07663904572695,-27.511537159073214,-27.511537159073214,5261.847902312591,2416.408800843262,527.6138079360629,1133.2769957443243,3811.4612890251974,1711.1521432791499,19042.533589195573,14294.047182568997,13.253494614797702,6.02011320045049,1.3144691613387476,2.823386423467251,115.04844248409536,-106.05236559338339,232.33941409930293,-154.58700003628488,232.33941409930293,172.97443862937817,-114.45661187134421,172.97443862937817,232.33941409930293,-31.609715261361806,-49.14376207220773
24.265723956375002,5356.0774394306245,0.0,1055.3388173890735,0.0,3317.447183623568,1553.5479902417617,14083.637596713135,10724.097595530338,12.72313915554009,0.0,2.481853027452569,0.0,167.4142687384656,-154.85080655482824,312.6016737779188,-251.36220798534544,312.6016737779188,232.84354154299797,-186.10105633828408,232.84354154299797,312.6016737779188,-27.51530191556686,-27.51530191556686,5262.40831362686,2416.6634457371,527.6694086945367,1133.3964222255438,3811.621294100036,1711.1596007698904,19044.12481581652,14295.245272614085,12.502856342452578,5.683296577657311,1.2409265137262846,2.6654220383588254,114.9308652843536,-106.30597571781132,230.3875837354735,-156.77688801831508,230.3875837354735,171.5026263418547,-116.10526696095974,171.5026263418547,230.3875837354735,-31.6140408241286,-49.15022983062042
24.272307692308,5356.160824871038,0.0,1055.3550840000023,0.0,3317.466386906125,1553.5481092179173,14083.799834174522,10724.222211849003,12.607597453841066,0.0,2.459599999999031,0.0,167.18788289841922,-154.90671739634746,312.0276918895335,-251.63785862630814,312.0276918895335,232.4114452217851,-186.31153516141163,232.4114452217851,312.0276918895335,-27.51585306139924,-27.51585306139924,5262.490255285236,2416.700695313607,527.6775420000012,1133.4138919881686,3811.6433579451127,1711.1597318164959,19044.3551886318,14295.41874991566,12.389289761533437,5.632338461535896,1.2297999999995155,2.641523076922036,114.77545009375653,-106.34435883439392,229.85143832752343,-157.10822729673987,229.85143832752343,171.10103642187437,-116.35471518472123,171.10103642187437,229.85143832752343,-31.6146740698367,-49.151177024294356
24.309240315908,5356.614487555005,0.0,1055.4436182894297,0.0,3317.5650194529376,1553.5443652213316,14084.67232092054,10724.892631133254,11.95944597535237,0.0,2.334767732231034,0.0,166.8311250381808,-155.2204555459549,310.40592788435345,-253.18433813788408,310.40592788435345,231.17467625721844,-187.49237850215798,231.17467625721844,310.40592788435345,-27.518854974652456,-27.518854974652456,5262.936059896178,2416.9034335976794,527.7218091447148,1133.5089746717845,3811.756683009511,1711.1556079814147,19045.59698152666,14296.353965222721,11.752218070124743,5.346479954871902,1.167383866115517,2.5074576532540376,114.53053375608013,-106.55974189151807,227.94093329675388,-158.96704908654297,227.94093329675388,169.66323342727037,-117.7541249146073,169.66323342727037,227.94093329675388,-31.618123154583387,-49.15633778897062
24.352756675442002,5357.118302532393,0.0,1055.5420185731994,0.0,3317.661430586061,1553.5303445848192,14085.618409550896,10725.620180867472,11.195752795147012,0.0,2.1876824370061074,0.0,166.45425962378593,-155.59033184658452,308.5711689910683,-255.00686608207994,308.5711689910683,229.77397274307486,-188.88399616840672,229.77397274307486,308.5711689910683,-27.522196297621296,-27.522196297621296,5263.431141120569,2417.1287644250087,527.7710092865997,1133.6146530830515,3811.8674557536297,1711.140164913722,19046.950086326066,14297.373260394948,11.001579797779618,5.0096633320787225,1.0938412185030537,2.349493268145612,114.27181346599656,-106.81366411451536,225.7421025248263,-161.15748324106957,225.7421025248263,168.00793512230254,-119.40318573236297,168.00793512230254,225.7421025248263,-31.62196220825134,-49.16208589271007
24.396273034975998,5357.58888436278,0.0,1055.6340182403796,0.0,3317.736417022934,1553.5059283322244,14086.475862604177,10726.280244732972,10.43205961494177,0.0,2.040597141781196,0.0,166.29961071948745,-155.71765312777333,307.125288990452,-256.4049227422543,307.125288990452,228.66215069205663,-189.9602923093824,228.66215069205663,307.125288990452,-27.525325837210566,-27.525325837210566,5263.893557300022,2417.3394382190845,527.8170091201898,1133.7134574593426,3811.9536123323887,1711.1132715668123,19048.1841302147,14298.303158130744,10.250941525434552,4.672846709285571,1.020298570890598,2.191528883037201,114.1656460973473,-106.90107091159672,223.81023936540896,-163.05651540024311,223.81023936540896,166.55095561519943,-120.8357764964278,166.55095561519943,223.81023936540896,-31.62555793082926,-49.167474075926975
24.439789394509,5358.026233046152,0.0,1055.719617290969,0.0,3317.789978763557,1553.4711164635485,14087.244680080368,10726.872822729743,9.668366434753988,0.0,1.893511846559646,0.0,165.7012107234882,-156.33076637631845,304.90284457938634,-258.6531153452753,304.90284457938634,226.97345222184833,-191.66811800790035,226.97345222184833,304.90284457938634,-27.528243549008756,-27.528243549008756,5264.323308434527,2417.5354549799013,527.8598086454845,1133.805387800656,3812.015152745787,1711.0749279406866,19049.29911319254,14299.143658430092,9.500303253106656,4.336030086500133,0.946755923279823,2.033564497932399,113.75484103368939,-107.3219767083581,221.34526023976633,-165.53917080881675,221.34526023976633,164.69794710461522,-122.7019159600465,164.69794710461522,221.34526023976633,-31.628910271289996,-49.1725022774324
24.483305754043002,5358.430348582532,0.0,1055.7988157249708,0.0,3317.8221158079305,1553.4259089787888,14087.9248619795,10727.397914857813,8.90467325454863,0.0,1.74642655133472,0.0,165.47467061930524,-156.7013246054313,303.33115497897205,-260.47683666431686,303.33115497897205,225.76817161098018,-193.0606221811773,225.76817161098018,303.33115497897205,-27.53094938860455,-27.53094938860455,5264.7203945241,2417.716814707469,527.8994078624854,1133.8904441069958,3812.052076993826,1711.0251340353432,19050.295035259627,14299.894761293026,8.749664980761532,3.999213463706954,0.87321327566736,1.8756001128239732,113.59931993986895,-107.5763670792094,219.32702806129925,-167.73042422208786,219.32702806129925,163.17680775478945,-124.35158537001242,163.17680775478945,219.32702806129925,-31.632019178606637,-49.17717043674469
24.5,5358.5765598750095,0.0,1055.8275000000017,0.0,3317.828758426412,1553.4058069434438,14088.162277089985,10727.581445829348,8.611696500000312,0.0,1.6900000000000728,0.0,165.27391068108633,-156.84354274039515,302.5289643169016,-261.176579170691,302.5289643169016,225.15778038541262,-193.59490906251332,225.15778038541262,302.5289643169016,-27.531931190728915,-27.531931190728915,5264.864059875008,2417.7824999999953,527.9137500000008,1133.9212500000021,3812.0597091111295,1711.0029925945948,19050.645503288233,14300.159181719473,8.461696500000311,3.8699999999997963,0.8450000000000364,1.8150000000000728,113.46149707932187,-107.67400065270161,218.41599051381357,-168.57113051722752,218.41599051381357,162.49164270311866,-124.98450434851186,162.49164270311866,218.41599051381357,-31.63314723209978,-49.178865717775764
24.526822113577,5358.801230971909,0.0,1055.871613542384,0.0,3317.8328281560553,1553.3703058779472,14088.516408301559,10727.855521117164,8.140980074343387,0.0,1.5993412561098084,0.0,164.7020455331005,-157.07211014403856,300.8038166600198,-262.3009557749735,300.8038166600198,223.85298052348384,-194.45342185679695,223.85298052348384,300.8038166600198,-27.53344330633569,-27.53344330633569,5265.084815568736,2417.8835174017827,527.935806771192,1133.9686263783597,3812.064385076506,1710.9638898507828,19051.17189641595,14300.556466719527,7.999026708416467,3.6623968409138032,0.7996706280549042,1.717635727715562,113.06890834253592,-107.83091349934537,216.65273750168527,-169.92195072160695,216.65273750168527,161.16831075039744,-126.00145764404826,161.16831075039744,216.65273750168527,-31.63488459571914,-49.18147848707952
24.832831841554,5360.470762294063,0.0,1056.2027726234967,0.0,3317.303103691258,1552.6857190817434,14090.173043262526,10729.167569716195,2.7706424625786603,0.0,0.5650283755475394,0.0,162.27849482450353,-159.68591639488415,288.29821158442576,-275.13950804950264,288.29821158442576,214.2977141099808,-204.25602047522318,214.2977141099808,288.29821158442576,-27.54499474029235,-27.54499474029235,5266.724954073041,2418.641852102318,528.1013863117483,1134.3242794743473,3811.4557517092603,1710.2098498879088,19053.975641758137,14302.684949183495,2.720492015044845,1.29388154637182,0.2825141877737697,0.6068204151590472,111.40512674196822,-109.62530663177681,201.4626457584042,-185.34061264564957,201.4626457584042,149.7303729289082,-137.6091904569604,149.7303729289082,201.4626457584042,-31.648156756271952,-49.20160171250068
25.0,5360.688712500011,0.0,1056.2500000000014,0.0,3316.5662603486376,1552.0946237556432,14089.226846235133,10728.474850953244,-0.163085999999661,0.0,5.820766091346741e-14,0.0,160.47909263010706,-161.11854386882987,280.63455460268796,-282.1613092704518,282.1613092704518,208.4597344191396,-209.61719302947844,209.61719302947844,282.1613092704518,-27.546871687242255,-27.546871687242255,5266.9387125000085,2418.7499999999955,528.1250000000007,1134.375000000002,3810.609146588006,1709.5587863555434,19053.020647154022,14301.980603064416,-0.1630859999997192,-2.0372681319713593e-13,2.9103830456733704e-14,7.275957614183426e-14,110.16982671195927,-110.60881369154805,192.593339245929,-193.76928146020882,193.76928146020882,143.05768872554722,-143.95454379901233,143.95454379901233,193.76928146020882,-31.650313297300702,-49.20506433757234
25.167168158446,5360.4162367214885,0.0,1056.2027726234965,0.0,3317.303103691258,1552.6857190817434,14090.104886296805,10729.11304414362,-3.0968144625779823,0.0,-0.5650283755474229,0.0,159.50274411114836,-162.55452577931365,274.41124155296603,-289.18898075534247,289.18898075534247,203.69172450636745,-214.98272635123314,214.98272635123314,289.18898075534247,-27.54561357068258,-27.54561357068258,5266.670428500464,2418.6418521023184,528.1013863117482,1134.3242794743473,3811.4557517092603,1710.2098498879088,19053.907484792417,14302.630423610917,-3.0466640150442834,-1.2938815463722275,-0.28251418777371146,-0.6068204151589016,109.49955779791395,-111.5946235914342,184.71283718639012,-202.20198024496912,202.20198024496912,137.119544972939,-150.3028908332136,150.3028908332136,202.20198024496912,-31.64886776897609,-49.203203213474836
25.305114704776,5359.822064334983,0.0,1056.0926694786122,0.0,3317.6730473060243,1553.0579602701987,14089.84441742219,10728.889695311425,-5.517716343921842,0.0,-1.0312877021428284,0.0,158.44764100299167,-163.7420188773435,268.8392947721189,-294.9926100184677,294.9926100184677,199.4329292578245,-219.41362858661125,219.41362858661125,294.9926100184677,-27.54221255107084,-27.54221255107084,5266.086028582439,2418.3897224155126,528.0463347393061,1134.2060326057288,3811.8808029253346,1710.6198559433565,19053.316153035757,14302.17316214592,-5.426181932489155,-2.3615878149664202,-0.5156438510714142,-1.1075663783368073,108.77522340217558,-112.40984448212768,177.91022183079127,-209.16364696673944,209.16364696673944,131.99681044596446,-155.54377780362978,155.54377780362978,209.16364696673944,-31.64496012612416,-49.19765613056834
25.315618653629002,5359.763138377157,0.0,1056.0816504226648,0.0,3317.692395768333,1553.0820245447733,14089.788091200027,10728.844903298654,-5.70205607707426,0.0,-1.066791049265972,0.0,158.35790833020724,-163.83253420473676,268.3985829076209,-295.43469152853106,295.43469152853106,199.09643370292918,-219.75114159249802,219.75114159249802,295.43469152853106,-27.54186598515494,-27.54186598515494,5266.028080647332,2418.3644894294084,528.0408252113324,1134.1941985308506,3811.9030335764533,1710.646361603132,19053.222106600704,14302.101537468314,-5.607370480985672,-2.4428883790886613,-0.533395524632986,-1.1456957126732012,108.7136214025067,-112.47198377871928,177.3809530951662,-209.69385597197925,209.69385597197925,131.5983577258782,-155.94292900971558,155.94292900971558,209.69385597197925,-31.644561934999544,-49.197085077242306
25.326122602482,5359.702276124202,0.0,1056.070258441376,0.0,3317.710495942751,1553.1054831294698,14089.726600717133,10728.796179291156,-5.8863958102266185,0.0,-1.1022943963891012,0.0,158.26818890137667,-163.92306277608395,267.95789422004225,-295.87679621551376,295.87679621551376,198.75995536517397,-220.08867181552483,220.08867181552483,295.87679621551376,-27.54150702264416,-27.54150702264416,5265.968229516975,2418.3384024663374,528.035129220688,1134.1819639473952,3811.9238299920157,1710.6722001241662,19053.12112320414,14302.024704141018,-5.788559029482131,-2.5241889432108726,-0.5511471981945506,-1.1838250470095808,108.65202849488887,-112.53413216736193,176.8517002706307,-210.22408088830824,210.22408088830824,131.19991682545842,-156.3420920354677,156.3420920354677,210.22408088830824,-31.644149500656475,-49.19649298426164
25.336626551335,5359.639477576118,0.0,1056.0584935347438,0.0,3317.7273478292777,1553.1283360242874,14089.659945973499,10728.743523288924,-6.070735543379036,0.0,-1.1377977435122448,0.0,158.17848271650004,-164.01360459138502,267.5172287093829,-296.318924079416,296.318924079416,198.42349424455878,-220.4262192556918,220.4262192556918,296.318924079416,-27.54113566291393,-27.54113566291393,5265.906475191375,2418.311461526298,528.0292467673719,1134.169328855362,3811.943192172022,1710.697371506459,19053.01320284607,14301.942662164036,-5.969747577978647,-2.6054895073331137,-0.5688988717561224,-1.221954381345975,108.59044467932213,-112.5962896480557,176.32246335718438,-210.7543217157268,210.7543217157268,130.8014877447049,-156.7412668808863,156.7412668808863,210.7543217157268,-31.6437228223773,-49.195879850981996
25.347130500187998,5359.574742732906,0.0,1056.04635570277,0.0,3317.742951427913,1553.1505832292262,14089.588126969134,10728.686935291964,-6.255075276531396,0.0,-1.1733010906353738,0.0,158.08878977557725,-164.10415965063993,267.0765863756429,-296.7610751202372,296.7610751202372,198.08705034108368,-220.7637839129987,220.7637839129987,296.7610751202372,-27.54075190533964,-27.54075190533964,5265.842817670527,2418.283666609293,528.023177851385,1134.1562932547504,3811.9611201164716,1710.7218757500102,19052.89834552649,14301.85541153737,-6.150936126475106,-2.6867900714553254,-0.5866505453176869,-1.2600837156823546,108.52886995580644,-112.65845622080046,175.79324235482758,-211.2845784542345,211.2845784542345,130.4030704836179,-157.14045354597107,157.14045354597107,211.2845784542345,-31.64328189944441,-49.19524567676149
25.357634449041,5359.508071594568,0.0,1056.0338449454537,0.0,3317.7573067386584,1553.1722247442863,14089.511143704043,10728.626415300278,-6.439415009683813,0.0,-1.2088044377585174,0.0,157.9991100786084,-164.1947279538488,266.6359672188221,-297.203249337978,297.203249337978,197.75062365474858,-221.1013657874458,221.1013657874458,297.203249337978,-27.54035574929671,-27.54035574929671,5265.777256954434,2418.2550177153203,528.0169224727268,1134.1428571455617,3811.977613825367,1710.7457128548199,19052.77655124541,14301.76295226102,-6.332124674971623,-2.768090635577566,-0.6044022188792587,-1.2982130500187485,108.46730432434182,-112.72063188559635,175.26403726356,-211.8148511038318,211.8148511038318,130.00466504219716,-157.53965203072246,157.53965203072246,211.8148511038318,-31.64282673114016,-49.19459046096058
25.368138397894,5359.4394641611,0.0,1056.0209612627955,0.0,3317.7704137615124,1553.1932605694676,14089.428996178214,10728.561963313861,-6.623754742836172,0.0,-1.2443077848816466,0.0,157.9094436255934,-164.28530950101154,266.1953712389208,-297.6454467326378,297.6454467326378,197.41421418555362,-221.43896487903282,221.43896487903282,297.6454467326378,-27.539947194160547,-27.539947194160547,5265.709793043095,2418.2255148443787,528.0104806313977,1134.1290205277955,3811.992673298705,1710.768882820888,19052.647820002814,14301.665284334984,-6.5133132234680815,-2.849391199699778,-0.6221538924408233,-1.336342384355128,108.40574778492825,-112.78281664244328,174.7348480833819,-212.34513966451826,212.34513966451826,129.60627142044294,-157.9388623351401,157.9388623351401,212.34513966451826,-31.642357316746917,-49.19391420294215
25.378642346747,5359.368920432502,0.0,1056.0077046547945,0.0,3317.7822724964753,1553.2136907047698,14089.341684391651,10728.493579332715,-6.8080944759885895,0.0,-1.27981113200479,0.0,157.8197904165323,-164.37590429212818,265.75479843593865,-298.08766730421723,298.08766730421723,197.0778219334986,-221.77658118776006,221.77658118776006,298.08766730421723,-27.539526239306564,-27.539526239306564,5265.640425936507,2418.1951579964716,528.0038523273972,1134.1147834014514,3812.006298536487,1710.7913856482144,19052.512151798714,14301.56240775926,-6.694501771964599,-2.9306917638220185,-0.639905566002395,-1.3744717186915223,108.34420033756577,-112.8450104913413,174.20567481429308,-212.87544413629428,212.87544413629428,129.20788961835495,-158.33808445922423,158.33808445922423,212.87544413629428,-31.641873655547066,-49.1932169020715
25.3891462956,5359.296440408777,0.0,1055.9940751214515,0.0,3317.792882943548,1553.2335151501936,14089.249208344356,10728.421263356842,-6.992434209140949,0.0,-1.3153144791279192,0.0,157.73015045142512,-164.46651232719873,265.31424880987595,-298.5299110527159,298.5299110527159,196.74144689858377,-222.11421471362723,222.11421471362723,298.5299110527159,-27.539092884110175,-27.539092884110175,5265.569155634677,2418.1639471715966,527.9970375607257,1134.1001457665293,3812.0184895387138,1710.8132213367994,19052.369546633105,14301.454322533855,-6.875690320461057,-3.01199232794423,-0.6576572395639596,-1.4126010530279018,108.28266198225435,-112.90721343229038,173.67651745629374,-213.40576451915953,213.40576451915953,128.8095196359335,-158.73731840297464,158.73731840297464,213.40576451915953,-31.64137574682296,-49.1924985577163
25.399650244453003,5359.222024089921,0.0,1055.9800726627657,0.0,3317.80224510273,1553.2527339057388,14089.151568036328,10728.345015386234,-7.176773942293367,0.0,-1.3508178262510628,0.0,157.69717503855426,-164.55713360622318,264.97286215022666,-298.9721779781339,298.9721779781339,196.47873578157615,-222.45186545663458,222.45186545663458,298.9721779781339,-27.53864712794678,-27.53864712794678,5265.495982137597,2418.1318823697547,527.9900363313828,1134.0851076230297,3812.0292463053843,1710.8343898866428,19052.22000450599,14301.341028658764,-7.056878868957574,-3.093292892066471,-0.6754089131255314,-1.4507303873642958,108.26002417029893,-112.96942546529056,173.21543604916724,-213.93610081311434,213.93610081311434,128.46172035987473,-159.1365641663916,159.1365641663916,213.93610081311434,-31.640863589856984,-49.19175916924664
25.410154193306,5359.145671475938,0.0,1055.9656972787384,0.0,3317.8103589740203,1553.2713469714051,14089.048763467565,10728.264835420901,-7.361113675445726,0.0,-1.3863211733741918,0.0,157.55091025307246,-164.6477681292015,264.43321908850834,-299.414468080471,299.414468080471,196.0687484801743,-222.78953341678186,222.78953341678186,299.414468080471,-27.5381889701918,-27.5381889701918,5265.420905445274,2418.0989635909455,527.9828486393692,1134.0696689709528,3812.0385688364986,1710.854891297745,19052.063525417365,14301.22252613399,-7.238067417454032,-3.1745934561886826,-0.6931605866870959,-1.4888597217006754,108.15961254778475,-113.03164659034174,172.61825047356308,-214.46645301815826,214.46645301815826,128.01281513008968,-159.53582174947474,159.53582174947474,214.46645301815826,-31.640337183931493,-49.19099873603499
25.420658142159002,5359.0673825668255,0.0,1055.9509489693678,0.0,3317.81722455742,1553.2893543471928,14088.940794638069,10728.18072346084,-7.545453408598143,0.0,-1.4218245204973354,0.0,157.46131001982695,-164.73841589613372,263.9927389932035,-299.8567813597277,299.8567813597277,195.7324250966796,-223.1272185940693,223.1272185940693,299.8567813597277,-27.537718410220638,-27.537718410220638,5265.343925557704,2418.065190835169,527.9754744846839,1134.053829810298,3812.0464571320567,1710.8747255701055,19051.900109367238,14301.09881495953,-7.4192559659505495,-3.2558940203109232,-0.7109122602486677,-1.5269890560370696,108.09810146862655,-113.09387680744403,172.08914084883176,-214.99682113429176,214.99682113429176,127.61448060666731,-159.93509115222446,159.93509115222446,214.99682113429176,-31.639796528328866,-49.19021725745625
25.431162091012,5358.987157362585,0.0,1055.9358277346562,0.0,3317.8228418529293,1553.3067560331012,14088.827661547843,10728.09267950605,-7.729793141750503,0.0,-1.4573278676204646,0.0,157.37172303053538,-164.82907690701984,263.5522820748181,-300.2991178159035,300.2991178159035,195.39611893032503,-223.46492098849674,223.46492098849674,300.2991178159035,-27.537235447408705,-27.537235447408705,5265.265042474889,2418.0305641024243,527.9679138673281,1134.037590141066,3812.0529111920587,1710.893892703724,19051.7297563556,14300.969895135382,-7.600444514447008,-3.337194584433135,-0.7286639338102323,-1.5651183903734491,108.03659948151945,-113.15611611659737,171.56004713518996,-215.5272051615145,215.5272051615145,127.21615790291145,-160.3343723746404,160.3343723746404,215.5272051615145,-31.63924162233147,-49.189414732887684
25.441666039864998,5358.904995863216,0.0,1055.9203335746013,0.0,3317.827210860546,1553.3235520291312,14088.709364196877,10728.000703556527,-7.914132874902862,0.0,-1.4928312147435936,0.0,157.28214928519768,-164.9197511618598,263.11184833335193,-300.7414774489986,300.7414774489986,195.0598299811105,-223.8026406000642,223.8026406000642,300.7414774489986,-27.53674008113141,-27.53674008113141,5265.184256196826,2417.9950833927132,527.9601667873006,1134.0209499632558,3812.057931016504,1710.9123926986015,19051.552466382454,14300.835766661548,-7.781633062943467,-3.4184951485553468,-0.7464156073717968,-1.6032477247098287,107.97510658646335,-113.21836451780179,171.03096933263743,-216.05760509982656,216.05760509982656,126.81784701882192,-160.73366541672277,160.73366541672277,216.05760509982656,-31.63867246522168,-49.18859116170899
25.452169988718,5358.820898068718,0.0,1055.9044664892047,0.0,3317.830331580274,1553.3397423352826,14088.585902585184,10727.904795612278,-8.098472608055278,0.0,-1.5283345618667372,0.0,157.1925887838139,-165.01043866065373,262.6714377688051,-301.1838602590133,301.1838602590133,194.72355824903605,-224.1403774287719,224.1403774287719,301.1838602590133,-27.536232310764166,-27.536232310764166,5265.101566723518,2417.958748706035,527.9522332446023,1134.0039092768684,3812.0615166053944,1710.9302255547375,19051.368239447802,14300.696429538037,-7.962821611439984,-3.4997957126775874,-0.7641672809333686,-1.6413770590462227,107.91362278345838,-113.28062201105729,170.5019074411743,-216.58802094922814,216.58802094922814,126.41954795439874,-161.13297027847165,161.13297027847165,216.58802094922814,-31.638089056281856,-49.18774654330225
25.462673937570997,5358.7348639790935,0.0,1055.8882264784656,0.0,3317.8322040121107,1553.355326951555,14088.45727671276,10727.804955673304,-8.282812341207638,0.0,-1.5638379089898662,0.0,157.10304152638955,-165.10113940340156,262.23105038118734,-301.626266245947,301.626266245947,194.38730373410888,-224.47813147461952,224.47813147461952,301.626266245947,-27.53571213568237,-27.53571213568237,5265.01697405496,2417.92156004239,527.9441132392328,1133.9864680819026,3812.0636679587287,1710.9473912721319,19051.17707555164,14300.551883764832,-8.144010159936443,-3.581096276799799,-0.7819189544949331,-1.6795063933826022,107.85214807250827,-113.34288859636385,169.97286146080722,-217.11845270971898,217.11845270971898,126.02126070964698,-161.5322869598868,161.5322869598868,217.11845270971898,-31.637491394794367,-49.18688087705193
25.473177886423,5358.646893594345,0.0,1055.8716135423854,0.0,3317.8328281560553,1553.3703058779472,14088.323486579606,10727.7011837396,-8.467152074342536,0.0,-1.5993412561096338,0.0,156.9224667623099,-165.19185339009462,261.63136485694974,-302.06869540975816,302.06869540975816,193.93271346055076,-224.8159027375752,224.8159027375752,302.06869540975816,-27.535179555261507,-27.535179555261507,5264.930478191168,2417.8835174017795,527.9358067711927,1133.9686263783613,3812.064385076506,1710.9638898507828,19050.978974693993,14300.402129341957,-8.32519870841573,-3.662396840914298,-0.7996706280548169,-1.7176357277153729,107.72818245093625,-113.40516427371554,169.3344563868918,-217.64890038124886,217.64890038124886,125.54173528111691,-161.93161546093043,161.93161546093043,217.64890038124886,-31.636879480041657,-49.18599416234501
25.5,5358.413473875018,0.0,1055.8275000000026,0.0,3317.828758426412,1553.4058069434438,14087.958419589999,10727.418359829357,-8.937868499999459,0.0,-1.689999999999898,0.0,156.20409150167234,-165.42355406281501,259.64982450292746,-303.1985552349255,303.1985552349255,192.4374504521747,-225.67848878165887,225.67848878165887,303.1985552349255,-27.53376331093732,-27.53376331093732,5264.700973875011,2417.7824999999925,527.9137500000013,1133.9212500000035,3812.0597091111295,1711.0029925945948,19050.44164578824,14299.996095719476,-8.787868499999576,-3.870000000000291,-0.844999999999949,-1.8149999999998836,107.23501367311285,-113.56422812773101,167.39518830294793,-219.0034848485288,219.0034848485288,124.087649275047,-162.95136506605,162.95136506605,219.0034848485288,-31.63525226889859,-49.183634412805105
25.727692307692,5355.92347201566,0.0,1055.3550840000037,0.0,3317.466386906125,1553.5481092179173,14083.503143105301,10723.984858993626,-12.933769453840213,0.0,-2.459599999998856,0.0,154.24151644331192,-167.39393387481786,250.06604195849735,-312.79599609822986,312.79599609822986,185.12060192246648,-233.0054834911023,233.0054834911023,312.79599609822986,-27.51848238903822,-27.51848238903822,5262.252902429856,2416.7006953136033,527.6775420000018,1133.4138919881702,3811.6433579451127,1711.1597318164959,19044.058497562568,14295.181397060278,-12.715461761532701,-5.632338461536361,-1.229799999999428,-2.641523076921847,105.88769452676682,-114.91690528266385,155.90134975839325,-230.50669990811042,230.50669990811042,115.43487958480654,-171.61110016745334,171.61110016745334,230.50669990811042,-31.617695067809876,-49.15807426870114
25.924847687099998,5353.032431858243,0.0,1054.8044699170778,0.0,3316.6787860009517,1553.4414170875818,14077.685120200085,10719.519323576556,-16.393760599860574,0.0,-3.125985182397897,0.0,152.93329138491544,-169.1050835986363,242.45208140017948,-321.1150748210361,321.1150748210361,179.29353301813163,-239.35635446048568,239.35635446048568,321.1150748210361,-27.500536029328224,-27.500536029328224,5259.410733344885,2415.439821644419,527.4022349585389,1132.8225520115366,3810.738434304962,1711.0422154833689,19035.89827222831,14289.035306555828,-16.116306293730624,-7.158321098154265,-1.5629925911989484,-3.357197104172883,104.98959044590697,-116.09161948039312,146.41891522138013,-240.473202149645,240.473202149645,108.29165049242233,-179.1139224117678,179.1139224117678,240.473202149645,-31.597075379526693,-49.127946914775805
25.978867995486997,5352.121229339845,0.0,1054.630671486128,0.0,3316.386228079752,1553.3749401479681,14075.773443043563,10718.05399732965,-17.341793513218292,0.0,-3.308573824745952,0.0,152.659456043334,-169.5747506793225,240.51394544719267,-323.39591631745617,323.39591631745617,177.80692551836995,-241.09754322108353,241.09754322108353,323.39591631745617,-27.494854265620212,-27.494854265620212,5258.514956722727,2415.041833521473,527.315335743064,1132.635898667055,3810.4022963228085,1710.9689942799273,19033.235832652106,14287.03100987397,-17.048133114572206,-7.576438285069656,-1.654286912372976,-3.5532908236176883,104.80160089764115,-116.41404865196613,143.92239801142927,-243.20498870038347,243.20498870038347,106.40993203130097,-181.1704123831885,181.1704123831885,243.20498870038347,-31.59054724800304,-49.1183962930493
26.0,5351.750844000017,0.0,1054.5600000000031,0.0,3316.2627995768303,1553.3445761665578,14074.98845425948,10717.452483449899,-17.71265099999949,0.0,-3.379999999999898,0.0,152.41506338457634,-169.75857332235051,239.51554717300942,-324.28831706411256,324.28831706411256,177.0469313999499,-241.7787963190551,241.7787963190551,324.28831706411256,-27.49254213612365,-27.49254213612365,5258.150844000011,2414.879999999992,527.2800000000016,1132.5600000000034,3810.2604816430285,1710.9355497911608,19032.14439787531,14286.209470135944,-17.412650999999546,-7.740000000000291,-1.689999999999949,-3.6299999999998835,104.63382392168914,-116.54024396125047,142.7808781129565,-244.27374068218785,244.27374068218785,105.55132009819621,-181.97496814962528,181.97496814962528,244.27374068218785,-31.58789069869389,-49.11450854064715
26.032888303874,5351.158813791108,0.0,1054.4470095604106,0.0,3316.0606542176015,1553.292443329112,14073.725176460302,10716.4846738344,-18.28982642657601,0.0,-3.491162467094007,0.0,152.01899640495546,-170.04476804907503,237.93421697481105,-325.67737081974235,325.67737081974235,175.8437064327721,-242.83918735746755,242.83918735746755,325.67737081974235,-27.48884357140516,-27.48884357140516,5257.5688425283415,2414.621258579149,527.2235047802053,1132.4386522793761,3810.028224273704,1710.8781279375257,19030.38991752256,14284.888949722888,-17.97995993541385,-7.994555471985048,-1.7455812335470036,-3.7493845430624932,104.36192164584727,-116.73671829901227,140.98542382030425,-245.93719608319995,245.93719608319995,104.20101695559308,-183.22721497272434,183.22721497272434,245.93719608319995,-31.583641187772294,-49.10828823445111
26.086908612259997,5350.145185212046,0.0,1054.2534841399286,0.0,3315.7020644145064,1553.1939266310155,14071.540320450336,10714.811353090834,-19.23785933991615,0.0,-3.6737511094386863,0.0,151.61047308470353,-170.51513570788518,235.76037705917796,-327.95943832785224,327.95943832785224,174.18200456075976,-244.58128686960558,244.58128686960558,327.95943832785224,-27.482503881958117,-27.482503881958117,5256.572390761751,2414.178096817455,527.1267420699643,1132.2308128485038,3809.616218157654,1710.7696164561664,19027.360526839733,14282.609126102625,-18.9117867562382,-8.412672658892697,-1.8368755547193432,-3.9454782625036753,104.08146802000529,-117.05962842152566,138.32709447463517,-248.66982429804398,248.66982429804398,102.19909519365297,-185.28433018033726,185.28433018033726,248.66982429804398,-31.576357124467947,-49.09762268845291
26.140928920647,5349.080343602629,0.0,1054.050095224676,0.0,3315.3104586704544,1553.079390053676,14069.218875013596,10713.034035098895,-20.185892253273867,0.0,-3.8563397517867415,0.0,151.35687903925168,-170.98585365577034,233.857663374418,-330.24211884187054,330.24211884187054,172.7217107459666,-246.32384175756206,246.32384175756206,330.24211884187054,-27.475835102203163,-27.475835102203163,5255.525601422918,2413.7123482363727,527.025047612338,1132.0123803744307,3809.166277974646,1710.6434598358462,19024.147660603503,14280.1915390131,-19.843613577079786,-8.83078984580809,-1.9281698758933707,-4.141571981948481,103.90737423878599,-117.38277901951817,135.85489485701575,-251.40287334501653,251.40287334501653,100.33544122969208,-187.34175800610333,187.34175800610333,251.40287334501653,-31.568694948851366,-49.086399582518226
26.194949229033003,5347.964288962889,0.0,1053.8368428146593,0.0,3314.88583698546,1552.948833597096,14066.760840150158,10711.152719858646,-21.133925166614063,0.0,-4.038928394131435,0.0,150.9233872826921,-171.45692189271313,231.64012869524643,-332.5254123617127,332.5254123617127,171.02754990675422,-248.06685202127252,248.06685202127252,332.5254123617127,-27.468837147181727,-27.468837147181727,5254.42847451188,2413.2240128359203,526.9184214073297,1131.7833548571639,3808.6784037246957,1710.4996580765683,19020.751318814,14277.636188454399,-20.775440397904195,-9.248907032715767,-2.0194641970657177,-4.337665701389676,103.60977963678192,-117.7061700929779,133.1665688030629,-254.13634322401677,254.13634322401677,98.31123619874113,-189.39949844994663,189.39949844994663,254.13634322401677,-31.56065456330837,-49.07461885365245
26.24896953742,5346.797021292791,0.0,1053.6137269098713,0.0,3314.4281993595077,1552.8022572612717,14064.166215859936,10709.167407370021,-22.081958079971724,0.0,-4.22151703647949,0.0,150.19460991383144,-171.92834041873084,228.90584419452114,-334.80931888746284,334.80931888746284,168.94951777152966,-249.8103176608013,249.8103176608013,334.80931888746284,-27.46150993193475,-27.46150993193475,5253.281010028597,2412.71309061608,526.8068634549356,1131.5437362966968,3808.1525954077842,1710.3382111783287,19017.171501471094,14274.943074426432,-21.70726721874572,-9.66702421963113,-2.110758518239745,-4.533759420834468,103.10946975140614,-118.02980164191672,130.12349100316976,-256.8702339351453,256.8702339351453,96.02350129937693,-191.45755151194282,191.45755151194282,256.8702339351453,-31.5522358702242,-49.062280440539
26.302989845806998,5345.578540592351,0.0,1053.3807475103163,0.0,3313.9375457926044,1552.639661046205,14061.435002142971,10707.078097633053,-23.02999099332944,0.0,-4.404105678827546,0.0,149.73938901371892,-172.40010923381493,226.650283514105,-337.09383841907925,337.09383841907925,167.22710904567765,-251.5542386761164,251.5542386761164,337.09383841907925,-27.45385337150353,-27.45385337150353,5252.083207973089,2412.1795815768614,526.6903737551581,1131.2935246930329,3807.588853023922,1710.1591191411287,19013.40820857485,14272.112196929242,-22.639094039587302,-10.085141406546521,-2.202052839413773,-4.729853140279272,102.79695796648065,-118.35367366632879,127.40905987906447,-259.60454547835207,259.60454547835207,93.97990393059797,-193.5159171920543,193.5159171920543,259.60454547835207,-31.54343877198454,-49.04938428354086
26.357010154193002,5344.308846861598,0.0,1053.1379046159977,0.0,3313.41387628476,1552.4610449519,14058.567198999324,10704.884790647786,-23.978023906669637,0.0,-4.5866943211722395,0.0,149.3460585090365,-172.8722283379566,224.50303102571849,-339.3789709565195,339.3789709565195,165.5851578339056,-253.2986150671855,253.2986150671855,339.3789709565195,-27.445867380929403,-27.445867380929403,5250.835068345379,2411.623485718274,526.5689523079989,1131.0327200461757,3806.9871765731186,1709.9623819649732,19009.461440125327,14269.14355596288,-23.570920860411714,-10.5032585934542,-2.2933471605861198,-4.925946859720469,102.52693429653588,-118.67778616620801,124.7689829562154,-262.3392778535864,262.3392778535864,91.99154111132415,-195.5745954902429,195.5745954902429,262.3392778535864,-31.53426317097511,-49.03593032469992
26.41103046258,5342.987940100477,0.0,1052.8851982269077,0.0,3312.8571908359563,1552.2664089783493,14055.562806428883,10702.587486414128,-24.926056820027355,0.0,-4.769282963520294,0.0,149.06846619460353,-173.3446977311733,222.55832037024155,-341.6647164998679,341.6647164998679,164.09366626943694,-255.04344683407297,255.04344683407297,341.6647164998679,-27.437551875253277,-27.437551875253277,5249.536591145422,2411.044803040298,526.4425991134539,1130.761322356117,3806.347566055353,1709.7479996498541,19005.331196122406,14266.037151527253,-24.5027476812533,-10.921375780369592,-2.384641481760147,-5.122040579165274,102.33636556464417,-119.0021391415664,122.26795217491923,-265.0744310609493,265.0744310609493,90.10646971148911,-197.63358640658464,197.63358640658464,265.0744310609493,-31.52470896958109,-49.02191850773625
26.422307692308,5342.705727290554,0.0,1052.831199000002,0.0,3312.7368120835304,1552.22375572853,14054.918378759372,10702.094781999145,-25.123967296158778,0.0,-4.807400000000926,0.0,148.79807387971601,-173.44337420156998,221.78057016930316,-342.14196397294734,342.14196397294734,163.5061287474711,-255.40775375820067,255.40775375820067,342.14196397294734,-27.435774352416388,-27.435774352416388,5249.259171166288,2410.921148005904,526.415599500001,1130.7033291035527,3806.209255423501,1709.7010191134364,19004.44582113759,14265.371279826299,-24.69727498846635,-11.008661538464308,-2.403700000000463,-5.162976923077905,102.15073967414848,-119.06988111010558,121.4906141557095,-265.64547221673513,265.64547221673513,89.52334812638402,-198.0634588931463,198.0634588931463,265.64547221673513,-31.522666663096373,-49.01892302206815
26.465050770966997,5341.615820309019,0.0,1052.62262834305,0.0,3312.267489446201,1552.0557531255565,14052.421824431702,10700.18618493213,-25.874089733384956,0.0,-4.951871605868335,0.0,148.48222759750848,-173.81751741345633,220.07347872010618,-343.9510750490823,343.9510750490823,162.20093453750778,-256.7887339767465,256.7887339767465,343.9510750490823,-27.42890676249978,-27.42890676249978,5248.187776373238,2410.4435335429425,526.311314171525,1130.4793316228618,3805.6700214706357,1709.5159721957757,19001.017476566136,14262.792983622396,-25.434574502094822,-11.339492967284954,-2.4759358029341674,-5.318134298610064,101.9339093717824,-119.32673259239796,119.3961183369256,-267.8100051003901,267.8100051003901,87.94594461239312,-199.69288994104136,199.69288994104136,267.8100051003901,-31.514776062126288,-49.00734877362392
26.5,5340.700822875019,0.0,1052.4475000000032,0.0,3311.868383799893,1551.9109314249852,14050.316950243592,10698.577221814885,-26.48743349999952,0.0,-5.069999999999884,0.0,148.27716813043943,-174.12360164743643,218.77075235326978,-345.43059475801306,345.43059475801306,161.20288506957186,-257.91811564166676,257.91811564166676,345.43059475801306,-27.423138131607566,-27.423138131607566,5247.288322875014,2410.0424999999896,526.2237500000016,1130.2912500000045,3805.2114641837034,1709.3564579452413,18998.128903415243,14260.620726313824,-26.037433499999462,-11.610000000000378,-2.534999999999942,-5.444999999999855,101.79313485977346,-119.53686119210643,117.7474441296041,-269.58004896118575,269.58004896118575,86.70364181770589,-201.02535304973802,201.02535304973802,269.58004896118575,-31.508148123494713,-48.99762551440344
26.519071079353,5340.192487487246,0.0,1052.350194964429,0.0,3311.6447721155073,1551.8290773935255,14049.144253007837,10697.680886201833,-26.822122646725155,0.0,-5.134460248213029,0.0,147.92200830392107,-174.29068738479694,217.6341708511359,-346.23804660412065,346.23804660412065,160.34202790015925,-258.5344764951742,258.5344764951742,346.23804660412065,-27.41993221757761,-27.41993221757761,5246.788624028856,2409.81967722622,526.1750974822145,1130.1867478464146,3804.95454281898,1709.2662996027418,18996.520281456607,14259.41105224838,-26.366401322919234,-11.757610154192603,-2.5672301241065143,-5.514228018051246,101.54931558150295,-119.65156651869671,116.5555437034909,-270.54599997185846,270.54599997185846,85.80864063668423,-201.75250609357533,201.75250609357533,270.54599997185846,-31.50446464957418,-48.992221365939216
26.57309138774,5338.717941635105,0.0,1052.0678980910359,0.0,3310.989038843852,1551.5863817822487,14045.730092157175,10695.071590223148,-27.770155560082873,0.0,-5.317048890561083,0.0,147.46853884914017,-174.76420764521262,215.3816752000501,-348.5256311650673,348.5256311650673,158.62189605323826,-260.28067438942037,260.28067438942037,348.5256311650673,-27.41062873042496,-27.41062873042496,5245.339134112227,2409.1732340901067,526.0339490455179,1129.8835710267647,3804.2011301003604,1708.998981870744,18991.839610793664,14255.891357405082,-27.298228143760817,-12.175727341107995,-2.6585244452805417,-5.710321737496051,101.23800617394336,-119.97664092047464,113.84321673977595,-273.2824156754555,273.2824156754555,83.76660635848096,-203.8124348642624,203.8124348642624,273.2824156754555,-31.493775294845193,-48.97653688706016
26.627111696126,5337.192182752651,0.0,1051.7757377228809,0.0,3310.3002896312573,1551.3276662917342,14042.179341879837,10692.358296996166,-28.718188473423012,0.0,-5.499637532905763,0.0,147.18910839821942,-175.23807819468578,213.43374780574658,-350.81382873183753,350.81382873183753,157.1280149113565,-262.0273276594203,262.0273276594203,350.81382873183753,-27.40099698915087,-27.40099698915087,5243.839306623397,2408.5042041346264,525.8878688614404,1129.569801163924,3803.409783314802,1708.7140189997917,18986.97546457746,14252.233899092631,-28.23005496458517,-12.593844528015644,-2.7498187664528815,-5.906415456937233,101.04617555070483,-120.30195579771969,111.33997764866297,-276.01925221107996,276.01925221107996,81.87989449992537,-205.87267625302653,205.87267625302653,276.01925221107996,-31.482708788550575,-48.9602961810065
26.681132004513003,5335.615210839834,0.0,1051.4737138599532,0.0,3309.578524477701,1551.0529309219733,14038.492002175699,10689.541006520798,-29.66622138678073,0.0,-5.682226175253818,0.0,146.75876924325377,-175.7122990332341,211.22173017933747,-353.1026393045163,353.1026393045163,155.43795245419537,-263.77443630523885,263.77443630523885,353.1026393045163,-27.391037611335534,-27.391037611335534,5242.289141562318,2407.812587359756,525.7368569299766,1129.2454382578794,3802.580502462279,1708.4114109898744,18981.927842807836,14248.438677310893,-29.161881785426754,-13.011961714931036,-2.841113087626909,-6.102509176382038,100.75074522795737,-120.62751115044395,108.65543908336922,-278.7565095788331,278.7565095788331,79.85850303197783,-207.93323025994388,207.93323025994388,278.7565095788331,-31.471265840266632,-48.94350000708383
26.735152312900002,5333.98702589667,0.0,1051.1618265022578,0.0,3308.823743383194,1550.76217567297,14034.668073044815,10686.619718797081,-30.614254300138448,0.0,-5.864814817601873,0.0,146.110232219187,-176.18687016084868,208.62786628200138,-355.3920628830611,355.3920628830611,153.4642327672028,-265.52200032684357,265.52200032684357,355.3920628830611,-27.380751214559687,-27.380751214559687,5240.68863892901,2407.0983837655053,525.5809132511289,1128.9104823086386,3801.7132875428047,1708.091157840998,18976.696745484867,14244.505692059929,-30.093708606268336,-13.430078901846427,-2.9324074088009366,-6.298602895826844,100.3055208040979,-120.9533069786414,105.70876084112948,-281.4941877786643,281.4941877786643,77.64237923258472,-209.9940968849764,209.9940968849764,281.4941877786643,-31.459447159570253,-48.926149126277494
26.789172621286003,5332.307627923201,0.0,1050.8400756498004,0.0,3308.035946347751,1550.45540054473,14030.707554487266,10683.594433825077,-31.562287213478587,0.0,-6.047403459946552,0.0,145.5386458001705,-176.6617915775208,206.16866594353036,-357.6820994674295,357.6820994674295,151.59054886679655,-267.2700197242022,267.2700197242022,357.6820994674295,-27.370138416404096,-27.370138416404096,5239.037798723509,2406.3615933518904,525.4200378249002,1128.5649333162069,3800.808138556395,1707.7532595531673,18971.282172608655,14240.43494333982,-31.02553542709269,-13.848196088754078,-3.023701729973276,-6.494696615268025,99.91312341636403,-121.27934328230599,102.85452991214962,-284.2322868105229,284.2322868105229,75.49493058018517,-212.05527612808586,212.05527612808586,284.2322868105229,-31.447253456038354,-48.90824430125181
26.871203459946997,5329.659501008328,0.0,1050.3326299634089,0.0,3306.7765285975065,1549.9589234821406,14024.432246251159,10678.801618148495,-33.00189274856431,0.0,-6.32466769462073,0.0,145.11308570963035,-177.38363836931703,203.20853251421667,-361.1607346239413,361.1607346239413,149.32045097933445,-269.92529032329713,269.92529032329713,361.1607346239413,-27.353399719319476,-27.353399719319476,5236.434711366601,2405.1995727564254,525.1663149817044,1128.0199546648455,3799.3611152130557,1707.20641356093,18962.709199912668,14233.990003546547,-32.44053171058011,-14.483114779990196,-3.162333847310365,-6.792468559607442,99.62097394902877,-121.77489528637965,99.05182554730888,-288.39094561465583,288.39094561465583,72.62881723624929,-215.18581276978162,215.18581276978162,288.39094561465583,-31.428021326418275,-48.879997697614115
26.958236179015,5326.720790254021,0.0,1049.7693757035663,0.0,3305.3570809057564,1549.3917858619957,14017.429942957951,10673.45437113507,-34.529279108974904,0.0,-6.618838285070567,0.0,144.3140014112473,-178.1503833198505,199.4596461558583,-364.85302712356287,364.85302712356287,146.46008444057603,-272.74361570985116,272.74361570985116,364.85302712356287,-27.334821403818005,-27.334821403818005,5233.545993593938,2403.90975383004,524.8846878517832,1127.4150395869672,3797.730223521865,1706.581738308048,18953.150926498103,14226.804765441153,-33.941808255270296,-15.156748025576526,-3.3094191425352837,-7.108397329824278,99.07239794926272,-122.30127013651197,94.59967701915582,-292.8042421309499,292.8042421309499,69.27774458083516,-218.50802393067195,218.50802393067195,292.8042421309499,-31.406675544841548,-48.84863705778902
27.0,5325.263410500018,0.0,1049.4900000000036,0.0,3304.6455110955994,1549.104872718726,14013.943907542327,10670.7925749243,-35.26221599999955,0.0,-6.759999999999869,0.0,143.94603382329004,-178.5186390380728,197.6877891907583,-366.6253883166266,366.6253883166266,145.10762797027763,-274.0964467494941,274.0964467494941,366.6253883166266,-27.325607875869892,-27.325607875869892,5232.113410500015,2403.2699999999886,524.7450000000018,1127.1150000000055,3796.912656733154,1706.2657170568364,18948.395162408036,14223.229864253111,-34.66221599999943,-15.480000000000437,-3.3799999999999346,-7.259999999999826,98.81978606857174,-122.55407982029894,92.48185562000113,-294.92240968552255,294.92240968552255,67.68350588914365,-220.10251976638827,220.10251976638827,294.92240968552255,-31.396089549834848,-48.83308061605318
27.045268898082,5323.649146911739,0.0,1049.1805189773736,0.0,3303.8519344290253,1548.7830657775287,14010.07309735653,10667.837180646848,-36.05666546936793,0.0,-6.913008875517029,0.0,143.43428558885992,-178.91803750835285,195.5696546305194,-368.546910789603,368.546910789603,143.49489692063295,-275.56312310574367,275.56312310574367,368.546910789603,-27.315402797381438,-27.315402797381438,5230.526615641555,2402.561306770652,524.5902594886868,1126.7826283691927,3796.0008671692544,1705.911261938306,18943.116409440572,14219.261937590116,-35.44308479994326,-15.830381271155115,-3.4565044377585146,-7.424326100037477,98.46846794118638,-122.82826918377692,90.05065897649983,-297.2186309921859,297.2186309921859,65.85471171464793,-221.8310465478044,221.8310465478044,297.2186309921859,-31.38436430077389,-48.81584718030321
27.132301617149,5320.444570981446,0.0,1048.566059784825,0.0,3302.261089167297,1548.132763228733,14002.361709446815,10661.950046683758,-37.584051829761066,0.0,-7.207179465963505,0.0,142.99751576678884,-179.68660093483294,192.45481860573386,-372.2423856221043,372.2423856221043,141.1055392011009,-278.3838125110074,278.3838125110074,372.2423856221043,-27.295145838064528,-27.295145838064528,5227.376577509415,2401.154231578248,524.2830298924125,1126.1227210115146,3794.1730461552065,1705.194984451697,18932.60564873996,14211.361519993361,-36.944361344616276,-16.504014516733733,-3.6035897329817526,-7.740254870250705,98.16862292821949,-123.35589242818064,86.03378967528525,-301.634112198415,301.634112198415,62.826989342102884,-225.1548806212173,225.1548806212173,301.634112198415,-31.361089820966896,-48.781630487167845
27.219334336217003,5317.107062463101,0.0,1047.9259981259127,0.0,3300.5845451205514,1547.440878215601,13994.29577922871,10655.792969245731,-39.11143819017167,0.0,-7.501350056413343,0.0,141.88668147548063,-180.4560735992995,188.16036975975652,-375.9394516211087,375.9394516211087,137.8398976715398,-281.20568392567435,281.20568392567435,375.9394516211087,-27.274053430855076,-27.274053430855076,5224.095879197485,2399.688528252809,523.9629990629563,1125.435317513926,3792.246760479698,1704.4329058482124,18921.618644396145,14203.103512650783,-38.44563788930647,-17.177647762320063,-3.7506750282066714,-8.056183640467541,97.40602875240867,-123.88413986972907,81.2071093390538,-306.05068574968726,306.05068574968726,59.197693057830534,-228.47952615094854,228.47952615094854,306.05068574968726,-31.336855443141594,-48.74599062039002
27.306367055284003,5313.636621356784,0.0,1047.260334000652,0.0,3298.822302288829,1546.7074107381482,13985.87530670241,10649.365948332916,-40.63882455056469,0.0,-7.795520646859805,0.0,141.22546383569235,-181.2264555017349,184.65275005396603,-379.63810878653163,379.63810878653163,135.15875778897558,-284.0287373496799,284.0287373496799,379.63810878653163,-27.252128158430537,-27.252128158430537,5220.684520705835,2398.1641967943706,523.630167000326,1124.7204178764412,3790.2220101427747,1703.6250261278697,18910.155396409373,14194.48791556258,-39.94691443397943,-17.851281007898653,-3.8977603234299023,-8.372112410680755,96.95209901240028,-124.41301150841016,76.92059176551673,-310.4683516459016,310.4683516459016,55.969660540131635,-231.80498313692198,231.80498313692198,310.4683516459016,-31.3116641346967,-48.70893083015963
27.393399774351,5310.033247662459,0.0,1046.5690674090345,0.0,3296.9743606721095,1545.9323607963668,13977.100291867817,10642.668983945236,-42.166210910957716,0.0,-8.089691237306265,0.0,140.89012896574636,-181.99774664214792,181.71542519539955,-383.3383571184154,383.3383571184154,132.90126550720626,-286.85297278305626,286.85297278305626,383.3383571184154,-27.229372603467702,-27.229372603467702,5217.142502034433,2396.581237202916,523.2845337045172,1123.9780220990533,3788.0987951444126,1702.7713452906594,18898.215904779525,14185.514728728656,-41.44819097865239,-18.52491425347724,-4.044845618653133,-8.688041180893968,96.7218896816585,-124.94250734422991,73.02558490819618,-314.8871098871086,314.8871098871086,53.03246455447932,-235.13125157917563,235.13125157917563,314.8871098871086,-31.2855188630301,-48.67045437797698
27.480432493419002,5306.296941380076,0.0,1045.8521983510525,0.0,3295.0407202703705,1545.1157283902473,13967.97073472482,10635.702076082609,-43.69359727136832,0.0,-8.383861827756103,0.0,140.09650009522943,-182.7699470205475,177.97608583580697,-387.04019661680263,387.04019661680263,130.04799102467382,-289.6783902258362,289.6783902258362,387.04019661680263,-27.20578934864328,-27.20578934864328,5213.469823183233,2394.939649478425,522.9260991755262,1123.2081301817536,3785.877115484587,1701.8718633365722,18885.80016950646,14176.183952148902,-42.949467523342584,-19.19854749906357,-4.191930913878052,-9.003969951110804,96.17705886472467,-125.47262737719444,68.57999044999951,-319.3069604733589,319.3069604733589,49.68626063674707,-238.4583314777478,238.4583314777478,319.3069604733589,-31.258422595539642,-48.63056453665399
27.5,5305.438606875021,0.0,1045.6875000000036,0.0,3294.5941814639505,1544.92640004778,13965.869326155696,10634.09854277816,-44.03699849999946,0.0,-8.449999999999884,0.0,139.66723339354724,-182.9436854942595,176.69641031370853,-387.87269773995337,387.87269773995337,129.08040491161208,-290.31378964253673,290.31378964253673,387.87269773995337,-27.200373532255355,-27.200373532255355,5212.6261068750155,2394.5624999999873,522.8437500000018,1123.031250000006,3785.364059291381,1701.663327125946,18882.943174853684,14174.036883953806,-43.28699849999946,-19.350000000000495,-4.224999999999942,-9.074999999999825,95.88236478736877,-125.59189984582791,67.27914025289579,-320.3008228551984,320.3008228551984,48.71007572357968,-239.20646829957602,239.20646829957602,320.3008228551984,-31.252200027424294,-48.62140197534549
27.567465212486,5302.4277025097235,0.0,1045.109726826723,0.0,3293.0213810836567,1544.2575135198088,13958.486635273639,10628.465224745201,-45.220983631761335,0.0,-8.678032418202566,0.0,139.12353246251598,-183.5430566369159,173.92290364239747,-390.7436272816083,390.7436272816083,126.96157615130687,-292.5049896779546,292.5049896779546,390.7436272816083,-27.181381201690705,-27.181381201690705,5209.666484152318,2393.2394336209363,522.5548634133615,1122.4107421245596,3783.55697116335,1700.9265802656284,18872.908190590453,14166.49558582353,-44.45074406801554,-19.87218074464213,-4.339016209101283,-9.319898721324003,95.5091109486715,-126.0033716072916,63.918941068384115,-323.72790340455134,323.72790340455134,46.180004490189994,-241.78622283256206,241.78622283256206,323.72790340455134,-31.23037855820479,-48.589264877099545
27.654497931553,5298.425531051364,0.0,1044.3416528360372,0.0,3290.9163431119455,1543.3577161850417,13948.647993514165,10620.95842993293,-46.74836999215436,0.0,-8.972203008649027,0.0,138.51197006813402,-184.317075491262,170.50218061606805,-394.448649112875,394.448649112875,124.34498808777084,-295.332771139444,295.332771139444,394.448649112875,-27.156150295174946,-27.156150295174946,5205.732484941651,2391.48058963043,522.1708264180186,1121.585857927462,3781.138362180675,1699.9354960778173,18859.539968031368,14156.44962975244,-45.9520206126885,-20.54581399022072,-4.486101504324513,-9.635827491537217,95.08926982227686,-126.53474003452745,59.69207856867107,-328.14993868073645,328.14993868073645,42.99628717018898,-245.11492564365665,245.11492564365665,328.14993868073645,-31.20138920126201,-48.54655812068796
27.741530650621,5294.290427004943,0.0,1043.547976378986,0.0,3288.725606355212,1542.416336385935,13938.454809446277,10613.181691645706,-48.27575635256496,0.0,-9.266373599098864,0.0,137.56171087955138,-185.09200358359465,166.48873819986045,-398.1552621106451,398.1552621106451,121.288094191753,-298.16173461033685,298.16173461033685,398.1552621106451,-27.1300994368286,-27.1300994368286,5201.667825551181,2389.663117506887,521.773988189493,1120.7334775904517,3778.6212885365326,1698.8986107731278,18845.695501829043,14146.046083935506,-47.45329715737869,-21.21944723580705,-4.633186799549432,-9.951756261754053,94.43691138466471,-127.06673265890811,55.05831077428733,-332.57306630196507,332.57306630196507,39.510297345574884,-248.4444399110698,248.4444399110698,332.57306630196507,-31.171457750689783,-48.502447861442846
27.828563369688,5290.022390370557,0.0,1042.7286974555877,0.0,3286.449170813507,1541.4333741225107,13927.907083070217,10605.135009883705,-49.803142712957985,0.0,-9.560544189545325,0.0,137.05553394545143,-185.86784091389606,163.25243972902453,-401.86346627483357,401.86346627483357,118.80850722658354,-300.9918800905682,300.9918800905682,401.86346627483357,-27.10323120932923,-27.10323120932923,5197.472505981002,2387.7870172503476,521.3643487277939,1119.853601113547,3776.0057502309814,1697.8159243515827,18831.374791983802,14135.284948372964,-48.954573702051654,-21.89308048138564,-4.780272094772663,-10.267685031967266,94.08941798722931,-127.59934948042135,50.95805680025299,-336.99728626813567,336.99728626813567,36.4206320732209,-251.774765634725,251.774765634725,336.99728626813567,-31.140587173886985,-48.45693741742412
27.877692307691998,5287.554435583657,0.0,1042.2549190000066,0.0,3285.126308142361,1540.8601421143928,13921.796462228715,10600.473555168734,-50.665334203840175,0.0,-9.726599999998841,0.0,136.80047126064696,-186.30619337802756,161.47925695133372,-403.95740616634674,403.95740616634674,117.44867843500205,-302.5899855952748,302.5899855952748,403.95740616634674,-27.08770463024038,-27.08770463024038,5195.046602536314,2386.7020926212945,521.1274595000033,1119.34477987279,3774.4858310740456,1697.1845364187213,18823.08062735398,14129.052514926661,-49.8020265115326,-22.273338461536593,-4.863299999999421,-10.446023076921788,93.91431597658695,-127.90028098633059,48.68035635807843,-339.4951883270273,339.4951883270273,34.703922719572624,-253.65505333222018,253.65505333222018,339.4951883270273,-31.122747721981987,-48.43063050541956
27.915596088755,5285.621421148162,0.0,1041.8838160658331,0.0,3284.087036486805,1540.4088293947577,13917.00481438586,10596.818384646842,-51.330529073351066,0.0,-9.854714779991788,0.0,136.14199431232078,-186.64458748217518,159.30325653488484,-405.57326160548314,405.57326160548314,115.79934875267416,-303.8232075801706,303.8232075801706,405.57326160548314,-27.075548512817896,-27.075548512817896,5193.1465262310685,2385.852288860791,520.9419080329166,1118.9462284967399,3773.291747263993,1696.687436813171,18816.57783849548,14124.166223064707,-50.455850246724616,-22.566713726964228,-4.927357389995894,-10.58361380218048,93.46226773714353,-128.1325904990733,46.36840333408042,-341.42259857929906,341.42259857929906,32.967412892421386,-255.1059028146605,255.1059028146605,341.42259857929906,-31.108780803005914,-48.410030528337856
28.0,5281.226412000022,0.0,1041.0400000000038,0.0,3281.7143949049464,1539.375513412147,13906.093206083691,10588.495125376458,-52.811780999999435,0.0,-10.139999999999883,0.0,135.90400668722523,-187.3987410159966,156.60728545264504,-409.1725230279932,409.1725230279932,113.72342769339349,-306.57014432079484,306.57014432079484,409.1725230279932,-27.047925883771256,-27.047925883771256,5188.826412000014,2383.919999999986,520.5200000000019,1118.040000000005,3770.5656718583846,1695.5492881525697,18801.772940752187,14113.041785415908,-51.91178099999949,-23.220000000000525,-5.069999999999942,-10.88999999999984,93.29888785390355,-128.65032126869338,42.695827494331546,-345.71528847021307,345.71528847021307,30.196773210074824,-258.3371986493012,258.3371986493012,345.71528847021307,-31.07704344736903,-48.3632090407915
28.002628807822,5281.087519337757,0.0,1041.013332209723,0.0,3281.639203375106,1539.3427022026763,13905.748003393215,10588.231815935118,-52.85791543374408,0.0,-10.148885370438235,0.0,135.41150029428803,-187.42224328843193,155.6744031671666,-409.28464810259334,409.28464810259334,113.02814957839215,-306.65571707914387,306.65571707914387,409.28464810259334,-27.04705333286949,-27.04705333286949,5188.689886301383,2383.8589323382193,520.5066661048616,1118.011359740029,3770.479279635567,1695.5131481578921,18801.304641364088,14112.689908010729,-51.95712679139758,-23.240346972542785,-5.074442685219117,-10.899542572393694,92.96077936216696,-128.66645571486393,41.99865814934907,-345.849003235455,345.849003235455,29.677554149263887,-258.4378514508763,258.4378514508763,345.849003235455,-31.076040919396988,-48.361729762590585
28.089661526889998,5276.420684939283,0.0,1040.117245887246,0.0,3279.10567147838,1538.2349925462536,13894.13665009214,10579.375303748422,-54.385301794154685,0.0,-10.443055960888072,0.0,134.94421914156058,-188.20080833267534,152.50617231370555,-412.9976257662073,412.9976257662073,110.599127128986,-309.4894085875207,309.4894085875207,412.9976257662073,-27.01774849397193,-27.01774849397193,5184.102586191889,2381.8069476826054,520.058622943623,1117.0489948434044,3767.568347345668,1694.2930583857326,18785.55520058943,14100.856003210889,-53.45840333608776,-23.913980218129115,-5.221527980444036,-11.21547134261053,92.6399881439588,-129.20094512779943,37.945132988922325,-350.27650023665456,350.27650023665456,26.622601709875003,-261.77061154341067,261.77061154341067,350.27650023665456,-31.042370768289977,-48.31203878494069
28.176694245957,5271.620917952854,0.0,1039.195557098423,0.0,3276.486440796686,1537.0857004255151,13882.170754482902,10570.248848086969,-55.91268815454771,0.0,-10.737226551334533,0.0,134.33811217504467,-188.98028261488747,149.09499628614174,-416.7121945962395,416.7121945962395,107.98963112167581,-312.32428210523597,312.32428210523597,416.7121945962395,-26.98763661662941,-26.98763661662941,5179.3846259026905,2379.6963348939985,519.5977785492115,1116.0591338068873,3764.558950394365,1693.0271674967198,18769.32951617187,14088.664508665464,-54.959679880760724,-24.587613463707704,-5.368613275667267,-11.531400112823743,92.22389220039635,-129.73605873786744,33.72482455916562,-354.705089582796,354.705089582796,23.443753127555816,-265.1041830921871,265.1041830921871,354.705089582796,-31.007773360545066,-48.260961007869255
28.263726965024002,5266.688218378412,0.0,1038.2482658432439,0.0,3273.7815113299957,1535.8948258404478,13869.850316565373,10560.852448950649,-57.44007451494085,0.0,-11.03139714178101,0.0,133.19217044597568,-189.76066613507726,144.73910942410987,-420.4283545927327,420.4283545927327,104.67834992304653,-315.1603376323223,315.1603376323223,420.4283545927327,-26.956720283518614,-26.956720283518614,5174.536005433739,2377.5270939723755,519.1241329216219,1115.0417766304672,3761.4510887816255,1691.71547549084,18752.627588111238,14076.115424374317,-56.46095642543374,-25.261246709286322,-5.515698570890505,-11.84732888303697,91.4371965651928,-130.27179654507418,28.85596666903686,-359.1347712739303,359.1347712739303,19.78312494610311,-268.438566097244,268.438566097244,359.1347712739303,-30.97225166356001,-48.20849980599275
28.5,5252.626825875023,0.0,1035.5475000000038,0.0,3266.006151418586,1532.4522128118276,13834.61554732631,10533.982322719188,-61.58656349999941,0.0,-11.829999999999883,0.0,131.18427510762228,-191.8838056032841,134.84427706333994,-430.52486418074625,430.52486418074625,97.1229941399097,-322.8655107842686,322.8655107842686,430.52486418074625,-26.868746506682662,-26.868746506682662,5160.714325875014,2371.3424999999843,517.7737500000019,1112.1412500000056,3752.517494434164,1687.9236001367083,18704.884460103545,14040.24456863942,-60.536563499999524,-27.090000000000554,-5.914999999999941,-12.70499999999984,90.05876478410083,-131.72934408889537,16.963383997176745,-371.1658065305666,371.1658065305666,10.829830719331222,-277.49471081556385,277.49471081556385,371.1658065305666,-30.87117312257655,-48.05912154787241
29.0,5219.639848500023,0.0,1029.210000000004,0.0,3247.4694510048694,1524.1564982468217,13751.436349883556,10470.56013480636,-70.36134599999937,0.0,-13.519999999999884,0.0,127.11933743804036,-196.398879256122,114.22715801657155,-451.9297211982125,451.9297211982125,81.3737926694532,-339.19988903295786,339.19988903295786,451.9297211982125,-26.663261296186704,-26.663261296186704,5128.289848500016,2356.8299999999845,514.605000000002,1105.3350000000055,3731.2195270187194,1678.7862630783613,18592.277732907773,13955.645233624342,-69.1613459999995,-30.96000000000055,-6.759999999999942,-14.51999999999984,87.26816152660994,-134.82896830643386,-7.982399828432273,-396.65237703625894,396.65237703625894,-7.952736015406903,-296.6790047983639,296.6790047983639,396.65237703625894,-30.635078390514074,-47.70969713744036
29.5,5182.2654798750245,0.0,1022.0275000000038,0.0,3226.1042936637973,1514.488369717129,13656.555613755432,10398.228561637967,-79.13612849999934,0.0,-15.209999999999884,0.0,123.0844088340088,-200.94396197451027,93.66255483451638,-473.38709408039205,473.38709408039205,65.66360298421219,-355.57327906686265,355.57327906686265,473.38709408039205,-26.432031668498055,-26.432031668498055,5091.552979875016,2340.3824999999842,511.0137500000019,1097.6212500000054,3706.6717696120504,1668.1372769775285,18463.95275916485,13859.243780370673,-77.78612849999946,-34.83000000000055,-7.604999999999942,-16.33499999999984,84.49815966645555,-137.94919392130888,-32.89213120870243,-422.17499998729016,422.17499998729016,-26.708520933607595,-315.89008059770134,315.89008059770134,422.17499998729016,-30.369404297170355,-47.31568537490186
30.0,5140.503720000027,0.0,1014.0000000000039,0.0,3201.9106793953697,1503.4478272227498,13549.973338941936,10316.987603214013,-87.91091099999932,0.0,-16.899999999999885,0.0,119.07948929552764,-205.519053758449,73.15046751717438,-494.8969828272847,494.8969828272847,49.99242508418672,-371.9856808859829,371.9856808859829,494.8969828272847,-26.17554732626504,-26.17554732626504,5050.503720000018,2321.999999999984,507.00000000000193,1089.0000000000055,3678.8742222141577,1655.9766418342106,18319.909538874785,13751.040208878414,-86.41091099999944,-38.70000000000055,-8.449999999999942,-18.14999999999984,81.74875920363768,-141.0900209335204,-57.765810143633686,-447.7336753836603,447.7336753836603,-45.437524035270805,-335.12793821357633,335.12793821357633,447.7336753836603,-30.074713492359777,-46.87775364563949
30.5,5094.354568875026,0.0,1005.1275000000038,0.0,3174.888608199586,1491.0348707636838,13431.689525443066,10226.837259534492,-96.68569349999929,0.0,-18.589999999999883,0.0,115.10457882259688,-210.12415460793807,52.690896064545555,-516.4593874388905,516.4593874388905,34.360258969376765,-388.43709449031866,388.43709449031866,516.4593874388905,-25.894297972135995,-25.894297972135995,5005.142068875018,2301.6824999999835,502.5637500000019,1079.4712500000055,3647.826884825041,1642.304357648407,18160.148072037584,13631.034519147563,-95.03569349999941,-42.570000000000555,-9.294999999999941,-19.96499999999984,79.0199601381563,-144.25144934306843,-82.60343663322605,-473.3284032253694,473.3284032253694,-64.13974532039656,-354.39257764598875,354.39257764598875,473.3284032253694,-29.751568625896745,-46.39658165686734
31.0,5043.818026500028,0.0,995.4100000000043,0.0,3145.0380800764465,1477.249500339931,13301.704173258824,10127.777530599413,-105.46047599999926,0.0,-20.279999999999884,0.0,111.1596774152165,-214.7592645229776,32.28384047662996,-538.0743079152097,538.0743079152097,18.767104639782307,-404.92751987987,404.92751987987,538.0743079152097,-25.588773308759208,-25.588773308759208,4955.46802650002,2279.4299999999835,497.70500000000214,1069.0350000000055,3613.5297574447004,1627.1204244201178,17984.668358653245,13499.226711178122,-103.66047599999938,-46.44000000000055,-10.139999999999942,-21.77999999999984,76.31176247001144,-147.43347914995297,-107.40501067747955,-498.95918351241727,498.95918351241727,-82.81518478898485,-373.6839988949386,373.6839988949386,498.95918351241727,-29.400532347595657,-45.87286143763106
31.5,4988.894092875029,0.0,984.8475000000043,0.0,3112.3590950259513,1462.0917159514916,13160.017282389208,10019.80841640877,-114.23525849999923,0.0,-21.969999999999885,0.0,107.24478507338651,-219.4243835035675,11.929300753427494,-559.741744256242,559.741744256242,3.2129620954033453,-421.45695705463686,421.45695705463686,559.741744256242,-25.25953027132801,-25.25953027132801,4901.48159287502,2255.2424999999835,492.42375000000214,1057.691250000006,3575.982840073136,1610.4248421493432,17793.470398721754,13355.616784970087,-112.28525849999936,-50.31000000000056,-10.984999999999943,-23.59499999999984,73.62416619920307,-150.63611035417404,-132.17053227639414,-524.6260162448042,524.6260162448042,-101.46384244103571,-393.00220196042596,393.00220196042596,524.6260162448042,-29.02224455492123,-45.30737458645816
32.0,4929.58276800003,0.0,973.4400000000043,0.0,3076.851653048101,1445.5615175983658,13006.628852834221,9902.929916962566,-123.0100409999992,0.0,-23.659999999999883,0.0,103.35990179710696,-224.11951154970777,-8.372723105061683,-581.4616964619875,581.4616964619875,-12.302168663760035,-438.0254060146192,438.0254060146192,581.4616964619875,-24.907193027580654,-24.907193027580654,4843.182768000021,2229.119999999982,486.72000000000213,1045.440000000006,3535.186132710347,1592.217610836083,17586.554192243126,13200.204740523463,-120.91004099999932,-54.180000000000554,-11.829999999999941,-25.40999999999984,70.95717132573124,-153.8593429557316,-156.90000142996982,-550.3289014225297,550.3289014225297,-120.08571827654907,-412.34718684245075,412.34718684245075,550.3289014225297,-28.61742239298855,-44.70099227135809
32.5,4865.88405187503,0.0,961.1875000000043,0.0,3038.5157541428944,1427.6589052805532,12841.538884593861,9777.142032260797,-131.7848234999992,0.0,-25.349999999999884,0.0,99.50502758637778,-228.84464866139842,-28.622231098837712,-603.234164532446,603.234164532446,-27.77828763770795,-454.632866759817,454.632866759817,603.234164532446,-24.532385745255404,-24.532385745255404,4780.571551875021,2201.0624999999823,480.59375000000216,1032.281250000006,3491.1396353563346,1572.4987304803374,17363.919739217356,13032.990577838247,-129.5348234999993,-58.05000000000055,-12.674999999999942,-27.22499999999984,68.31077784959591,-157.1031769546256,-181.59341813820663,-576.0678390455943,576.0678390455943,-138.680812295525,-431.7189535410129,431.7189535410129,576.0678390455943,-28.18678300691272,-44.05459798217181
33.0,4797.797944500035,0.0,948.0900000000042,0.0,2997.3513983103317,1408.3838789980537,12664.747377668129,9642.44476230347,-140.55960599999915,0.0,-27.039999999999882,0.0,95.680162441199,-233.5997948386395,-48.81922322790051,-625.0591484676179,625.0591484676179,-43.21539482644033,-471.27933929023044,471.27933929023044,625.0591484676179,-24.135732592090548,-24.135732592090548,4713.647944500025,2171.0699999999824,474.0450000000021,1018.215000000006,3443.843348011098,1551.268201082106,17125.567039644448,12853.974296914443,-138.1596059999993,-61.920000000000556,-13.519999999999941,-29.03999999999984,65.68498577079707,-160.36761235085618,-206.25078240110457,-601.8428291139977,601.8428291139977,-157.24912449796344,-451.11750205611264,451.11750205611264,601.8428291139977,-27.731043541808802,-43.369087530571875
33.5,4725.324445875034,0.0,934.1475000000042,0.0,2954.2102712681485,1388.3719719868227,12477.744782063059,9499.945298523631,-149.1264884999991,0.0,-28.729999999999883,0.0,91.88530636157061,-238.38495008143096,-68.7038244922501,-646.6767732675029,646.6767732675029,-58.40559022995718,-487.75692360585924,487.75692360585924,646.6767732675029,-23.71785773582439,-23.71785773582439,4642.411945875025,2139.142499999981,467.0737500000021,1003.241250000006,3394.2758253396896,1529.2260324287558,16873.20856418823,12664.42801881661,-146.57648849999921,-65.79000000000055,-14.364999999999942,-30.85499999999984,63.079795089334745,-163.65264914442326,-230.6122192186635,-627.3939966277401,627.3939966277401,-175.5827548838644,-470.3349323877498,470.3349323877498,627.3939966277401,-27.250921142791924,-42.645369050062385
34.0,4648.671456000035,0.0,919.3600000000043,0.0,2909.944058734078,1368.2587174828145,12282.281422784687,9350.95873235434,-157.48547099999914,0.0,-30.419999999999884,0.0,88.12045934749263,-243.20011438977284,-88.2760348918867,-668.0870389321013,668.0870389321013,-73.34887384825862,-504.0656197067038,504.0656197067038,668.0870389321013,-23.274206688738957,-23.274206688738957,4567.071456000025,2105.279999999981,459.68000000000217,987.3600000000059,3343.4156220071613,1507.0722343076527,16608.816658512555,12465.831764609324,-154.78547099999926,-69.66000000000058,-15.209999999999942,-32.66999999999984,60.495205805208926,-166.95828733532684,-254.67772859088385,-652.7213415868215,652.7213415868215,-193.68170345322798,-489.3712445359245,489.3712445359245,652.7213415868215,-26.741182875799062,-41.874988112385644
34.5,4567.838974875034,0.0,903.7275000000043,0.0,2862.8493892726533,1346.7730490141198,12075.376399820942,9193.270680929487,-165.8444534999992,0.0,-32.109999999999886,0.0,84.38562139896503,-248.0452877636651,-107.79572942681,-689.5498204614127,689.5498204614127,-88.25314568134452,-520.4133275927637,520.4133275927637,689.5498204614127,-22.805560547525758,-22.805560547525758,4487.6264748750245,2069.482499999979,451.86375000000214,970.5712500000067,3289.3056286834094,1483.4067871440639,16328.966381289734,12255.641292163444,-162.9944534999993,-73.53000000000058,-16.054999999999943,-34.48499999999984,57.93121791841961,-170.28452692356692,-278.7071855177652,-678.0847389912417,678.0847389912417,-211.75387020605416,-508.4343385006366,508.4343385006366,678.0847389912417,-26.20272619137495,-41.059112014590994
35.0,4482.82700250003,0.0,887.2500000000048,0.0,2812.9262628838715,1323.9149665807386,11857.029713171822,9026.88114424907,-174.20343599999924,0.0,-33.79999999999988,0.0,80.68079251598783,-252.92047020310778,-127.26290809702017,-711.0651178554376,711.0651178554376,-103.11840572921493,-536.8000472640393,536.8000472640393,711.0651178554376,-22.312700408876303,-22.312700408876303,4404.077002500021,2031.749999999979,443.6250000000024,952.8750000000067,3231.945845368433,1458.22969093799,16033.657732519774,12033.856601478974,-171.20343599999936,-77.40000000000059,-16.89999999999994,-36.29999999999984,55.38783142896681,-173.6313679091435,-302.70058999930757,-703.4841888410007,703.4841888410007,-229.79925514234282,-527.5242142818862,527.5242142818862,703.4841888410007,-25.636448540064336,-40.19892347352807
35.5,4393.635538875031,0.0,869.9275000000048,0.0,2760.1746795677345,1299.6844701826706,11627.241362837332,8851.790122313092,-182.56241849999927,0.0,-35.48999999999988,0.0,77.00597269856104,-257.8256617081008,-146.6775709025171,-732.6329311141753,732.6329311141753,-117.94465399186981,-553.2257787205302,553.2257787205302,732.6329311141753,-21.796407369482075,-21.796407369482075,4316.423038875021,1992.082499999979,434.9637500000024,934.2712500000067,3171.3362720622326,1431.5409456894301,15722.89071220267,11800.477692555913,-179.41241849999938,-81.27000000000058,-17.74499999999994,-38.11499999999984,52.86504633685052,-176.99881029205662,-326.65794203551116,-728.9196911360987,728.9196911360987,-247.8178582620941,-546.6408718796733,546.6408718796733,728.9196911360987,-25.04324737241194,-39.29562062584672
36.0,4300.2645840000305,0.0,851.7600000000043,0.0,2704.5946393242416,1274.081559819916,11386.011348817467,8667.997615121547,-190.92140099999932,0.0,-37.179999999999886,0.0,73.36116194668465,-262.7608622786443,-166.03971784330085,-754.2532602376265,754.2532602376265,-132.73189046930918,-569.6905219622369,569.6905219622369,754.2532602376265,-21.25746252603456,-21.25746252603456,4224.664584000021,1950.479999999979,425.88000000000216,914.7600000000067,3107.4769087648083,1403.340551398385,15396.665320338429,11555.50456539426,-187.62140099999942,-85.14000000000058,-18.589999999999943,-39.92999999999984,50.36286264207074,-180.38685407230622,-350.5792416263759,-754.3912458765355,754.3912458765355,-265.8096795653078,-565.7843112939978,565.7843112939978,754.3912458765355,-24.42402013896246,-38.35041702799706
36.5,4202.714137875027,0.0,832.7475000000043,0.0,2646.186142153393,1247.1062354924748,11133.339671112228,8475.503622674441,-199.28038349999935,0.0,-38.869999999999884,0.0,69.74636026035863,-267.72607191473816,-185.3493489193714,-775.9261052257907,775.9261052257907,-147.480115161533,-586.194276989159,586.194276989159,775.9261052257907,-20.69664697522525,-20.69664697522525,4128.801637875017,1906.942499999979,416.37375000000213,894.3412500000077,3040.3677554761603,1373.6285080648545,15054.981556927041,11298.937219994015,-195.83038349999947,-89.01000000000059,-19.434999999999942,-41.74499999999983,47.88128034462745,-183.79549924989234,-374.4644887719017,-779.8988530623113,779.8988530623113,-283.77471905198416,-584.9545325248599,584.9545325248599,779.8988530623113,-23.779664290260655,-37.3645416562295
37.0,4100.984200500026,0.0,812.8900000000052,0.0,2584.949188055189,1218.7584972003467,10869.226329721623,8274.30814497178,-207.6393659999994,0.0,-40.55999999999988,0.0,66.16156763958303,-272.72129061638236,-204.6064641307288,-797.6514660786682,797.6514660786682,-162.18932806854136,-602.7370438012964,602.7370438012964,797.6514660786682,-20.114741813745653,-20.114741813745653,4028.8342005000172,1861.469999999979,406.4450000000026,873.0150000000076,2970.008812196288,1342.404815688838,14697.839421968516,11030.775656355181,-204.03936599999952,-92.88000000000058,-20.27999999999994,-43.559999999999825,45.42029944452068,-187.22474582481496,-398.31368347208854,-805.4425126934259,805.4425126934259,-301.71297672212296,-604.1515355722594,604.1515355722594,805.4425126934259,-23.111077276851233,-36.33923890659466
37.5,3995.0747718750267,0.0,792.1875000000052,0.0,2520.8837770296286,1189.0383449435321,10593.671324645642,8064.4111820135495,-215.99834849999945,0.0,-42.249999999999886,0.0,62.60678408435781,-277.74651838357704,-223.81106347737293,-819.429342796259,819.429342796259,-176.85952919033414,-619.3188223986496,619.3188223986496,819.429342796259,-19.51252813828725,-19.51252813828725,3924.762271875017,1814.062499999979,396.0937500000026,850.7812500000076,2896.400078925192,1309.6694742703364,14325.238915462847,10751.019874477757,-212.24834849999957,-96.75000000000058,-21.124999999999943,-45.37499999999982,42.97991994175041,-190.6745937970741,-422.1268257269365,-831.0222247698794,831.0222247698794,-319.6244525757243,-623.3753204361963,623.3753204361963,831.0222247698794,-22.419156549278938,-35.2757685949435
38.0,3884.985852000023,0.0,770.6400000000052,0.0,2453.989909076713,1157.9457787220308,10306.674655884284,7845.812733799755,-224.35733099999948,0.0,-43.939999999999884,0.0,59.082009594683,-282.8017552163221,-242.96314695930394,-841.2597353785628,841.2597353785628,-191.49071852691145,-635.939612781218,635.939612781218,841.2597353785628,-18.89078704554153,-18.89078704554153,3816.5858520000133,1764.719999999977,385.3200000000026,827.6400000000076,2819.541555662872,1275.4224838093492,13937.180037410033,10459.669874361734,-220.45733099999958,-100.62000000000059,-21.969999999999942,-47.18999999999983,40.56014183631665,-194.14504316666975,-445.90391553644577,-856.6379892916719,856.6379892916719,-337.5091466127883,-642.6258871166706,642.6258871166706,856.6379892916719,-21.70479955808848,-34.175405956927186
38.5,3770.717440875023,0.0,748.2475000000053,0.0,2384.267584196441,1125.480798535843,10008.236323437557,7618.512800330403,-232.71631349999953,0.0,-45.62999999999988,0.0,55.58724417055859,-287.8870011146176,-262.06271457652167,-863.1426438255799,863.1426438255799,-206.08289607827325,-652.5994149490023,652.5994149490023,863.1426438255799,-18.250299632199997,-18.250299632199997,3704.3049408750135,1713.4424999999771,374.12375000000264,803.5912500000077,2739.433242409328,1239.6638443058762,13533.662787810079,10156.725656007127,-228.66631349999963,-104.49000000000058,-22.81499999999994,-49.004999999999825,38.1609651282194,-197.6360939336019,-469.64495290061586,-882.2898062588032,882.2898062588032,-355.36705883331473,-661.9032356136825,661.9032356136825,882.2898062588032,-20.968903753824563,-33.03944164799713
39.0,3652.269538500023,0.0,725.0100000000052,0.0,2311.716802388814,1091.6434043849683,9698.356327305462,7382.511381605487,-241.07529599999955,0.0,-47.31999999999989,0.0,52.12248781198457,-293.0022560784634,-281.10976632902634,-885.0780681373102,885.0780681373102,-220.63606184441952,-669.2982289020018,669.2982289020018,885.0780681373102,-17.591846994954125,-17.591846994954125,3587.9195385000135,1660.229999999977,362.5050000000026,778.6350000000076,2656.07513916456,1202.393555759918,13114.687166662985,9842.187219413929,-236.87529599999968,-108.36000000000058,-23.659999999999943,-50.81999999999982,35.782389817458665,-201.14774609787054,-493.3499378194472,-907.9776756712733,907.9776756712733,-373.1981892373037,-681.2073659272318,681.2073659272318,907.9776756712733,-20.212366587031994,-31.869181743405115
39.5,3529.642144875019,0.0,700.9275000000052,0.0,2236.3375636538303,1056.433596269407,9377.034667487984,7137.808477625003,-249.4342784999996,0.0,-49.009999999999884,0.0,48.68774051896094,-298.14752010785963,-300.1043022168177,-907.0660083137536,907.0660083137536,-235.15021582535024,-686.036054640217,686.036054640217,907.0660083137536,-16.91621023049545,-16.91621023049545,3467.4296448750097,1605.082499999977,350.4637500000026,752.7712500000076,2569.467245928568,1163.6116181714742,12680.253173968744,9516.054564582137,-245.08427849999973,-112.23000000000059,-24.504999999999942,-52.63499999999983,33.42441590403443,-204.67999965947573,-517.0188702929397,-933.7015975290824,933.7015975290824,-391.0025378247553,-700.5382780573185,700.5382780573185,933.7015975290824,-19.43608550825543,-30.665947738203037
40.0,3402.835260000019,0.0,676.0000000000052,0.0,2158.1298679914917,1019.8513741891591,9044.271343985141,6884.404088388964,-257.79326099999963,0.0,-50.69999999999988,0.0,45.28300229148772,-303.3227932028063,-319.04632223989586,-929.1064643549104,929.1064643549104,-249.6253580210655,-702.8128921636477,702.8128921636477,929.1064643549104,-16.22417043551542,-16.22417043551542,3342.8352600000094,1547.999999999977,338.0000000000026,726.0000000000076,2479.609562701352,1123.318031540545,12230.360809727366,9178.327691511755,-253.29326099999977,-116.10000000000058,-25.34999999999994,-54.449999999999825,31.087043387946707,-208.23285461841738,-540.6517503210932,-959.4615718322306,959.4615718322306,-408.78010459566946,-719.8959720039427,719.8959720039427,959.4615718322306,-18.640957968039558,-29.431076547243123
40.5,3271.848883875021,0.0,650.2275000000052,0.0,2077.093715401797,981.8967381442244,8700.066356796928,6622.298213897362,-266.1522434999997,0.0,-52.38999999999989,0.0,41.90827312956488,-308.52807536330323,-337.9358263982609,-951.1994362607801,951.1994362607801,-264.06148843156524,-719.6287414722939,719.6287414722939,951.1994362607801,-15.516508706705523,-15.516508706705523,3214.1363838750076,1488.982499999977,325.1137500000026,698.3212500000076,2386.502089482912,1081.51279586713,11765.010073938845,8829.006600202782,-261.5022434999998,-119.97000000000058,-26.194999999999943,-56.26499999999982,28.77027226919548,-211.80631097469558,-564.248577903908,-985.2575985807173,985.2575985807173,-426.530889550046,-739.2804477671045,739.2804477671045,985.2575985807173,-17.827881416929216,-28.16592050517795
41.0,3136.683016500017,0.0,623.6100000000052,0.0,1993.2291058847463,942.5696881346031,8344.419705923336,6351.490854150192,-274.51122599999974,0.0,-54.079999999999885,0.0,38.71375970000653,-313.7633665893507,-356.5099530249881,-973.3449240313632,973.3449240313632,-278.26333838999113,-736.4836025661556,736.4836025661556,973.3449240313632,-14.79400614075729,-14.79400614075729,3081.3330165000075,1428.0299999999752,311.8050000000026,669.7350000000085,2290.1448262732483,1038.1959111512297,11284.200966603183,8468.091290655217,-269.71122599999984,-123.84000000000059,-27.039999999999942,-58.07999999999983,26.577220294664038,-215.40036872831024,-587.6288969843381,-1011.0896777745429,1011.0896777745429,-444.1208396169369,-758.6917053468035,758.6917053468035,1011.0896777745429,-16.997753305469047,-26.871847366460223
41.5,2997.337657875017,0.0,596.1475000000053,0.0,1906.5360394403401,901.8702241602952,7977.331391364374,6071.982009147465,-282.87020849999976,0.0,-55.76999999999988,0.0,35.69946200281266,-319.02866688094855,-374.76870212007736,-995.5429276666595,995.5429276666595,-292.2309078963432,-753.3774754452328,753.3774754452328,995.5429276666595,-14.05744383436219,-14.05744383436219,2944.4251578750036,1365.1424999999751,298.07375000000263,640.2412500000086,2190.5377730723603,993.3673773928439,10787.933487720373,8095.581762869059,-277.9202084999999,-127.71000000000058,-27.88499999999994,-59.894999999999825,24.507887464352383,-219.01502787926145,-610.7927075623835,-1036.9578094137075,1036.9578094137075,-461.54995479634215,-778.1297447430401,778.1297447430401,1036.9578094137075,-16.151471084203806,-25.550240305343003
42.0,2853.812808000017,0.0,567.8400000000053,0.0,1817.014516068578,859.7983462213004,7598.801413120041,5783.771678889174,-291.14834099999973,0.0,-57.45999999999988,0.0,32.71517337116918,-324.3239762380967,-392.87387285045344,-1017.6923846666688,1017.6923846666688,-306.07861561747967,-770.2295101095254,770.2295101095254,1017.6923846666688,-13.307602884211704,-13.307602884211704,2803.4128080000078,1300.3199999999752,283.92000000000263,609.8400000000086,2087.6809298802486,947.0271945919725,10276.207637290432,7711.478016844318,-286.0483409999998,-131.58000000000058,-28.72999999999994,-61.70999999999982,22.45915603137722,-222.65028842754913,-633.81940319509,-1062.760930998211,1062.760930998211,-478.8714381592098,-797.5137159558141,797.5137159558141,1062.760930998211,-15.28993220367822,-24.202497915879547
42.5,2706.189316875021,0.0,538.6875000000052,0.0,1724.66453576946,816.3540543176192,7208.930833690339,5486.940713375324,-299.3456234999997,0.0,-59.149999999999885,0.0,29.760893805076098,-329.64929466079536,-410.8254652161163,-1039.7932950313914,1039.7932950313914,-319.80646155340065,-787.0397065590336,787.0397065590336,1039.7932950313914,-12.543749659389533,-12.543749659389533,2658.3768168750075,1233.5624999999752,269.3437500000026,578.5312500000085,1981.5742966969128,899.1753627486155,9749.124477813344,7315.860902580981,-294.0956234999998,-135.45000000000059,-29.574999999999942,-63.52499999999983,20.431025995738576,-226.30615037317335,-656.7089838824575,-1088.4990425280532,1088.4990425280532,-496.08528970554,-816.8436189851255,816.8436189851255,1088.4990425280532,-14.412293749727311,-22.827037939345125
43.0,2554.467184500021,0.0,508.6900000000052,0.0,1629.4860985429864,771.5373484492513,6807.71965307526,5181.489112605908,-307.5429059999997,0.0,-60.83999999999988,0.0,26.92245568557004,-335.0046221490443,-428.5743350502519,-1061.946721260827,1061.946721260827,-333.3837136087585,-803.8889147937572,803.8889147937572,1061.946721260827,-11.766759927062608,-11.766759927062608,2509.3171845000115,1164.869999999975,254.3450000000026,546.3150000000086,1872.2178735223529,849.811881862773,9206.68400928912,6908.730420079057,-302.1429059999998,-139.3200000000006,-30.41999999999994,-65.33999999999982,18.482421784226876,-229.98261371613404,-679.459394377603,-1114.2732065032346,1114.2732065032346,-513.1957576805053,-836.2003038309745,836.2003038309745,1114.2732065032346,-13.519561945690157,-21.425463059600794
43.5,2398.646410875021,0.0,477.84750000000525,0.0,1531.479204389157,725.3482286161966,6395.167871274809,4867.416876580931,-315.74018849999965,0.0,-62.52999999999988,0.0,24.629020917834076,-340.3899587028437,-445.36944901878974,-1084.152663354976,1084.152663354976,-346.25246130681523,-820.7771348136964,820.7771348136964,1084.152663354976,-10.97750945439796,-10.97750945439796,2356.2339108750116,1094.2424999999753,238.92375000000263,513.1912500000086,1759.6116603565692,798.9367519344452,8648.886231717748,6490.0865693385385,-310.19018849999975,-143.1900000000006,-31.26499999999994,-67.15499999999983,16.90796553079433,-233.67967845643128,-701.5550459461099,-1140.0834229237546,1140.0834229237546,-529.8198333099675,-855.5837704933608,855.5837704933608,1140.0834229237546,-12.612743014905803,-19.99939324921838
44.0,2238.726996000025,0.0,446.16000000000525,0.0,1430.643853307972,677.7866948184553,5971.27548828899,4544.724005300394,-323.9374709999996,0.0,-64.21999999999989,0.0,22.365595215648515,-345.80530432219354,-462.11204712261446,-1106.411121313838,1106.411121313838,-359.08219721965645,-837.7043666188512,837.7043666188512,1106.411121313838,-10.17687400856255,-10.17687400856255,2199.1269960000113,1021.6799999999752,223.08000000000263,479.1600000000086,1643.7556571995615,746.5499729636317,8075.731145099236,6059.929350359428,-318.23747099999974,-147.06000000000057,-32.10999999999994,-68.96999999999983,15.354110674698287,-237.397344594065,-723.6146450692778,-1165.9296917896136,1165.9296917896136,-546.4171271228925,-874.9940189722846,874.9940189722846,1165.9296917896136,-11.692843180713368,-18.550465769480553
44.5,2074.708939875025,0.0,413.6275000000052,0.0,1326.9800452994311,628.8527470560274,5536.042504117794,4213.41049876429,-332.1347534999996,0.0,-65.90999999999988,0.0,20.132178579013353,-351.25065900709376,-478.8021293617259,-1128.7220951374134,1128.7220951374134,-371.8729213472821,-854.6706102092214,854.6706102092214,1128.7220951374134,-9.365729356723364,-9.365729356723364,2037.9964398750153,947.1824999999733,206.8137500000026,444.2212500000086,1524.64986405133,692.6515449503328,7487.218749433582,5618.258763141729,-326.2847534999997,-150.93000000000058,-32.95499999999994,-70.78499999999983,13.820857215938757,-241.13561212903522,-745.638191747107,-1191.8120131008116,1191.8120131008116,-562.9876391192797,-894.431049267746,894.431049267746,1191.8120131008116,-10.760868666451955,-17.080335170380735
45.0,1906.5922425000267,0.0,380.25000000000523,0.0,1220.4877803635343,578.5463853289128,5089.468918761226,3873.4763569726265,-340.33203599999956,0.0,-67.59999999999988,0.0,17.92877100792858,-356.72602275754434,-495.4396957361242,-1151.085584825702,1151.085584825702,-384.6246336896923,-871.6758655848071,871.6758655848071,1151.085584825702,-8.544951266047434,-8.544951266047434,1872.8422425000153,870.7499999999733,190.12500000000261,408.3750000000086,1402.2942809118742,637.2414678945484,6883.349044720785,5165.074807685437,-334.3320359999997,-154.80000000000058,-33.79999999999994,-72.59999999999982,12.308205154515733,-244.894481061342,-767.6256859795973,-1217.7303868573483,1217.7303868573483,-579.5313692991296,-913.8948613797447,913.8948613797447,1217.7303868573483,-9.81782569546057,-15.590673290623045
45.5,1734.3769038750268,0.0,346.02750000000617,0.0,1111.1670585002819,526.8676096371115,4631.554732219286,3524.9215799253993,-348.52931849999953,0.0,-69.28999999999988,0.0,15.755372502394211,-362.23139557354534,-512.0247462458094,-1173.5015903787034,1173.5015903787034,-397.33733424688694,-888.7201327456085,888.7201327456085,1173.5015903787034,-7.715415503701664,-7.715415503701664,1703.6644038750192,792.3824999999733,173.01375000000309,371.62125000000856,1276.688907781195,580.3197417962782,6264.122030960852,4700.377483990557,-342.37931849999967,-158.67000000000058,-34.64499999999994,-74.41499999999982,10.816154490429215,-248.67395139098522,-789.5771277667486,-1243.684813059224,1243.684813059224,-596.0483176624421,-933.3854553082809,933.3854553082809,1243.684813059224,-8.864720491078373,-14.083169257622572
46.0,1558.0629240000344,0.0,310.9600000000062,0.0,999.0178797096736,473.81641998062355,4162.2999444919815,3167.746167622616,-356.7266009999995,0.0,-70.97999999999989,0.0,13.611983062410237,-367.7667774550967,-528.5572808907813,-1195.9701117964187,1195.9701117964187,-410.01102301886607,-905.8034116916251,905.8034116916251,1195.9701117964187,-6.877997836853055,-6.877997836853055,1530.462924000019,712.0799999999733,155.4800000000031,333.96000000000856,1147.8337446592914,521.8863666555228,5629.537708153771,4224.166792057083,-350.4266009999996,-162.5400000000006,-35.489999999999945,-76.22999999999982,9.344705223679206,-252.474023117965,-811.4925171085612,-1269.6752917064384,1269.6752917064384,-612.538484209217,-952.9028310533546,952.9028310533546,1269.6752917064384,-7.902559276644453,-12.559529487505039
46.5,1377.6503028750344,0.0,275.0475000000062,0.0,884.0402439917096,419.39281635944894,3681.7045555792943,2801.9501200642635,-364.9238834999995,0.0,-72.66999999999989,0.0,11.498602687976659,-373.33216840219853,-545.03729967104,-1218.4911490788465,1218.4911490788465,-422.6457000056297,-922.9257024228575,922.9257024228575,1218.4911490788465,-6.0335740326685965,-6.0335740326685965,1353.237802875019,629.8424999999733,137.5237500000031,295.39125000000956,1015.7287915461637,461.9413424722817,4979.596076299549,3736.442731885018,-358.4738834999996,-166.4100000000006,-36.334999999999944,-78.04499999999983,7.893857354265703,-256.29469624228125,-833.371854005035,-1295.701822798992,1295.701822798992,-629.0018689394545,-972.4469886149657,972.4469886149657,1295.701822798992,-6.932348275497844,-11.021477685106987
47.0,1193.1390405000343,0.0,238.2900000000062,0.0,766.2341513463899,363.59679877358764,3189.7685654812344,2427.533437250347,-373.12116599999945,0.0,-74.35999999999989,0.0,9.415231379093477,-378.92756841485067,-561.4648025865855,-1241.0647022259877,1241.0647022259877,-435.2413652071778,-940.0870049393053,940.0870049393053,1241.0647022259877,-5.183019858315248,-5.183019858315248,1171.989040500019,545.6699999999732,119.1450000000031,255.91500000000954,880.3740484418123,400.48466924655514,4314.297135398184,3237.205303474361,-366.52116599999954,-170.28000000000057,-37.17999999999994,-79.85999999999983,6.463610882188707,-260.13597076393404,-855.2151384561695,-1321.7644063368846,1321.7644063368846,-645.4384718531546,-992.0179279931142,992.0179279931142,1321.7644063368846,-5.95509371097765,-9.470754843975712
47.5,1004.5291368750343,0.0,200.6875000000062,0.0,645.5996017737143,306.42836722303974,2686.4919741978024,2044.496119180869,-381.3184484999994,0.0,-76.04999999999988,0.0,7.361869135760692,-384.5529774930533,-577.8397896374179,-1263.6907712378422,1263.6907712378422,-447.79801862351036,-957.2873192409687,957.2873192409687,1263.6907712378422,-4.327211080960026,-4.327211080960026,986.716636875019,459.5624999999733,100.3437500000031,215.53125000000955,741.7695153462369,337.51634697834305,3633.6408854496763,2726.4545068251127,-374.56844849999953,-174.15000000000057,-38.02499999999994,-81.67499999999983,5.05396580744822,-263.9978466829233,-877.0223704619654,-1347.8630423201155,1347.8630423201155,-661.8482929503173,-1011.6156491878003,1011.6156491878003,1347.8630423201155,-4.97180180642296,-7.909119246369386
48.0,811.8205920000344,0.0,162.2400000000062,0.0,522.1365952736829,247.8875217078051,2171.8747817289973,1652.8381658558283,-389.5157309999994,0.0,-77.73999999999988,0.0,5.338515957978303,-390.20839563680624,-594.1622608235372,-1286.36935611441,1286.36935611441,-460.31566025462746,-974.5266453278474,974.5266453278474,1286.36935611441,-3.4670234677699483,-3.4670234677699483,797.4205920000267,371.5199999999733,81.1200000000031,174.24000000000953,599.9151922594373,273.03637566764553,2937.627326454037,2204.190341937281,-382.6157309999995,-178.02000000000058,-38.86999999999994,-83.48999999999982,3.6649221300442405,-267.8803239992491,-898.7935500224224,-1373.9977307486859,1373.9977307486859,-678.2313322309425,-1031.2401521990237,1031.2401521990237,1373.9977307486859,-3.9834787851728635,-6.338346463256869
48.5,615.0134058750419,0.0,122.9475000000062,0.0,395.8451318462959,187.97426222788386,1645.9169880748295,1252.5595772752329,-397.71301349999936,0.0,-79.42999999999988,0.0,3.744292417566587,-395.89382284610963,-609.7337551442575,-1309.100456855691,1309.100456855691,-472.2754333571627,-991.8049831999418,991.8049831999418,1309.100456855691,-2.6033327859119026,-2.6033327859119026,604.1009058750267,281.5424999999733,61.4737500000031,132.04125000000954,454.811079181414,207.0447553144624,2226.2564584112456,1670.412808810851,-390.66301349999947,-181.89000000000058,-39.71499999999994,-85.30499999999982,2.5704784345523173,-271.7834027129114,-920.0491796145332,-1400.1684716225946,1400.1684716225946,-694.2313915350819,-1050.8914370267848,1050.8914370267848,1400.1684716225946,-2.991130870566394,-4.7602293543177865
49.0,414.10757850004194,0.0,82.8100000000062,0.0,266.725211491553,126.68858878327589,1108.6185932352796,843.6603534390671,-405.91029599999933,0.0,-81.11999999999988,0.0,2.424700228659629,-401.6092591209634,-624.8246445998445,-1331.884073461685,1331.884073461685,-483.8781857027417,-1009.1223328572516,1009.1223328572516,1331.884073461685,-1.737014802552892,-1.737014802552892,406.7575785000267,189.6299999999733,41.4050000000031,88.93500000000859,306.4571761121666,139.5414859187938,1499.5282813213112,1125.1219074458284,-398.71029599999946,-185.7600000000006,-40.55999999999994,-87.11999999999982,1.6645707527496574,-275.70708282391024,-940.9748711826877,-1426.3752649418425,1426.3752649418425,-709.9863540214253,-1070.569503671083,1070.569503671083,1426.3752649418425,-1.9957642859426983,-3.1765780679426783
49.5,209.10310987504195,0.0,41.8275000000062,0.0,134.7768342094544,64.03050137398128,559.9795972103569,426.1404943473389,-414.1075784999993,0.0,-82.80999999999989,0.0,1.1351171053030675,-407.3547044613676,-639.8630181907185,-1354.7202059323922,1354.7202059323922,-495.4419262631052,-1026.478694299777,1026.478694299777,1354.7202059323922,-0.8689452848599615,-0.8689452848599615,205.3906098750267,95.78249999996949,20.9137500000031,44.92125000001049,154.8534830516953,70.52656748063966,757.442795184235,568.3176378422137,-406.7575784999994,-189.6300000000006,-41.404999999999944,-88.93499999999983,0.7792644682835054,-279.65136433224546,-961.8645103055034,-1452.6181107064292,1452.6181107064292,-725.7145346912313,-1090.274352131919,1090.274352131919,1452.6181107064292,-0.9983852546408656,-1.589220041232771
50.0,4.1961669921875e-11,0.0,6.198883056640625e-12,0.0,0.0,0.0,6.175041198730469e-11,4.8160552978515626e-11,-422.3048609999993,0.0,-84.49999999999989,0.0,0.0,-413.13015886732217,-654.631076249999,-1377.6088542678128,1377.6088542678128,-506.80486099999916,-1043.8740675275178,1043.8740675275178,1377.6088542678128,-1.4210854715202004e-14,-1.4210854715202004e-14,3.4332275390625e-11,-3.0517578125e-11,3.0994415283203123e-12,1.049041748046875e-11,0.0,0.0,2.777576446533203e-11,1.7404556274414062e-11,-414.8048609999994,-193.50000000000057,-42.24999999999994,-90.74999999999983,0.0,-283.6162472379173,-982.5685762499996,-1478.897008916355,1478.897008916355,-741.3048609999998,-1110.0059824092923,1110.0059824092923,1478.897008916355,1.1368683772161603e-13,2.1316282072803006e-14
