x_m,M_DC_no_compuesta_interior_kNm,M_DC_compuesta_interior_kNm,M_DW_interior_kNm,M_PL_interior_kNm,M_LL_IM_interior_kNm,M_fatiga_rango_interior_kNm,M_resistencia_interior_kNm,M_servicio_ii_interior_kNm,V_DC_no_compuesta_interior_kN,V_DC_compuesta_interior_kN,V_DW_interior_kN,V_PL_interior_kN,Vmax_LL_IM_interior_kN,Vmin_LL_IM_interior_kN,Vmax_resistencia_interior_kN,Vmin_resistencia_interior_kN,Vabs_resistencia_interior_kN,Vmax_servicio_ii_interior_kN,Vmin_servicio_ii_interior_kN,Vabs_servicio_ii_interior_kN,V_resistencia_interior_kN,def_LL_interior_mm,def_LL_PL_servicio_i_interior_mm,M_DC_no_compuesta_exterior_kNm,M_DC_compuesta_exterior_kNm,M_DW_exterior_kNm,M_PL_exterior_kNm,M_LL_IM_exterior_kNm,M_fatiga_rango_exterior_kNm,M_resistencia_exterior_kNm,M_servicio_ii_exterior_kNm,V_DC_no_compuesta_exterior_kN,V_DC_compuesta_exterior_kN,V_DW_exterior_kN,V_PL_exterior_kN,Vmax_LL_IM_exterior_kN,Vmin_LL_IM_exterior_kN,Vmax_resistencia_exterior_kN,Vmin_resistencia_exterior_kN,Vabs_resistencia_exterior_kN,Vmax_servicio_ii_exterior_kN,Vmin_servicio_ii_exterior_kN,Vabs_servicio_ii_exterior_kN,V_resistencia_exterior_kN,def_LL_exterior_mm,def_LL_PL_servicio_i_exterior_mm
0.0,0.0,0.0,0.0,0.0,0.0,0.0,0.0,0.0,404.18356400000005,0.0,84.5,0.0,411.69774543093473,0.0,1352.4505095041357,631.979455,1352.4505095041357,1023.8906330602152,488.68356400000005,1023.8906330602152,1352.4505095041357,0.0,0.0,0.0,0.0,0.0,0.0,0.0,0.0,0.0,0.0,396.68356400000005,193.5,42.25,90.75,283.5198860206339,0.0,1456.0767555361094,959.916955,1456.0767555361094,1091.7594158268241,723.183564,1091.7594158268241,1456.0767555361094,0.0,0.0
0.5,200.13432450000002,0.0,41.8275,0.0,134.63692403940433,63.9336530448284,548.5237726939575,416.98982575122574,396.35373400000003,0.0,82.81,0.0,405.93339361937456,-1.257152682986011,1330.0406063339055,617.4571503047745,1330.0406063339055,1006.877145705187,477.5294355121182,1006.877145705187,1330.0406063339055,-0.9066964323332812,-0.9066964323332812,196.42182450000004,95.7825,20.91375,44.92125,154.4941394094205,70.38757378171057,745.602962091486,558.8817057322466,389.00373400000007,189.63,41.405,88.935,279.5502058687893,-0.8657511228720616,1430.2487777703814,939.5208530349739,1430.2487777703814,1072.389001629426,707.8482575402663,1072.389001629426,1430.2487777703814,-1.040422499387501,-1.657663542944218
1.0,396.35373400000003,0.0,82.81,0.0,266.44832733771966,126.4969679481565,1085.9417403410093,825.5465595390356,388.5239040000001,0.0,81.12,0.0,400.1989931846602,-2.544256742817852,1307.6831180731556,602.8824307000689,1307.6831180731556,989.9025951400583,466.33637023433687,989.9025951400583,1307.6831180731556,-1.8124658446716893,-1.8124658446716893,389.00373400000007,189.63,41.405,88.935,305.7460300940391,139.26647767757692,1476.0914701645684,1106.4435731222509,381.3239040000001,185.76,40.56,87.12,275.60115204060986,-1.7521285694093216,1404.4568960710674,919.0886550035339,1404.4568960710674,1053.0454016527929,692.486136859768,1053.0454016527929,1404.4568960710674,-2.079781255248885,-3.313356916601773
1.5,588.6582285000001,0.0,122.9475,0.0,395.434209894946,187.68994470998427,1612.2539029411555,1225.6702013634301,380.69407400000006,0.0,79.43,0.0,394.4945441267917,-3.8613121794955236,1285.3780447218855,588.2552961858829,1285.3780447218855,972.9669813648293,455.1043681666559,972.9669813648293,1285.3780447218855,-2.7163812170203507,-2.7163812170203507,577.7457285000002,281.5425,61.47375,132.04125,453.7556720538558,206.63671168759905,2191.465524219248,1642.6856021700125,373.6440740000001,181.89,39.715,85.305,271.6727245360956,-2.65913233961178,1378.7011104381675,898.6203609056794,1378.7011104381675,1033.7286158969243,677.0972019585047,1033.7286158969243,1378.7011104381675,-3.1170125240580333,-4.965128263317528
2.0,777.0478080000001,0.0,162.24,0.0,521.5945717110834,247.51258333031174,2127.4602604943957,1617.3607512244087,372.86424400000004,0.0,77.74,0.0,388.82004644576904,-5.516721557186415,1263.1253862800957,573.0360422749238,1263.1253862800957,956.0703043794997,443.4325059756577,956.0703043794997,1263.1253862800957,-3.6175155293843915,-3.6175155293843915,762.6478080000002,371.52,81.12,174.24,598.5230652888705,272.4982758117769,2891.725124255523,2167.6077928755317,365.96424400000006,178.02,38.87,83.49,267.76492335524654,-3.7991470307030273,1352.9814208716816,877.7442976962697,1352.9814208716816,1014.4386443618206,661.4053528600862,1014.4386443618206,1352.9814208716816,-4.15105256228883,-6.611044037067872
2.5,961.5224725000002,0.0,200.6875,0.0,644.9294127861317,305.9648838091389,2631.5608130007304,2000.6182091219712,365.034414,0.0,76.05,0.0,383.1755001415922,-7.536185089571141,1240.9251427477864,557.1796935932506,1240.9251427477864,939.2125641840698,431.28737338355756,939.2125641840698,1240.9251427477864,-4.51494176176894,-4.51494176176894,943.7099725000002,459.5625,100.34375,215.53125,740.0482097990833,336.8511700501106,3576.8702702733954,2681.2101452388088,358.284414,174.15,38.025,81.675,263.87774849806266,-5.189871359118363,1327.2978273716099,856.4294926215429,1327.2978273716099,995.1754870474816,645.3875812331463,995.1754870474816,1327.2978273716099,-5.1808376264151565,-8.249189003460721
3.0,1142.0822220000002,0.0,238.29,0.0,765.4387331200911,363.0468461464657,3124.555560460159,2375.442575056119,357.20458400000007,0.0,74.36,0.0,377.56090521426114,-9.585599998801698,1218.7773141249572,541.2709300020972,1218.7773141249572,922.3937607785396,419.1033040015579,922.3937607785396,1218.7773141249572,-5.407732894179122,-5.407732894179122,1120.9322220000001,545.67,119.145,255.915,878.3311055844943,399.69539440260013,4246.9009622728645,3183.492659259843,350.6045840000001,170.28,37.18,79.86,260.011199964544,-6.601222011198896,1301.6503299379522,835.078591480402,1301.6503299379522,975.9391439539073,629.3429953854414,975.9391439539073,1301.6503299379522,-6.205303972910896,-9.877666239735516
3.5,1318.7270565000003,0.0,275.0475,0.0,883.1225327129614,418.75847034229224,3606.4445028726827,2741.83384902685,349.37475400000005,0.0,72.67,0.0,371.97626166377603,-11.664966284878089,1196.6819004116082,525.3097515014634,1196.6819004116082,905.6138941629089,406.88029782965856,905.6138941629089,1196.6819004116082,-6.294961906620063,-6.294961906620063,1294.3145565000002,629.8425,137.52375,295.39125,1013.3717526451032,461.0309488692454,4901.817200253931,3674.455334938634,342.92475400000006,166.41,36.335,78.045,256.1652777546906,-8.033198986944631,1276.0389285707088,813.691594272847,1276.0389285707088,956.7296150810978,613.271595316972,956.7296150810978,1276.0389285707088,-7.223387858249931,-11.494597134763227
4.0,1491.4569760000002,0.0,310.96,0.0,997.9808115647428,473.0997563966185,4077.2276402383,3099.792031034166,341.54492400000004,0.0,70.98,0.0,366.4215694901366,-13.774283947800305,1174.6389016077392,509.29615809134947,1174.6389016077392,888.8729643371777,394.6183548678597,888.8729643371777,1174.6389016077392,-7.17570177909689,-7.17570177909689,1463.8569760000003,712.08,155.48,333.96,1145.1701509809102,520.8578334500463,5541.618984216593,4154.098172275184,335.2449240000001,162.54,35.49,76.23,252.33998186850226,-9.48580228635556,1250.463623269879,792.2685009988778,1250.463623269879,937.546900429053,597.1733810277378,937.546900429053,1250.463623269879,-8.234025538906144,-13.098121389046344
4.5,1660.2719805000002,0.0,346.0275,0.0,1110.013569675435,526.0707043094444,4536.904972557011,3449.317121078066,333.715094,0.0,69.29,0.0,360.8968286933431,-15.913552987568352,1152.6483177133505,493.23014977175546,1152.6483177133505,872.1709713013461,382.3174751161612,872.1709713013461,1152.6483177133505,-8.049025491614731,-8.049025491614731,1629.5594805000003,792.3825,173.01375,371.62125,1273.7263005919153,579.176048145003,6166.306314160853,4622.4211712694905,327.56509400000004,158.67,34.645,74.415,248.53531230597923,-10.959031909431689,1224.9244140354638,770.8093116584946,1224.9244140354638,918.390999997773,581.0483525177389,918.390999997773,1224.9244140354638,-9.236153271353416,-14.686397014718889
5.0,1825.1720700000003,0.0,380.25,0.0,1219.2208070450386,577.67131408077,4985.476499828817,3790.4091191585503,325.88526400000006,0.0,67.6,0.0,355.4020392733954,-18.08277340418223,1130.7101487284422,477.11172654268114,1130.7101487284422,855.5079150554142,369.9776585745632,855.5079150554142,1130.7101487284422,-8.914006024178715,-8.914006024178715,1791.4220700000003,870.75,190.125,408.375,1399.0402014781187,635.9855929541158,6775.879190086708,5079.424331921555,319.88526400000006,154.8,33.8,72.6,244.75126906712134,-12.452887856173016,1199.4213008674626,749.3140262516973,1199.4213008674626,899.2619137872579,564.8965097869751,899.2619137872579,1199.4213008674626,-10.228707312065634,-16.25760033554641
5.5,1986.1572445000004,0.0,413.6275,0.0,1325.602523673553,627.9015857105952,5422.942222053719,4123.068025275619,318.05543400000005,0.0,65.91,0.0,349.93720123029357,-20.28194519764194,1108.824394653014,460.94088840412667,1108.824394653014,838.8837955993816,357.59890524306553,838.8837955993816,1108.824394653014,-9.76971635679396,-9.76971635679396,1949.4447445000005,947.1825,206.81375,444.22125,1521.11185363952,691.2864678773841,7370.3376119941595,5525.107654231377,312.2054340000001,150.93,32.955,70.785,240.98785215192868,-13.967370126579542,1173.9542837658753,727.7826447784859,1173.9542837658753,880.1596417975074,548.7178528354467,880.1596417975074,1173.9542837658753,-11.210623917516676,-17.80992598692598
6.0,2143.2275040000004,0.0,446.16,0.0,1429.1587195609784,676.7615191989203,5849.302139231712,4447.293839429272,310.22560400000003,0.0,64.22,0.0,344.50231456403753,-22.511068367947484,1086.9910554870658,444.71763535609193,1086.9910554870658,822.2986129332488,345.1812151216683,822.2986129332488,1086.9910554870658,-10.615229469465604,-10.615229469465604,2103.6275040000005,1021.68,223.08,479.16,1639.9412570761192,745.0786729148082,7949.681579883209,5959.4711381989555,304.52560400000004,147.06,32.11,68.97,237.24506156040124,-15.502478720651268,1148.5233627307023,706.2151672388604,1148.5233627307023,861.0841840285217,532.5123816631534,861.0841840285217,1148.5233627307023,-12.180839344180427,-19.341586915886193
6.5,2296.3828485000004,0.0,477.8475,0.0,1529.8893947073148,724.2511145457449,6264.556251362801,4763.08656161951,302.3957740000001,0.0,62.53,0.0,339.0973792746273,-24.77014291509885,1065.2101312305979,428.44196739857716,1065.2101312305979,805.7523670570157,332.72458821037156,805.7523670570157,1065.2101312305979,-11.449618342198763,-11.449618342198763,2253.9703485000005,1094.2425,238.92375,513.19125,1755.5284117879166,797.3622080663881,8513.911093753855,6382.514783824292,296.8457740000001,143.19,31.265,67.155,233.52289729253894,-17.058213638388192,1123.1285377619433,684.6115936328208,1123.1285377619433,842.0355404803008,516.2800962700954,842.0355404803008,1123.1285377619433,-13.138289848530768,-20.850814381087176
7.0,2445.6232780000005,0.0,508.69,0.0,1627.7945491125622,770.3703717510692,6668.704558446984,5070.446191846331,294.56594400000006,0.0,60.84,0.0,333.72239536206297,-27.059168839096053,1043.4816218836102,412.113884531582,1043.4816218836102,789.245057970682,320.2290245091752,789.245057970682,1043.4816218836102,-12.271955954998575,-12.271955954998575,2400.4732780000004,1164.87,254.345,546.315,1867.873317774912,848.1370733321238,9063.026153606099,6794.238591107385,289.1659440000001,139.32,30.42,65.34,229.8213593483419,-18.63457487979031,1097.7698088595985,662.971923960367,1097.7698088595985,823.0137111528446,500.0209966562727,823.0137111528446,1097.7698088595985,-14.081911687041583,-22.335857952820582
7.5,2590.9487925000003,0.0,538.6875,0.0,1722.8741827767205,815.1192908148932,7061.747060484262,5369.372730109737,286.73611400000004,0.0,59.15,0.0,328.3773628263445,-29.952117578806167,1021.8055274461029,394.7289367370893,1021.8055274461029,772.7766856742479,306.948361147552,772.7766856742479,1021.8055274461029,-13.081315287870154,-13.081315287870154,2543.1362925000003,1233.5625,269.34375,578.53125,1976.9759750371059,897.4032687120152,9597.026759439936,7194.642560048239,281.48611400000004,135.45,29.575,63.525,226.14044772781003,-20.62683377857931,1072.4471760236677,640.6044333874862,1072.4471760236677,804.0186960461531,483.221230087847,804.0186960461531,1072.4471760236677,-15.010641116186754,-23.794985513009586
8.0,2732.3593920000003,0.0,567.84,0.0,1815.12829569979,858.497871737217,7443.683757474632,5659.866176409727,278.8254340000001,0.0,57.46,0.0,323.06228166747167,-32.90071790904273,1000.0807854180755,377.1455361591753,1000.0807854180755,756.2664001677133,293.5145007182445,756.2664001677133,1000.0807854180755,-13.876769320818635,-13.876769320818635,2681.9593920000007,1300.32,283.92,609.84,2082.8363835744976,945.1607942060624,10115.912911255371,7583.726690646847,273.72543400000006,131.58,28.73,61.71,222.48016243094332,-22.65741771746881,1047.0595767541508,618.0688114944297,1047.0595767541508,784.9696451602264,466.29079096729066,784.9696451602264,1047.0595767541508,-15.923414392440165,-25.226483255208898
8.5,2869.7742265,0.0,596.1475,0.0,1904.5568878817705,900.5061145180404,7814.413586918098,5941.845680746302,270.833904,0.0,55.77,0.0,317.7771518854448,-35.87926961612512,978.3073957995285,359.4086581717811,978.3073957995285,739.7142014510783,279.9608534990374,739.7142014510783,978.3073957995285,-14.659089510618168,-14.659089510618168,2816.8617265000003,1365.1425,298.07375,640.24125,2185.454543387087,991.4096498142654,10619.583546552405,7961.410132903214,265.8839040000001,127.71,27.885,59.895,218.84050345774185,-24.70862798002351,1021.6070110510483,595.396031034959,1021.6070110510483,765.8665584950645,449.25268762596954,765.8665584950645,1021.6070110510483,-16.82111675253211,-26.63201378116795
9.0,3003.193296,0.0,623.61,0.0,1991.159959322662,941.1440191573636,8173.936548814658,6215.311243119461,262.84237400000006,0.0,54.08,0.0,312.5219734802638,-39.12764136107243,956.5864210904617,341.19959511812334,956.5864210904617,723.200939524343,266.0564402306059,723.200939524343,956.5864210904617,-15.42745499207194,-15.42745499207194,2947.8432960000005,1428.03,311.805,669.735,2284.830454474875,1036.1498355366243,11108.038665331032,8327.692886817336,258.04237400000005,123.84,27.04,58.08,215.22147080820557,-26.9456525863062,996.1905414143598,572.3980754739642,996.1905414143598,746.7902860506673,431.97302563780204,746.7902860506673,996.1905414143598,-17.702806264202497,-28.010091965095945
9.5,3132.6166005,0.0,650.2275,0.0,2074.9375100224647,980.4115856551863,8522.252643164313,6480.262863529203,254.85084400000005,0.0,52.39,0.0,307.29674645192864,-42.46593164812033,934.9178612908752,322.83317461578946,934.9178612908752,706.7266143875073,252.03513285744359,706.7266143875073,934.9178612908752,-16.181044899983146,-16.181044899983146,3074.9041005000004,1488.9825,325.11375,698.32125,2380.964116837861,1079.3813513731388,11581.278267591257,8682.57495238922,250.20084400000007,119.97,26.195,56.265,211.62306448233454,-29.24460052126978,970.8101678440855,549.2917540877779,970.8101678440855,727.740827827035,414.6128633223493,727.740827827035,970.8101678440855,-18.567540995191244,-29.359248895934343
10.0,3258.04414,0.0,676.0,0.0,2155.8895399811777,1018.3088140115087,8859.36186996706,6736.7005419755305,246.85931400000004,0.0,50.7,0.0,302.10147080043924,-45.834173312014066,913.3017164007687,304.41433920397543,913.3017164007687,690.291226040571,237.97488869438172,690.291226040571,913.3017164007687,-16.91903836915498,-16.91903836915498,3198.0441400000004,1548.0,338.0,726.0,2473.8555304760453,1121.104197323809,12039.30235333308,9026.056329618857,242.35931400000007,116.1,25.35,54.45,208.04528448012863,-31.56417477989857,945.4658903402252,526.1493366351776,945.4658903402252,708.7181838241673,397.2258867861319,708.7181838241673,945.4658903402252,-19.414379013238246,-30.678031877356844
10.5,3379.4759145000007,0.0,700.9275,0.0,2234.0160491988026,1054.8357042263308,9185.264229222905,6984.624278458445,238.86778400000006,0.0,49.01,0.0,296.93614652579566,-49.23236635275364,891.7379864201424,285.9430888826812,891.7379864201424,673.8947744835345,223.8757077414203,673.8947744835345,891.7379864201424,-17.640614534390618,-17.640614534390618,3317.263414500001,1605.0825,350.46375,752.77125,2563.504695389427,1161.3183733886353,12482.1109225565,9358.137018506257,234.51778400000006,112.23,24.505,52.635,204.48813080158797,-33.90437536219255,920.1577089027791,502.97082311616316,920.1577089027791,689.7223540420644,379.81209602914976,689.7223540420644,920.1577089027791,-20.242378386083423,-31.965004427769436
11.0,3496.911924000001,0.0,725.01,0.0,2309.317037675338,1089.9922562996528,9499.959720931844,7224.03407297794,230.87625400000005,0.0,47.32,0.0,291.80077362799796,-52.66051077033902,870.2266713489964,267.41942365190675,870.2266713489964,657.5372597163973,209.73758999855932,657.5372597163973,870.2266713489964,-18.344952530493263,-18.344952530493263,3432.561924000001,1660.23,362.505,778.635,2649.911611578007,1200.023879567617,12909.703975261513,9678.81701905141,226.67625400000009,108.36,23.66,50.82,200.95160344671248,-36.265202268151725,894.8856235317469,479.7562135307346,894.8856235317469,670.7533384807264,362.3714910514028,670.7533384807264,894.8856235317469,-21.050597181466678,-33.218746280310356
11.5,3610.352168500001,0.0,748.2475,0.0,2381.792505410784,1123.7784702314743,9803.448345093873,7454.92992553402,222.88472400000003,0.0,45.63,0.0,286.69535210704606,-56.11860656477025,848.7677711873306,248.84334351165208,848.7677711873306,641.2186817391598,195.5605354657987,641.2186817391598,848.7677711873306,-19.031231492266105,-19.031231492266105,3543.939668500001,1713.4425,374.12375,803.59125,2733.0762790417853,1237.220715860755,13322.081511448125,9988.096331254323,218.83472400000008,104.49,22.815,49.005,197.4357024155022,-38.64665549777611,869.6496342271289,456.5055078788918,869.6496342271289,651.8111371401529,344.90407185289115,651.8111371401529,869.6496342271289,-21.83809346712792,-34.43785338285009
12.0,3719.7966480000005,0.0,770.64,0.0,2451.442452405142,1156.1943460217956,10095.730101709,7677.311836126684,214.89319400000005,0.0,43.94,0.0,281.61988196294,-59.6066537360473,827.361285935145,230.21484846191728,827.361285935145,624.939040551822,181.34454414313856,624.939040551822,827.361285935145,-19.698630554512334,-19.698630554512334,3651.396648000001,1764.72,385.32,827.64,2812.9986977807616,1272.9088822680485,13719.243531116334,10285.97495511499,210.99319400000007,100.62,21.97,47.19,193.9404277079571,-41.04873505106568,844.4497409889251,433.2187061606352,844.4497409889251,632.8957500203443,327.4098384336147,632.8957500203443,844.4497409889251,-22.603925310807057,-35.6209378979914
12.5,3825.2453625000003,0.0,792.1875,0.0,2518.2668786584104,1187.2398836706163,10376.80499077722,7891.179804755934,206.90166400000004,0.0,42.25,0.0,276.57436319567967,-63.124652284170196,806.0072155924395,211.53393850270223,806.0072155924395,608.6983361543836,167.08961603057878,608.6983361543836,806.0072155924395,-20.346328852035136,-20.346328852035136,3754.9328625000007,1814.0625,396.09375,850.78125,2889.678867794936,1307.0883787894977,14101.19003426614,10572.45289063342,203.15166400000007,96.75,21.125,45.375,190.46577932407718,-43.47144092802046,819.2859438171351,409.8958083759643,819.2859438171351,614.0071771213005,309.8887907935735,614.0071771213005,819.2859438171351,-23.347150780244,-36.7666282030693
13.0,3926.6983120000004,0.0,812.89,0.0,2582.26578417059,1216.915083177937,10646.673012298534,8096.533831421767,198.91013400000006,0.0,40.56,0.0,271.55879580526533,-66.67260220913892,784.7055601592144,192.800613634007,784.7055601592144,592.496568546845,152.79575112811946,592.496568546845,784.7055601592144,-20.973505519637705,-20.973505519637705,3854.548312000001,1861.47,406.445,873.015,2963.1167890843085,1339.7592054251027,14467.921020897542,10847.530137809603,195.3101340000001,92.88,20.28,43.56,187.0117572638625,-45.914773128640434,794.1582427117594,386.53681452487933,794.1582427117594,595.1454184430214,292.34092893276755,595.1454184430214,794.1582427117594,-24.06682794317865,-37.87356889015107
13.5,4024.1554965000005,0.0,832.7475,0.0,2643.4391689416802,1245.2199445437575,10905.334166272942,8293.373916124185,190.91860400000004,0.0,38.87,0.0,267.0871840653073,-70.25050351095346,764.3558271142879,174.0148738558315,764.3558271142879,577.0019432848995,138.46294943576055,577.0019432848995,764.3558271142879,-21.57933969212323,-21.57933969212323,3950.242996500001,1906.9425,416.37375,894.34125,3033.312461648879,1370.9213621748636,14819.43649101054,11111.206696643543,187.46860400000008,89.01,19.435,41.745,183.9323358560178,-48.37873165292561,769.6860927480312,363.14172460738024,769.6860927480312,576.7706406128232,274.7662528511967,576.7706406128232,769.6860927480312,-24.762014867350928,-38.94042076603624
14.0,4117.616916000001,0.0,851.76,0.0,2701.787032971682,1272.1544677680774,11152.788452700443,8481.700058863187,182.92707400000006,0.0,37.18,0.0,262.21898456597995,-73.85835618961384,743.3120654904649,155.1767191681758,743.3120654904649,560.9917539357741,124.09121095350206,560.9917539357741,743.3120654904649,-22.16301050429491,-22.16301050429491,4042.016916000001,1950.48,425.88,914.76,3100.2658854886477,1400.5748490387803,15155.736444605132,11363.482567135243,179.62707400000008,85.14,18.59,39.93,180.579800209435,-50.863316500875975,744.7359928665113,339.71053862346713,744.7359928665113,558.0408142722656,257.16476254886135,558.0408142722656,744.7359928665113,-25.431769620500738,-39.96586085225661
14.5,4207.082570500001,0.0,869.9275,0.0,2757.3093762605945,1297.7186528508971,11389.035871581042,8661.512259638774,174.93554400000005,0.0,35.49,0.0,257.169673801097,-77.49616024512005,721.9513591519199,136.28614957103997,721.9513591519199,544.7461199414262,109.68053568134398,544.7461199414262,721.9513591519199,-22.723697090955923,-22.723697090955923,4129.870070500001,1992.0825,434.96375,934.27125,3163.9770606036145,1428.7196660168524,15476.820881681326,11604.3577492847,171.78554400000007,81.27,17.745,38.115,177.1025404273978,-53.36852767249154,719.5676257479463,316.24325657313994,719.5676257479463,539.1488465556173,239.53645802576114,539.1488465556173,719.5676257479463,-26.075150270367985,-40.948582385076236
15.0,4292.552460000001,0.0,887.25,0.0,2810.0061988084176,1321.9124997922163,11614.076422914732,8832.810518450942,166.94401400000007,0.0,33.8,0.0,252.21488551530658,-81.16391567747209,700.7560671517865,117.34316506442393,700.7560671517865,528.6233651698986,95.23092361928633,528.6233651698986,700.7560671517865,-23.260578586909464,-23.260578586909464,4213.802460000001,2031.75,443.625,952.875,3224.445986993779,1455.3558131090806,15782.689802239114,11833.832243091914,163.9440140000001,77.4,16.9,36.3,173.69037452259482,-55.89436516777231,694.5131729145411,292.7398784563985,694.5131729145411,520.3415008793734,221.88133928189606,520.3415008793734,694.5131729145411,-26.691214884692574,-41.88729481549142
15.5,4374.0265845,0.0,903.7275,0.0,2859.8775006151523,1344.7360085920352,11827.910106701516,8995.594835299698,158.95248400000006,0.0,32.11,0.0,247.3725844060367,-84.86162248666994,679.7576277105643,98.34776564832765,679.7576277105643,512.6468437278478,80.74237476732912,512.6468437278478,679.7576277105643,-23.772834126958728,-23.772834126958728,4293.814084500001,2069.4825,451.86375,970.57125,3281.672664659142,1480.4832903154645,16073.3432062785,12051.906048556884,156.1024840000001,73.53,16.055,34.485,170.35567406864715,-58.440828986718266,669.5942846201325,269.2004042732432,669.5942846201325,501.6348602892414,204.1994063172663,501.6348602892414,669.5942846201325,-27.27902153121442,-42.780723809230764
16.0,4451.504944,0.0,919.36,0.0,2906.923281680798,1366.189179250354,12030.536922941397,9149.865210185038,150.96095400000004,0.0,30.42,0.0,242.0943703765413,-88.58928067271364,657.9963406589474,79.29995132275118,657.9963406589474,496.10363548950374,66.21488912547231,496.10363548950374,657.9963406589474,-24.259642845906903,-24.259642845906903,4369.904944000001,2105.28,459.68,987.36,3335.657093599703,1504.1020976360041,16348.78109379948,12258.579165679615,148.26095400000008,69.66,15.21,32.67,166.7207776995435,-61.00791912932944,644.1500534742013,245.6248340236736,644.1500534742013,482.53796500940666,186.49065913187184,482.53796500940666,644.1500534742013,-27.83762827767343,-43.62761124675509
16.5,4524.987538500001,0.0,934.1475,0.0,2951.1435420053544,1386.2720117671727,12221.956871634371,9295.621643106962,142.76152400000007,0.0,28.73,0.0,237.69024069817965,-92.34689023560317,637.5048262218144,59.93984708769454,637.5048262218144,480.4888369076336,51.44056669371592,480.4888369076336,637.5048262218144,-24.72018387855718,-24.72018387855718,4442.075038500002,2139.1425,467.07375,1003.24125,3386.3992738154616,1526.2122350706998,16609.00346480206,12453.851594460102,140.21152400000008,65.79,14.365,30.855,163.6878285073584,-63.5956355956058,619.4993548878773,221.75329270769,619.4993548878773,464.01570105956597,168.54719772571255,464.01570105956597,619.4993548878773,-28.36609319180951,-44.42671522325749
17.0,4594.266468000001,0.0,948.09,0.0,2994.239884775404,1406.2536500827725,12404.887883356956,9434.868318208028,134.35419400000006,0.0,27.04,0.0,232.83246537098412,-96.13445117533853,615.9595568992223,40.26745294315769,615.9595568992223,464.07639898227944,36.41940747205999,464.07639898227944,615.9595568992223,-25.15929357691077,-25.15929357691077,4510.116468000001,2171.07,474.045,1018.215,3435.851773086787,1548.210963036902,16857.167437901877,12640.053773012825,131.9541940000001,61.92,13.52,29.04,160.3424715741095,-66.20397838554734,594.0420677546917,197.58578032529226,594.0420677546917,444.87940704634246,150.36902209878852,444.87940704634246,594.0420677546917,-28.869965925366714,-45.18704519957194
17.5,4659.341732500001,0.0,961.1875,0.0,3035.361508397655,1425.499522227013,12577.841055320896,9566.499193416952,125.94686400000006,0.0,25.35,0.0,228.17681545462523,-99.95196349191973,594.7680070455942,20.542643889140543,594.7680070455942,447.92672409101283,21.35931146050441,447.92672409101283,594.7680070455942,-25.57632250659504,-25.57632250659504,4574.029232500001,2201.0625,480.59375,1032.28125,3483.0383075234954,1569.3996513259358,17091.564516291117,12815.916532280544,123.69686400000006,58.05,12.675,27.225,157.13631038355842,-68.83294749915412,568.8283731712273,173.38217187648036,568.8283731712273,425.924067498626,132.1640322510997,425.924067498626,568.8283731712273,-29.34850126075174,-45.90764428915574
18.0,4720.213332,0.0,973.44,0.0,3073.657611278817,1443.3750562297532,12739.32748473793,9689.408226662463,117.53953400000005,0.0,23.66,0.0,223.53770138424602,-103.79942718534674,573.6053949224306,0.7654199256432185,573.6053949224306,431.79854579951984,6.260278659049276,431.79854579951984,573.6053949224306,-25.970621233237374,-25.970621233237374,4633.813332,2229.12,486.72,1045.44,3526.982593235401,1589.0796697291253,17310.486203161952,12980.17070320602,115.43953400000004,54.18,11.83,25.41,153.94153677338502,-71.48254293642607,543.6346068534239,149.14246736125438,543.6346068534239,406.98353180540056,113.93222818264614,406.98353180540056,543.6346068534239,-29.80095398037127,-46.58756843388738
18.5,4776.8812665,0.0,984.8475,0.0,3109.12819341889,1459.880252090993,12889.347171608057,9803.595417944558,109.13220400000003,0.0,21.97,0.0,218.8679126695303,-107.6768422556196,552.3891021716781,-19.064218947334272,552.3891021716781,415.6304904703894,-8.877690932305471,415.6304904703894,552.3891021716781,-26.341540322465143,-26.341540322465143,4689.4687665,2255.2425,492.42375,1057.69125,3567.684630222505,1607.2510182464705,17513.932498514387,13132.816285789257,107.18220400000003,50.31,10.985,23.595,150.72563875395136,-74.15276469736324,518.4038728194149,124.86666677961438,518.4038728194149,388.0155343801367,95.67360989342781,388.0155343801367,518.4038728194149,-30.226578866632032,-47.22588640406652
19.0,4829.345536,0.0,995.41,0.0,3141.7732548178737,1475.0151098107326,13027.900115931277,9909.060767263238,100.72487400000001,0.0,20.28,0.0,214.07967004862797,-111.58420870273828,530.965515085099,-38.946272729791964,530.965515085099,399.30844506321637,-24.05459731355976,399.30844506321637,530.965515085099,-26.688430339905707,-26.688430339905707,4740.995536,2279.43,497.705,1069.035,3605.1444184848074,1623.9136968779715,17701.903402348413,13273.853280030251,98.92487400000002,46.44,10.14,21.78,147.42816623392002,-76.84361278196558,493.03038340936007,100.55477013156028,493.03038340936007,368.94149010409603,77.38817738344476,368.94149010409603,493.03038340936007,-30.62463070194071,-47.821679798414
19.5,4877.606140499999,0.0,1005.1275,0.0,3171.592795475769,1488.7796293889721,13154.986317707595,10005.8042746185,92.317544,0.0,18.59,0.0,209.55004530400325,-115.52152652670281,509.9945092820057,-58.88074142172994,509.9945092820057,383.3226028952043,-39.270440484713674,383.3226028952043,509.9945092820057,-27.010641851186456,-27.010641851186456,4788.3936404999995,2301.6825,502.56375,1079.47125,3639.3619580223076,1639.0677056236284,17874.398914664034,13403.281685929,90.66754399999999,42.57,9.295,19.965,144.30879357384387,-79.55508719023314,467.9685687542268,76.206777417092,467.9685687542268,350.09897564599703,59.075930652696904,350.09897564599703,467.9685687542268,-30.994364268704004,-48.37404304407183
20.0,4921.663079999999,0.0,1014.0,0.0,3198.5868153925753,1501.173810825711,13270.605776937005,10093.825940010347,83.91021399999998,0.0,16.9,0.0,205.07251529446015,-119.48879572751316,489.1146692653052,-78.86762502314807,489.1146692653052,367.40448388279816,-54.52522044576713,367.40448388279816,489.1146692653052,-27.307525421934763,-27.307525421934763,4831.663079999999,2322.0,507.0,1089.0,3670.3372488350055,1652.7130444834409,18031.41903546126,13521.101503485508,82.41021399999998,38.7,8.45,18.15,141.22529648878975,-82.2871879221659,442.96953635538205,51.82268863620964,442.96953635538205,331.30309943542665,40.736869701184304,331.30309943542665,442.96953635538205,-31.33503434932862,-48.88208339660319
20.5,4961.5163545,0.0,1022.0275,0.0,3222.7553145682928,1512.1976541209497,13374.758493619513,10173.125763438782,75.50288399999997,0.0,15.21,0.0,200.37485198586648,-123.48601630516931,467.8495959752663,-98.90692353404633,467.8495959752663,351.2001915816264,-69.81893719672016,351.2001915816264,467.8495959752663,-27.57843161777798,-27.57843161777798,4870.8038545,2340.3825,511.01375,1097.62125,3698.070290922902,1664.849713457409,18172.963764740078,13627.312732699771,74.15288399999996,34.83,7.605,16.335,137.99020234363803,-85.03991497776384,417.70520910136645,27.402503788913222,417.70520910136645,312.3101470467294,22.370994528906973,312.3101470467294,417.70520910136645,-31.645895726221262,-49.34492093999246
21.0,4997.165963999999,0.0,1029.21,0.0,3244.098293002921,1521.851159274688,13467.44446775511,10243.703744903798,67.09555399999995,0.0,13.52,0.0,195.9928461648441,-127.51318825967131,447.1369232884772,-118.99863695442485,447.1369232884772,335.40625401429725,-85.15159073757276,335.40625401429725,447.1369232884772,-27.822711004343503,-27.822711004343503,4905.815963999999,2356.83,514.605,1105.335,3722.5610842859965,1675.4777125455334,18299.033102500493,13721.915373571794,65.89555399999995,30.96,6.76,14.52,134.97248897331684,-87.81326835702698,392.8212982033044,2.946222875202715,392.8212982033044,293.59978966531185,3.9783051358648516,293.59978966531185,392.8212982033044,-31.92620318178862,-49.76168858664516
21.5,5028.611908499999,0.0,1035.5475,0.0,3262.6157506964596,1530.1343262869261,13548.663699343804,10305.559884405397,58.68822399999993,0.0,11.83,0.0,190.87671082563241,-131.57031159101916,425.13952394485665,-139.1427652842836,425.13952394485665,318.6579480733221,-100.52318106832497,318.6579480733221,425.13952394485665,-28.0397141472587,-28.0397141472587,4936.699408499999,2371.3425,517.77375,1112.14125,3743.8096289242894,1684.5970417478131,18409.627048742503,13804.909426101574,57.63822399999993,27.09,5.915,12.705,131.44920976098808,-90.60724805995532,367.05264708172905,-21.546154104921907,367.05264708172905,274.2321966892844,-14.441198477942002,274.2321966892844,367.05264708172905,-32.17521149843739,-50.131532077388
22.0,5055.854187999998,0.0,1041.04,0.0,3278.30768764891,1537.0471551576638,13618.41618838559,10358.694181943581,50.28089399999991,0.0,10.14,0.0,187.0218415950207,-135.65738629921282,405.3493402912861,-159.33930852362252,405.3493402912861,303.54928807352684,-115.93370818897674,303.54928807352684,405.3493402912861,-28.22879161215093,-28.22879161215093,4963.454187999998,2383.92,520.52,1118.04,3761.8159248377797,1692.207701064249,18504.74560346611,13876.294890289111,49.38089399999991,23.22,5.07,10.89,128.79451442438017,-93.42185408654888,342.80401774266517,-46.07462715146063,342.80401774266517,255.99376275169416,-32.88751631251363,255.99376275169416,342.80401774266517,-32.392175458574314,-50.4536099814689
22.122307692308002,5061.878161420173,0.0,1042.254919000003,0.0,3281.716059021255,1538.529538308084,13633.733183562415,10370.363957147809,48.22433173845627,0.0,9.726599999998959,0.0,185.7938415587156,-136.66170703026708,400.00953740082105,-164.2876726298986,400.00953740082105,299.4829257647855,-119.70928740089198,299.4829257647855,400.00953740082105,-28.270692992873716,-28.270692992873716,4969.3703283728355,2386.702092621308,521.1274595000015,1119.344779872784,3765.7269871686754,1693.8397265845147,18525.65730781524,13891.989743686207,47.36102404614864,22.27333846153607,4.863299999999479,10.446023076921964,127.94883957143163,-94.11348988576515,336.5289127692239,-52.08016378087044,336.5289127692239,251.2771770274673,-37.40385126688854,251.2771770274673,336.5289127692239,-32.440256754259124,-50.52499789111306
22.432534787514,5076.02952718317,0.0,1045.1097268267195,0.0,3289.602936184662,1541.9217710727419,13669.506637542201,10397.62307104995,43.00796860977978,0.0,8.678032418202681,0.0,183.17564251213867,-139.2171522796458,387.3343837857714,-176.85300709985145,387.3343837857714,289.8143362937627,-129.2962969355571,289.8143362937627,387.3343837857714,-28.369262384276638,-28.369262384276638,4983.268308825767,2393.2394336209486,522.5548634133597,1122.4107421245542,3774.77707731803,1697.5743956146057,18574.545657202958,13928.68354849807,42.23772904603393,19.872180744641636,4.339016209101341,9.319898721324192,126.14578987416446,-95.87332353527287,321.2108665941016,-67.32258187241375,321.2108665941016,239.75835155751489,-48.86649587475366,239.75835155751489,321.2108665941016,-32.55336386366136,-50.69297461056672
22.476051147048,5077.885156669598,0.0,1045.484162897183,0.0,3290.6222588802416,1542.355419414433,13674.171643223193,10401.178256111096,42.27625581977778,0.0,8.530947122977755,0.0,182.73122739650904,-139.5765333355903,385.4213884030797,-178.61719287809416,385.4213884030797,288.35779855821727,-130.64229039351184,288.35779855821727,385.4213884030797,-28.382202002097245,-28.382202002097245,4985.090704341445,2394.0968700663298,522.7420814485915,1122.8128731706438,3775.946737006541,1698.0518195250568,18580.926907992678,13933.473287135514,41.51907116389211,19.535364121848456,4.265473561488878,9.161934336215767,125.8397388347125,-96.12081499508815,318.9691824985335,-69.46178670361766,318.9691824985335,238.07350366857148,-50.47521631016939,238.07350366857148,318.9691824985335,-32.56821190875556,-50.71503087533382
22.5,5078.892802499999,0.0,1045.6875,0.0,3291.174103860271,1542.589645886901,13676.701934880473,10403.106637518353,41.87356399999995,0.0,8.45,0.0,182.48303965609676,-139.7744123842523,384.3622743981693,-179.58826667244156,384.3622743981693,287.55151555292576,-131.38317209952805,287.55151555292576,384.3622743981693,-28.38923009343978,-28.38923009343978,4986.080302499997,2394.5625,522.84375,1123.0312500000002,3776.579972026468,1698.3096904948404,18584.388766671316,13936.071766134408,41.12356399999984,19.35,4.225,9.075000000000015,125.66882179507765,-96.25708643680761,317.7311431413857,-70.63919626441348,317.7311431413857,237.14303233360081,-51.360648367850054,237.14303233360081,317.7311431413857,-32.57627655321622,-50.72701121177748
22.519567506580998,5079.708944679138,0.0,1045.852198351049,0.0,3291.620179120261,1542.778687863758,13678.749791835953,10404.667375886527,41.54454302979266,0.0,8.38386182775622,0.0,182.17627886807603,-139.9361412640466,383.31495954800823,-180.3817756832064,383.31495954800823,286.7575673860477,-131.9885787857117,286.7575673860477,383.31495954800823,-28.394923344605807,-28.394923344605807,4986.881826482298,2394.939649478438,522.9260991755245,1123.2081301817484,3777.0918376524523,1698.517815722481,18587.190937424057,13938.175094266197,40.80041328176687,19.198547499063075,4.19193091387811,9.003969951110994,125.45756782388038,-96.3684626929917,316.5942884530895,-71.60126495143663,316.5942884530895,236.2896998168636,-52.084139855070156,236.2896998168636,316.5942884530895,-32.58280948573539,-50.73671644054505
22.563083866115,5081.500891211876,0.0,1046.2138331883345,0.0,3292.5966969047677,1543.1915764207363,13683.24108338069,10408.090430376407,40.812830239790664,0.0,8.236776532531294,0.0,181.98791010144828,-140.29597606503137,381.8500452760698,-182.1467555152696,381.8500452760698,285.6338899042047,-133.33516211221885,285.6338899042047,381.8500452760698,-28.40742637704385,-28.40742637704385,4988.641675248411,2395.7677718573113,523.1069165941673,1123.5965131578864,3778.2123792558177,1698.9723842068997,18593.337745497385,13942.788969890338,40.08175539962505,18.861730876269895,4.118388266265647,8.846005566002567,125.32784573568134,-96.61626662899495,314.66118002221395,-73.74101661596954,314.66118002221395,234.83407956454892,-53.69326650953028,234.83407956454892,314.66118002221395,-32.59715655471595,-50.758031234462145
22.606600225649,5083.260996267769,0.0,1046.5690674090308,0.0,3293.5518122337376,1543.5940850853578,13687.645517857298,10411.447419580658,40.08111744978873,0.0,8.089691237306383,0.0,181.40621213963652,-140.65603773853618,379.6968049125594,-183.91213237424284,379.6968049125594,283.9988844686226,-134.68204037300194,283.9988844686226,379.6968049125594,-28.41971104750659,-28.41971104750659,4990.370250639745,2396.581237202928,523.2845337045154,1123.978022099048,3779.3083618166106,1699.4155249783018,18599.367332212518,13947.314914007831,39.36309751748328,18.524914253476744,4.044845618653191,8.688041180894157,124.9272534524793,-96.86422680309218,312.2540487500834,-75.88104169716671,312.2540487500834,233.02632805873048,-55.302596273512464,233.02632805873048,312.2540487500834,-32.61125305613716,-50.778975150726765
22.650116585182,5084.989259846775,0.0,1046.91790101313,0.0,3294.4855251071494,1543.9862138576145,13691.963095265675,10414.738343499199,39.34940465980355,0.0,7.942605942084833,0.0,181.217647927494,-141.01632628455292,378.2315486109962,-185.67790626008593,378.2315486109962,282.8749529076306,-136.02921356803043,282.8749529076306,378.2315486109962,-28.431777309804417,-28.431777309804417,4992.067552656257,2397.380045515274,523.458950506565,1124.3526570052256,3780.379785334806,1699.847238036678,18605.279697569316,13951.752926618572,38.644439635358,18.188097630691306,3.9713029710424164,8.530076795789356,124.79739676871665,-97.11234321527772,310.32070477701075,-78.02134019497937,310.32070477701075,231.57053283221273,-56.91212914697998,231.57053283221273,310.32070477701075,-32.62509893699704,-50.799548095486394
22.693632944715997,5086.685681948977,0.0,1047.260334000648,0.0,3295.397835525046,1544.3679627375234,13696.193815606022,10417.963202132185,38.61769186980161,0.0,7.795520646859921,0.0,180.84261594925388,-141.1345260930623,376.4399737187362,-187.02002485531713,376.4399737187362,281.50861325069155,-137.06167140431947,281.50861325069155,376.4399737187362,-28.443625117748528,-28.443625117748528,4993.733581298029,2398.164196794383,523.630167000324,1124.720417876436,3781.4266498104525,1700.2675233820469,18611.074841568057,13956.10300772276,37.92578175321623,17.851281007898155,3.8977603234299605,8.372112410680943,124.53912714031868,-97.19374272889704,308.1626381507872,-79.86988412034026,308.1626381507872,229.9478007776396,-58.30493005234086,229.9478007776396,308.1626381507872,-32.63869414429453,-50.81974997562589
22.73714930425,5088.350262574335,0.0,1047.596366371577,0.0,3296.2887434874065,1544.739331725076,13700.337678878244,10421.121995479542,37.88597907979961,0.0,7.648435351634995,0.0,180.44829324362254,-141.73758399416326,374.61464005354145,-189.2106451125837,374.61464005354145,280.11719564814393,-138.72444476097763,280.11719564814393,374.61464005354145,-28.455254425149306,-28.455254425149306,4995.368336565018,2398.933691040238,523.7981831857885,1125.0813047126703,3782.4489552435266,1700.6763810144005,18616.752764208595,13960.365157320297,37.20712387107441,17.514464385104976,3.8242176758174975,8.214148025572518,124.26757275412956,-97.60904475394217,305.98132319842915,-82.30275744069642,305.98132319842915,228.30779853793783,-60.131804222555424,228.30779853793783,305.98132319842915,-32.65203862502766,-50.83958069876482
22.780665663782997,5089.983001722808,0.0,1047.925998125909,0.0,3297.15824899421,1545.1003208202633,13704.394685082241,10424.21472354119,37.154266289814494,0.0,7.501350056413459,0.0,179.86685358134176,-141.9277951001661,372.46185171423645,-190.67878347840232,372.46185171423645,278.48252600197225,-139.85051728398795,278.48252600197225,372.46185171423645,-28.466665185817142,-28.466665185817142,4996.971818457189,2399.6885282528206,523.9629990629545,1125.4353175139204,3783.446701634005,1701.0738109337276,18622.313465490814,13964.53937541109,36.48846598894917,17.17764776231957,3.7506750282067296,8.056183640467731,123.86715835155574,-97.74003558809729,303.5745032174371,-84.23808617695569,303.5745032174371,226.50027827696567,-61.58907384458326,226.50027827696567,303.5745032174371,-32.665132326194424,-50.859040173258755
22.824182023317,5091.583899394476,0.0,1048.2492292636598,0.0,3298.006352045498,1545.450930023103,13708.364834218206,10427.241386317284,36.422553499812494,0.0,7.354264761188533,0.0,179.6798460498348,-142.4597491938458,370.9993196037593,-192.7449720726817,370.9993196037593,277.3606181257863,-141.42085569099848,277.3606181257863,370.9993196037593,-28.477857353563227,-28.477857353563227,4998.544026974619,2400.4287084321672,524.1246146318299,1125.7824562802032,3784.4198889819336,1701.4598131400478,18627.756945414967,13968.625661995333,35.76980810680735,16.840831139526387,3.6771323805942666,7.898219255359305,123.73837369192066,-98.10637124497687,301.64303528654847,-86.58526835302216,301.64303528654847,225.04587668178416,-63.352291736182615,225.04587668178416,301.64303528654847,-32.67797519479377,-50.878128308200694
22.867698382851,5093.152955589296,0.0,1048.5660597848214,0.0,3298.8330526412487,1545.7911593335862,13712.248126286035,10430.20198380774,35.69084070981055,0.0,7.2071794659636215,0.0,179.16130807564684,-142.82117210247137,368.9566092185906,-194.5127310931163,368.9566092185906,275.8077206741151,-142.7695035574386,275.8077206741151,368.9566092185906,-28.48883088219794,-28.48883088219794,5000.084962117265,2401.154231578258,524.2830298924107,1126.1227210115096,3785.3685172872893,1701.8343876333515,18633.083203980917,13972.624017072918,35.05115022466559,16.50401451673324,3.6035897329818107,7.740254870250894,123.38127718369164,-98.35526884763804,299.31202162062067,-88.72693393420626,299.31202162062067,223.29466968343064,-64.96284015729793,223.29466968343064,299.31202162062067,-32.69056717782368,-50.8968450134183
22.911214742384,5094.690170307238,0.0,1048.8764896893865,0.0,3299.6383507814444,1546.1210087517054,13716.044561285655,10433.096516012503,34.95912791982538,0.0,7.0600941707420715,0.0,178.912306346122,-143.18282188360882,367.38558726160835,-196.28088714042062,367.38558726160835,274.6052203405261,-144.11844635812403,274.6052203405261,367.38558726160835,-28.499585725531702,-28.499585725531702,5001.594623885097,2401.86509769108,524.4382448446933,1126.4561117078326,3786.2925865500506,1702.1975344136313,18638.292241188556,13976.534440643769,34.3324923425403,16.1671978939478,3.5300470853710357,7.582290485146092,123.20979958208386,-98.60432268838751,297.30584104131907,-90.86887293200583,297.30584104131907,221.78476726371423,-66.57359168789856,221.78476726371423,297.30584104131907,-32.70290822228223,-50.91519019947534
22.954731101918,5096.195543548369,0.0,1049.1805189773697,0.0,3300.422246466122,1546.4404782774757,13719.75413921723,10435.924982931698,34.22741512982338,0.0,6.9130088755171455,0.0,178.33177417391852,-143.54469853727468,365.23438702991234,-198.04944021467574,365.23438702991234,272.9717304314346,-145.46768409311656,272.9717304314346,365.23438702991234,-28.510121837375653,-28.510121837375653,5003.073012278183,2402.561306770662,524.5902594886849,1126.7826283691877,3787.1920967702604,1702.549253480902,18643.384057038118,13980.356932708055,33.61383446039847,15.83038127115462,3.4565044377585727,7.424326100037666,122.81001013188381,-98.85353276723669,294.9001147269418,-93.01108534651904,294.9001147269418,219.9780594407983,-68.18454632805836,219.9780594407983,294.9001147269418,-32.714998275168284,-50.93316377767285
22.998247461452,5097.669075312656,0.0,1049.4781476487642,0.0,3301.1847396952644,1546.7495679108895,13723.37686008068,10438.687384565264,33.495702339821435,0.0,6.765923580292234,0.0,178.18112831344368,-143.90680206346067,363.8354878437416,-199.81839031584101,363.8354878437416,271.89709272759046,-146.81721676238521,271.89709272759046,363.8354878437416,-28.520439171540193,-28.520439171540193,5004.520127296485,2403.242858816991,524.7390738243821,1127.1022709955669,3788.067047947898,1702.8895448351566,18648.35865152948,13984.091493265694,32.89517657825671,15.493564648361469,3.382961790146117,7.266361714929255,122.70626631092456,-99.10289908417988,293.01246826373614,-95.15357117769669,293.01246826373614,218.5562109358955,-69.7957040777403,218.5562109358955,293.01246826373614,-32.72683728347989,-50.95076566004669
23.0,5097.727751999999,0.0,1049.49,0.0,3301.214999330543,1546.7617984746382,13723.52093882845,10438.797251129705,33.466233999999936,0.0,6.76,0.0,178.14000492671855,-143.92138984613763,363.71780112175736,-199.88963973074095,363.71780112175736,271.808240404734,-146.87157279997902,271.808240404734,363.71780112175736,-28.52085009871985,-28.52085009871985,5004.57775199999,2403.269999999998,524.745,1127.1150000000002,3788.101770490355,1702.9030100395878,18648.556538358105,13984.240053637452,32.86623399999959,15.479999999999942,3.38,7.260000000000015,122.67794626777035,-99.11294511073156,292.89419846859755,-95.23986144378078,292.89419846859755,218.46756414810102,-69.86059464395149,218.46756414810102,292.89419846859755,-32.72730881713556,-50.95146675442561
23.041763820985,5099.110765600064,0.0,1049.7693757035627,0.0,3301.925830468852,1547.0482776519395,13726.912723875916,10441.383720913136,32.76398954983626,0.0,6.618838285070699,0.0,177.56559570533204,-144.26913246215844,361.62303684923245,-201.58773744387594,361.62303684923245,270.2181022518386,-148.16704436589902,270.2181022518386,361.62303684923245,-28.530537680943127,-28.530537680943127,5005.935968939976,2403.9097538300493,524.8846878517813,1127.4150395869626,3788.917440082943,1703.2184084763874,18653.216024662535,13987.738122316598,32.17651869613142,15.15674802557603,3.3094191425353494,7.108397329824467,122.28237345061481,-99.3524216392113,290.56456098170605,-97.29633042548963,290.56456098170605,216.71816867986652,-71.40706493690743,216.71816867986652,290.56456098170605,-32.73842519319081,-50.96799575769044
23.085280180519,5100.520614410659,0.0,1050.0542031417785,0.0,3302.6455187869205,1547.3366075006409,13730.361730603103,10444.013991975435,32.03227675983432,0.0,6.471752989845787,0.0,177.3799494089458,-144.6316897333847,360.1628869002167,-203.35748159886165,360.1628869002167,269.09796398130965,-149.51716690372,269.09796398130965,360.1628869002167,-28.54041732118084,-28.54041732118084,5007.3205372087195,2404.5619918098696,525.0271015708893,1127.7209341433897,3789.7432731754343,1703.5358444046094,18657.95617643751,13991.29681986093,31.457860813989655,14.819931402782881,3.2358764949228935,6.950432944716057,122.15452621954367,-99.60210043234245,288.6347335508045,-99.43936308999619,288.6347335508045,215.26498574181826,-73.01862890563372,215.26498574181826,288.6347335508045,-32.74976195334847,-50.98485398746277
23.128796540053003,5101.898621744411,0.0,1050.3326299634055,0.0,3303.3438046494525,1547.614557456985,13733.723880262165,10446.578197752106,31.30056396983232,0.0,6.324667694620861,0.0,176.92457142238158,-144.9944738771311,358.2307064933895,-205.12762278075772,358.2307064933895,267.6271745135493,-150.86758437581727,267.6271745135493,358.2307064933895,-28.55007804517111,-28.55007804517111,5008.67383210268,2405.199572756435,525.1663149817027,1128.019954664841,3790.544547225353,1703.841852619815,18662.579106854286,13994.767585898617,30.73920293184783,14.4831147799897,3.1623338473104305,6.792468559607631,121.84092548628766,-99.85193546356763,286.3798374910793,-101.58266917116744,286.3798374910793,213.57032325092953,-74.63039598388234,213.57032325092953,286.3798374910793,-32.760847509926634,-51.00134026193646
23.5,5112.359036499997,0.0,1052.4475000000002,0.0,3308.430374059726,1549.5636129208751,13758.873200229516,10465.766022777641,25.058903999999924,0.0,5.07,0.0,173.62981894506052,-148.09831868486881,342.7808131538558,-220.24342769852055,342.7808131538558,255.8476686285786,-162.39891029032955,255.8476686285786,342.7808131538558,-28.62358576777845,-28.62358576777845,5018.946536499988,2410.042499999998,526.2237500000001,1130.2912500000007,3796.3813202294396,1705.987659698491,18697.248918526504,14020.799752798257,24.608903999999516,11.609999999999943,2.535,5.445000000000029,119.57196031170672,-101.98943010832069,267.8558105454861,-119.87662268956186,267.8558105454861,199.64245240521822,-88.3873551408174,199.64245240521822,267.8558105454861,-32.84519667658498,-51.12684912568912
23.577692307692,5114.255173140149,0.0,1052.8311989999986,0.0,3309.2979008386687,1549.875964066933,13763.337091392854,10469.173643230419,23.752534261543595,0.0,4.807400000001042,0.0,172.89888819560247,-148.75003773623962,339.4748221692353,-223.41079821148827,339.4748221692353,253.32848891582782,-164.81511479556687,253.32848891582782,339.4748221692353,-28.636950878351918,-28.636950878351918,5020.8086170158795,2410.9211480059116,526.4155994999993,1130.7033291035493,3797.3767960551363,1706.33154180583,18703.425824554935,14025.438528497018,23.32584195385076,11.00866153846387,2.403700000000521,5.162976923078066,119.06859733467995,-102.43824313489854,263.9289343164706,-123.70803650529174,263.9289343164706,196.69035695047717,-91.26853565997489,196.69035695047717,263.9289343164706,-32.86053296914285,-51.14968560357174
23.830560361038,5119.723846624005,0.0,1053.9387744730936,0.0,3311.649112491086,1550.6634969250758,13775.948916849049,10478.806467335511,19.500643919668743,0.0,3.952705979691571,0.0,170.66293680081026,-150.876219215753,328.9650032705412,-233.72851975844446,328.9650032705412,245.31516774041364,-172.6857350811186,245.31516774041364,328.9650032705412,-28.67560770448741,-28.67560770448741,5026.178984984372,2413.4574303022887,526.9693872365468,1131.892825839447,3800.074781198523,1707.1985738698224,18720.942912279595,14038.595843920735,19.1498120279797,9.051462805565825,1.9763529898457854,4.245065889432095,117.5287864135985,-103.9024598750214,251.32036455700413,-136.1843164480807,251.32036455700413,187.21011605050148,-100.65050412470443,187.21011605050148,251.32036455700413,-32.90489118015155,-51.215782864431205
23.874076720572,5120.556522917535,0.0,1054.1075815393435,0.0,3311.980850551901,1550.7636763111777,13777.82351442176,10480.23921017435,18.768931129666743,0.0,3.805620684466645,0.0,170.51204050068515,-151.24288887737282,327.56566581498237,-235.50546059661906,327.56566581498237,244.24020446502408,-174.04120372645127,244.24020446502408,327.56566581498237,-28.68151200366602,-28.68151200366602,5026.996678402199,2413.843988495417,527.0537907696718,1132.074118635449,3800.4554463584013,1707.308866080495,18723.55825851576,14040.560656568658,18.431154145837876,8.714646182772645,1.9028103422333225,4.08710150432367,117.42487012479874,-104.15497070808621,249.43241627507737,-138.33230518247134,249.43241627507737,185.7880433374059,-102.26574974534456,185.7880433374059,249.43241627507737,-32.91166628755187,-51.22588633681613
23.907089131252,5121.166968109861,0.0,1054.2313724577239,0.0,3312.2182371217446,1550.8327504238048,13779.187683786966,10481.282048825853,18.213838668302166,0.0,3.694038736368253,0.0,170.18103572975858,-151.52120340720677,326.1251689670076,-236.85374952268177,326.1251689670076,243.1432238533566,-175.06968702469842,243.1432238533566,326.1251689670076,-28.68584453775018,-28.68584453775018,5027.596136234905,2414.127462373601,527.1156862288619,1132.2070656868457,3800.7278443953965,1707.3849130286574,18725.46412024785,14041.99254823823,17.885965407677343,8.459130124109448,1.8470193681841265,3.967266453555276,117.19692028546419,-104.34663487106047,247.73922526029375,-139.9619962636244,247.73922526029375,184.51537772462964,-103.49124397885244,184.51537772462964,247.73922526029375,-32.9166378147133,-51.23330197057892
23.917593080105,5121.357357734202,0.0,1054.2699879890006,0.0,3312.2911861571733,1550.8534758049211,13779.611254926307,10481.605887727528,18.037218339681566,0.0,3.6585353892451096,0.0,170.08971623829095,-151.60978541150428,325.6913294254788,-237.28279846166285,325.6913294254788,242.81238483870493,-175.39696730602887,242.81238483870493,325.6913294254788,-28.68719654511985,-28.68719654511985,5027.783098445228,2414.215889655282,527.1349939945003,1132.2485373964714,3800.811552475699,1707.4077305781484,18726.056383393683,14042.43753770989,17.712496263712644,8.377829559987207,1.8292676946225548,3.9291371192188818,117.13403217859523,-104.4076377792392,247.21735509273338,-140.4805673334769,247.21735509273338,184.1229724697151,-103.88119847546967,184.1229724697151,247.21735509273338,-32.91818922578825,-51.235616420478735
23.928097028958,5121.545892147643,0.0,1054.3082305949351,0.0,3312.3628882005423,1550.8735964122857,13780.029765427906,10481.925877403284,17.860598011061025,0.0,3.6230320421219804,0.0,169.9984099653174,-151.6983806342958,325.2575130163147,-237.7118705330084,325.2575130163147,242.48156300809563,-175.72426477140155,242.48156300809563,325.2575130163147,-28.68853574608694,-28.68853574608694,5027.968238544532,2414.303462959995,527.1541152974676,1132.2896085975194,3800.8938296486463,1707.429882303694,18726.64181675765,14042.877403942754,17.539027119748003,8.296528995864996,1.8115160210609902,3.891007784882502,117.07115317477817,-104.46864979046975,246.6955008555139,-140.99915433366996,246.6955008555139,183.73057904876813,-104.2711648060542,183.73057904876813,246.6955008555139,-32.91972594168088,-51.23790911147531
23.938600977811,5121.732571350188,0.0,1054.3461002755273,0.0,3312.4333432518533,1550.8931122458978,13780.443215291769,10482.242017853123,17.683977682440485,0.0,3.587528694998851,0.0,169.90711691083783,-151.72849910074538,324.8237197395151,-238.03860828075554,324.8237197395151,242.15075836152852,-175.9755424535297,242.15075836152852,324.8237197395151,-28.68986214000185,-28.68986214000185,5028.151556532824,2414.3901822877415,527.1730501377637,1132.3302792899897,3800.974675914238,1707.4513682052946,18727.220420339752,14043.312146936829,17.36555797578336,8.215228431742783,1.7937643474994256,3.8528784505461227,117.00828327401291,-104.48939118210883,246.17366254863515,-141.44726774957795,246.17366254863515,183.3381974617885,-104.60877933116977,183.3381974617885,246.17366254863515,-32.921247961645804,-51.240180042567026
23.949104926664,5121.917395341832,0.0,1054.3835970307773,0.0,3312.5025513111054,1550.9120233057577,13780.851604517891,10482.554309077046,17.507357353819884,0.0,3.552025347875708,0.0,169.81583707485234,-151.87561073536102,324.38994959508005,-238.5700840727934,324.38994959508005,241.81997089900366,-176.37891125427373,241.81997089900366,324.38994959508005,-28.69117572621501,-28.69117572621501,5028.333052410098,2414.476047638521,527.1917985153887,1132.3705494738824,3801.054091272473,1707.4721882829501,18727.792194139976,14043.741766692106,17.192088831818662,8.133927867620542,1.776012673937854,3.8147491162097285,116.94542247629956,-104.59070112208647,245.65184017209702,-142.0363761250785,245.65184017209702,182.94582770877622,-105.05113296912565,182.94582770877622,245.65184017209702,-32.9227552849376,-51.242429212754715
23.959608875517,5122.10036412258,0.0,1054.420720860685,0.0,3312.5705123783,1550.930329591866,13781.254933106278,10482.862751075054,17.33073702519934,0.0,3.5165220007525786,0.0,169.7747047215052,-151.96424561363472,324.0439375452621,-238.9992255412327,324.0439375452621,241.5543751639087,-176.7062602717732,241.5543751639087,324.0439375452621,-28.692476504076808,-28.692476504076808,5028.512726176356,2414.5610590123324,527.2103604303425,1132.4104191491972,3801.132075723355,1707.492342536661,18728.35713815834,14044.166263208588,17.01861968785402,8.052627303498332,1.7582610003762893,3.776619781873349,116.91709625818889,-104.65174044247259,245.1904533098638,-142.55501091629378,245.1904533098638,182.59835290924755,-105.44113480161235,182.59835290924755,245.1904533098638,-32.9242479108109,-51.244656621041806
23.961109439639,5122.126351074044,0.0,1054.425993822073,0.0,3312.580119306915,1550.93289540631,13781.312138362766,10482.906499995106,17.305505549679683,0.0,3.5114500940202125,0.0,169.7554480480064,-151.9769088181643,323.97109116214114,-239.0605333536576,323.97109116214114,241.4990381061082,-176.75302581991372,241.4990381061082,323.97109116214114,-28.692661283852924,-28.692661283852924,5028.538245113496,2414.573133781901,527.2129969110365,1132.416082122522,3801.143099550432,1707.4951673627875,18728.43728691347,14044.226487344518,16.993838381570995,8.041012937194028,1.7557250470101062,3.7711727341104853,116.90383495196092,-104.66046108849199,245.10841516959638,-142.6291029011962,245.10841516959638,182.5367345374348,-105.49685031515398,182.5367345374348,245.10841516959638,-32.92445994322841,-51.24497304566286
23.970112824370002,5122.281477692426,0.0,1054.4574717652501,0.0,3312.637226453435,1550.9480311042223,13781.653201056919,10483.16734384714,17.154116696578743,0.0,3.481018653629435,0.0,169.63331705836345,-152.05289371040243,323.5224787033036,-239.42839014203668,323.5224787033036,241.15844752608066,-177.03362647331497,241.15844752608066,323.5224787033036,-28.693764472897886,-28.693764472897886,5028.690577831598,2414.645216409178,527.2287358826251,1132.4498883159345,3801.2086292668796,1707.5118309664263,18728.915252394832,14044.58563648628,16.84515054388932,7.9713267393760905,1.7405093268147176,3.7384904475369547,116.8197281900283,-104.71278886591055,244.60824321004304,-143.07366163784994,244.60824321004304,182.16112370465387,-105.83114846806663,182.16112370465387,244.60824321004304,-32.92572583847465,-51.24686226637334
23.980616773222998,5122.460736051377,0.0,1054.4938497444732,0.0,3312.702693536512,1550.9651278428264,13782.046408369828,10483.468087393316,16.9774963679582,0.0,3.445515306506306,0.0,169.54207687786007,-152.08306505082817,323.0887779559623,-239.75522041924205,323.0887779559623,240.82771161568257,-177.28497289161209,240.82771161568257,323.0887779559623,-28.695039632108188,-28.695039632108188,5028.866607375824,2414.7285198290547,527.2469248722366,1132.4889569740944,3801.283751903049,1707.5306535722468,18729.466536849453,14044.999886525173,16.67168139992468,7.890026175253879,1.722757653253153,3.700361113200575,116.75689470147047,-104.73356666975701,244.08646862452727,-143.52183877512084,244.08646862452727,181.7687894535439,-106.16881032905184,181.7687894535439,244.08646862452727,-32.92718906727469,-51.249046147879156
23.991120722076,5122.63813919943,0.0,1054.529854798354,0.0,3312.76691362753,1550.9816198076783,13782.434555044998,10483.764981713573,16.8008760393376,0.0,3.410011959383162,0.0,169.4598967003585,-152.23022955941994,322.67093221387415,-240.28678874073816,322.67093221387415,240.50875370918686,-177.68841042852517,240.50875370918686,322.67093221387415,-28.696301981018348,-28.696301981018348,5029.0408148090355,2414.810969271965,527.264927399177,1132.5276251236762,3801.357443631863,1707.548810354122,18730.01099152221,14045.409013325276,16.49821225595998,7.8087256111316385,1.705005979691581,3.6622317788641814,116.70030047714698,-104.83491302194206,243.57561275142146,-144.1110108719844,243.57561275142146,181.3845662459385,-106.6112113028773,181.3845662459385,243.57561275142146,-32.92863759642004,-51.25120826450946
24.0,5122.786655999998,0.0,1054.560000000001,0.0,3312.8202280478204,1550.9950892256115,13782.758719083688,10484.012952462166,16.65157400000002,0.0,3.380000000000044,0.0,169.42318674670426,-152.30519890044576,322.37504430673255,-240.64963057578,322.37504430673255,240.2817167707156,-177.96518457057945,240.2817167707156,322.37504430673255,-28.697359087457897,-28.697359087457897,5029.186655999991,2414.8799999999965,527.2800000000005,1132.5600000000015,3801.418621243723,1707.5636394715495,18730.4659071765,14045.750863616831,16.351573999999616,7.739999999999884,1.690000000000022,3.630000000000058,116.6750197900619,-104.88654142957502,243.18325213260783,-144.54948000175676,243.18325213260783,181.08909972708005,-106.94092985844796,181.08909972708005,243.18325213260783,-32.929850612469,-51.253018985028206
24.001624670928997,5122.813687136581,0.0,1054.5654869268924,0.0,3312.8298867264884,1550.9975069987781,13782.81764108242,10484.058026807908,16.624255710716998,0.0,3.3745086122600334,0.0,169.4014147257881,-152.31891731166974,322.2945583269155,-240.7160227386357,322.2945583269155,240.2206034665016,-178.01582818219362,240.2206034665016,322.2945583269155,-28.697551518936322,-28.697551518936322,5029.21320013123,2414.892564737907,527.2827434634462,1132.5658927646798,3801.4297044533205,1707.5663013120522,18730.54861641309,14045.813016886581,16.32474311199534,7.727425047009427,1.6872543061300167,3.624102444527787,116.6600262639688,-104.89598875453557,243.09331689782002,-144.62970938456263,243.09331689782002,181.02155905282203,-107.00126047123366,181.02155905282203,243.09331689782002,-32.93007142511654,-51.25334861521322
24.004625799173002,5122.863502937037,0.0,1054.5755990385555,0.0,3312.847650001121,1551.0019351153426,13782.92616473109,10484.14104697705,16.573792759677687,0.0,3.3643647987953007,0.0,169.35028895202709,-152.3442590973445,322.12679381383754,-240.83866527256282,322.12679381383754,240.09353319610824,-178.10937926807486,240.09353319610824,322.12679381383754,-28.697906176631292,-28.697906176631292,5029.262118406982,2414.9157208752654,527.2877995192778,1132.5767528135966,3801.4500875825916,1707.5711764344103,18730.700969075056,14045.92750547249,16.275180499429233,7.704196314400848,1.6821823993976504,3.6132083490020594,116.62481797412434,-104.9134406358388,242.91404068185528,-144.7779118855802,242.91404068185528,180.88703092859143,-107.11270526436064,180.88703092859143,242.91404068185528,-32.930478390261946,-51.25395614601196
24.012128619782,5122.987379862839,0.0,1054.6007461300885,0.0,3312.89161283339,1551.0127894161265,13783.195666482114,10484.347222676335,16.4476353820964,0.0,3.3390052651368896,0.0,169.26843564731413,-152.40761828241364,321.7878145081255,-241.14527986889803,321.7878145081255,239.83560698874166,-178.34326311990444,239.83560698874166,321.7878145081255,-28.698788245231135,-28.698788245231135,5029.383763342409,2414.9733062268824,527.3003730650443,1132.6037598971066,3801.500534367423,1707.5831264460376,18731.07941152211,14046.211897209094,16.15127396803064,7.646124482887186,1.6695026325684448,3.585973110191393,116.56844885410807,-104.95707359018095,242.52124045002398,-145.14842382748176,242.52124045002398,180.59185770401814,-107.39132147355757,180.59185770401814,242.52124045002398,-32.931490552640184,-51.25546719903468
24.022632568635,5123.159217378196,0.0,1054.6356324079422,0.0,3312.9520919482316,1551.0274670597223,13783.568631244065,10484.63256931884,16.271015053475857,0.0,3.303501918013761,0.0,169.17724834078692,-152.4963324716515,321.3542062902426,-241.57456013152463,321.3542062902426,239.50493981451265,-178.67071524165735,239.50493981451265,321.3542062902426,-28.700012159343327,-28.700012159343327,5029.552504442572,2415.0531937388905,527.3178162039711,1132.6412265209556,3801.56993337417,1707.599285756078,18731.603376849256,14046.60565429281,15.977804824065998,7.564823918764974,1.6517509590068804,3.5478437758550134,116.50565177775763,-105.01816752887814,241.99952958587116,-145.66715420074144,241.99952958587116,180.1995707887778,-107.78139430984872,180.1995707887778,241.99952958587116,-32.93289497834897,-51.257564015128295
24.033136517488,5123.329199682656,0.0,1054.6701457604538,0.0,3313.0113240710157,1551.0415399295664,13783.936535368279,10484.914066735431,16.094394724855256,0.0,3.267998570890617,0.0,169.0860742527537,-152.5850598793834,320.92062120472394,-242.00386352651594,320.92062120472394,239.1742898243257,-178.9981845474526,239.1742898243257,320.92062120472394,-28.701223260556993,-28.701223260556993,5029.71942343172,2415.132227273931,527.3350728802269,1132.678292636227,3801.6379014735617,1707.6147792421732,18732.12051239454,14046.994288137737,15.8043356801013,7.483523354642734,1.6339992854453085,3.509714441518619,116.44286380445902,-105.07927057062722,241.4778346520589,-146.18590050434204,241.4778346520589,179.8072957075047,-108.17147898010741,179.8072957075047,241.4778346520589,-32.93428470142145,-51.259639062414834
24.043640466341,5123.497326776215,0.0,1054.7042861876232,0.0,3313.069309201741,1551.055008025658,13784.299378854752,10485.191714926103,15.917774396234716,0.0,3.2324952237674878,0.0,169.02833622598118,-152.6738005056094,320.5455492264117,-242.4331900538718,320.5455492264117,238.88710671377777,-179.32567103729002,238.88710671377777,320.5455492264117,-28.702421548222567,-28.702421548222567,5029.884520309853,2415.2104068320045,527.3521430938116,1132.7149582429204,3801.704438665597,1707.6296069043228,18732.630818157944,14047.377798743866,15.630866536136658,7.402222790520522,1.6162476118837439,3.4715851071822397,116.40310191858214,-105.14038271542813,240.99643537123475,-146.70466273828322,240.99643537123475,179.44495453987992,-108.56157548433342,179.44495453987992,240.99643537123475,-32.9356597211122,-51.261692339917616
24.048142158706,5123.568813323172,0.0,1054.7188036384462,0.0,3313.0937782397846,1551.0605949320172,13784.453334031257,10485.30952867334,15.842079969692627,0.0,3.2172795035737947,0.0,168.98091561767842,-152.71183624903634,320.3451215484138,-242.61719421833712,320.3451215484138,238.7345497762484,-179.4660276504808,238.7345497762484,320.3451215484138,-28.70293117736559,-28.70293117736559,5029.954718325671,2415.2436509353684,527.3594018192231,1132.7305494696918,3801.7325165721727,1707.6357577930153,18732.847429878395,14047.540592093781,15.556522617304115,7.36737969161541,1.6086397517868973,3.4552439638972863,116.37044522903201,-105.16657642127373,240.76279360145605,-146.92699428657903,240.76279360145605,179.26936482234532,-108.72876332305215,179.26936482234532,240.76279360145605,-32.93624451400189,-51.26256565147241
24.054144415194003,5123.663598658878,0.0,1054.73805368945,0.0,3313.126047340407,1551.0678713479979,13784.657161703484,10485.465513890858,15.741154067614058,0.0,3.1969918766443444,0.0,168.90376573216943,-152.76255435032942,320.0535204307806,-242.8625397135924,320.0535204307806,238.51304139607868,-179.65317471116984,238.51304139607868,320.0535204307806,-28.70360702161088,-28.70360702161088,5030.047795076969,2415.2877324131114,527.369026844725,1132.7512233410364,3801.7695449502767,1707.6437687425278,18733.134294139487,14047.7561861112,15.45739739217196,7.320922226398281,1.5984959383221722,3.433455772845846,116.31731516701741,-105.2015039632809,240.43449257545677,-147.22344090256527,240.43449257545677,179.0227810468609,-108.95168382252692,179.0227810468609,240.43449257545677,-32.93702003658455,-51.26372384654344
24.064648364047,5123.828015330641,0.0,1054.7714482659346,0.0,3313.1815384870147,1551.0801298965857,13785.00988391448,10485.735463629695,15.564533738993516,0.0,3.161488529521215,0.0,168.81263129961837,-152.85132141354347,319.62000474235583,-243.29191250567737,319.62000474235583,238.1824429580186,-179.9806955690918,238.1824429580186,319.62000474235583,-28.704779680231447,-28.704779680231447,5030.209247733072,2415.36420401725,527.3857241329673,1132.787087930575,3801.8332203276013,1707.6572647567878,18733.63094033916,14048.129450239745,15.283928248207317,7.239621662276069,1.5807442647606076,3.3953264385094664,116.25455450287438,-105.26263431418553,239.9128454326669,-147.74223499718798,239.9128454326669,178.63054146749013,-109.34180399468772,178.63054146749013,239.9128454326669,-32.93836564727565,-51.26573358155865
24.075152312900002,5123.990576791508,0.0,1054.804469917077,0.0,3313.235782641563,1551.0917836714216,13785.357545487735,10486.001564142616,15.387913410372915,0.0,3.1259851823980718,0.0,168.68808724280024,-152.94010169525154,319.12802221146364,-243.7213084301269,319.12802221146364,237.8084120084113,-180.308233611056,237.8084120084113,319.12802221146364,-28.705939523355124,-28.705939523355124,5030.368878278155,2415.439821644422,527.4022349585385,1132.8225520115352,3801.8954647975697,1707.6700949471026,18734.12075675696,14048.497591129493,15.110459104242619,7.158321098153829,1.5629925911990359,3.357197104173072,116.16878595741719,-105.32377376814198,239.35093449757707,-148.26104502215148,239.35093449757707,178.2083916424109,-109.73193600081603,178.2083916424109,239.35093449757707,-32.939696552348835,-51.26772154387517
24.091658518240003,5124.242282232475,0.0,1054.8556076217506,0.0,3313.318504022918,1551.108874856337,13785.893646263326,10486.411945084019,15.110367179690627,0.0,3.0701942083488682,0.0,168.41048625503439,-153.07964027325676,318.2116012334468,-244.39612019106275,318.2116012334468,237.11419351958423,-180.8229709671943,237.11419351958423,318.2116012334468,-28.707736240131027,-28.707736240131027,5030.616044869597,2415.5569239622255,527.4278038108753,1132.877472090815,3801.9903865191873,1707.6889114386056,18734.876669323596,14049.065747208457,14.837864735162352,7.03056306882223,1.5350971041744341,3.2972795787888756,115.97761318252572,-105.41986844480851,238.3692427435429,-149.07635010429198,238.3692427435429,177.47170162423132,-110.34502449130319,177.47170162423132,238.3692427435429,-32.941758261750145,-51.27080149296701
24.135174877774,5124.883909664935,0.0,1054.9860109884658,0.0,3313.5218273505147,1551.1467748883003,13787.247101427269,10487.44829620907,14.378654389688688,0.0,2.923108913123957,0.0,168.17700907929128,-153.44767116999728,316.66774724555654,-246.17544319069845,316.66774724555654,235.93187510589132,-182.18020921818382,235.93187510589132,316.66774724555654,-28.71232132549543,-28.71232132549543,5031.24609803874,2415.8555399558277,527.4930054942329,1133.0175206769618,3802.2236974236293,1707.7306373711795,18736.788687410593,14050.50297081648,14.119206853020588,6.693746446029079,1.4615544565619785,3.1393151936804644,115.81682672452406,-105.67331670643725,236.38177166551296,-151.22597933866933,236.38177166551296,175.97569769117337,-111.96148876907633,175.97569769117337,236.38177166551296,-32.94701958825881,-51.2786636117345
24.178691237307,5125.493695620535,0.0,1055.1100137385886,0.0,3313.7037482225705,1551.1742950279065,13788.51369952305,10488.418582048465,13.64694159970351,0.0,2.776023617902407,0.0,167.76385728030704,-153.81592893924952,314.80946266702034,-247.95516321720362,314.80946266702034,234.51597968200508,-183.53774240341846,234.51597968200508,314.80946266702034,-28.716686380228,-28.716686380228,5031.844877833086,2416.1394989161677,527.5550068692943,1133.1506952281293,3802.432449285493,1707.7609355907357,18738.583484139348,14051.85226291782,13.400548970895295,6.356929823243641,1.3880118089512035,2.981350808575662,115.5323054895714,-105.9269212061542,234.17776472785783,-153.375881989662,234.17776472785783,174.31883854810866,-113.57815615633467,174.31883854810866,234.17776472785783,-32.9520284324462,-51.28615192932482
24.222207596841,5126.071640099306,0.0,1055.2276158721259,0.0,3313.864266639094,1551.1914352751571,13789.693440550736,10489.322802602253,12.91522880970157,0.0,2.628938322677495,0.0,167.2633753954457,-154.18441358103027,312.7983504381732,-249.73528027065979,312.7983504381732,232.9865551464585,-184.89557052296027,232.9865551464585,312.7983504381732,-28.720831358139577,-28.720831358139577,5032.412384252664,2416.408800843262,527.6138079360629,1133.2769957443243,3802.616642104789,1707.779806097277,18740.26105950995,14053.11362351254,12.681891088753531,6.02011320045049,1.3144691613387476,2.823386423467251,115.18764349293414,-106.18068194397092,231.8685114572156,-155.52605805736826,231.8685114572156,172.58379641482443,-115.19502665315217,172.58379641482443,231.8685114572156,-32.956784741310884,-51.293266378476844
24.265723956375002,5126.61774310123,0.0,1055.3388173890735,0.0,3314.0033826000804,1551.1981956300508,13790.786324510289,10490.160957870408,12.18351601969957,0.0,2.481853027452569,0.0,167.09243558197477,-154.55312509533124,311.36393683425916,-251.51579435102636,311.36393683425916,231.88553530371934,-186.25369357677846,231.88553530371934,311.36393683425916,-28.724756213040727,-28.724756213040727,5032.948617297462,2416.6634457371,527.6694086945367,1133.3964222255438,3802.776275881512,1707.7872488908015,18741.821413522357,14054.287052600608,11.963233206611708,5.683296577657311,1.2409265137262846,2.6654220383588254,115.06992403255445,-106.43459891988168,229.95640762502393,-157.67650754173928,229.95640762502393,171.14377957867492,-116.81210025949206,171.14377957867492,229.95640762502393,-32.961288461851034,-51.30000689266497
24.272307692308,5126.697591732855,0.0,1055.3550840000023,0.0,3314.022565947947,1551.198314426251,13790.94410607498,10490.282011465188,12.072812738456413,0.0,2.459599999999031,0.0,166.86648494061265,-154.60892845519584,310.7967645691412,-251.78520887352363,310.7967645691412,231.4588431612519,-186.45919425329916,231.4588431612519,310.7967645691412,-28.725330842628434,-28.725330842628434,5033.027022147051,2416.700695313607,527.6775420000012,1133.4138919881686,3802.798288526563,1707.7873796791405,18742.0472757266,14054.456926533358,11.854505046148436,5.632338461535896,1.2297999999995155,2.641523076922036,114.91432079985223,-106.4730284774976,229.42598116895968,-158.00188006640255,229.42598116895968,170.7467836244138,-117.056770436141,170.7467836244138,229.42598116895968,-32.961947841915354,-51.30099411536324
24.309240315908,5127.132004626297,0.0,1055.4436182894297,0.0,3314.1210961055285,1551.1945760925887,13791.79235140169,10490.933047852914,11.451803229714454,0.0,2.334767732231034,0.0,166.51041290308893,-154.92206348214378,309.2101282158953,-253.296705458262,309.2101282158953,230.25010773596108,-187.6121115648414,230.25010773596108,309.2101282158953,-28.728460895776582,-28.728460895776582,5033.4535769674685,2416.9034335976794,527.7218091447148,1133.5089746717845,3802.911350615659,1707.7832639713101,18743.26454617653,14055.372550182003,11.244575324486476,5.346479954871902,1.167383866115517,2.5074576532540376,114.66910812960019,-106.68867213388056,227.54888501836615,-159.82723044272518,227.54888501836615,169.33573736720817,-118.4293769753168,169.33573736720817,227.54888501836615,-32.96553953766211,-51.30637340190311
24.352756675442002,5127.614424674532,0.0,1055.5420185731994,0.0,3314.2174071554427,1551.1805766627697,13792.711521224986,10491.639072549806,10.720090439712454,0.0,2.1876824370061074,0.0,166.1342719656864,-155.29122874148496,307.41661264510094,-255.07801359244897,307.41661264510094,228.88232643211091,-188.97082448721187,228.88232643211091,307.41661264510094,-28.731945366088844,-28.731945366088844,5033.927263262706,2417.1287644250087,527.7710092865997,1133.6146530830515,3803.0218663072374,1707.7678513388018,18744.59045747255,14056.370116256772,10.525917442344653,5.0096633320787225,1.0938412185030537,2.349493268145612,114.41007480507123,-106.9429015859793,225.38948192391325,-161.97822676042517,225.38948192391325,167.71201250766464,-120.04685680070104,167.71201250766464,225.38948192391325,-32.96953792254821,-51.31236584950776
24.396273034975998,5128.065003245919,0.0,1055.6340182403796,0.0,3314.2923157498203,1551.156197340594,13793.543833980155,10492.279031961065,9.988377649710513,0.0,2.040597141781196,0.0,165.97992035471538,-155.41830526331054,306.0112283955619,-256.4356664359835,306.0112283955619,227.80287125262169,-190.014822050812,227.80287125262169,306.0112283955619,-28.735209574822637,-28.735209574822637,5034.36967618316,2417.3394382190845,527.8170091201898,1133.7134574593426,3803.107822956242,1707.7410109932773,18745.799147410362,14057.279750824891,9.807259560202889,4.672846709285571,1.020298570890598,2.191528883037201,114.30377898092527,-107.03041413950612,223.49736945513084,-163.8374685056241,223.49736945513084,166.28684639861913,-121.4476046579417,166.28684639861913,223.49736945513084,-32.97328356010475,-51.31798416698852
24.439789394509,5128.483740340455,0.0,1055.719617290969,0.0,3314.3458218886603,1551.1214381260634,13794.289289667178,10492.852926086682,9.256664859725337,0.0,1.893511846559646,0.0,165.3826707084504,-156.0302398777192,303.8307725842843,-258.6418209415125,303.8307725842843,226.1476486272705,-191.68913513475,226.1476486272705,303.8307725842843,-28.738253475788547,-28.738253475788547,5034.780815728824,2417.5354549799013,527.8598086454845,1133.805387800656,3803.1692205626728,1707.7027429347374,18746.89061598996,14058.101453886342,9.088601678077596,4.336030086500133,0.946755923279823,2.033564497932399,113.89247687030121,-107.45182920445289,221.07149598505072,-166.28103964576897,221.07149598505072,164.46517211718154,-123.28242577999882,164.46517211718154,221.07149598505072,-32.976776397329985,-51.32322829076406
24.483305754043002,5128.870635958153,0.0,1055.7988157249708,0.0,3314.3779255719646,1551.076299019175,13794.947888286086,10493.360754926678,8.524952069723339,0.0,1.74642655133472,0.0,165.1565660995054,-156.40008575462076,302.2998205882907,-260.42432015643004,302.2998205882907,224.97491455041506,-193.04873285994893,224.97491455041506,302.2998205882907,-28.741077022797377,-28.741077022797377,5035.16068189972,2417.716814707469,527.8994078624854,1133.8904441069958,3803.2060591265317,1707.6530471631802,18747.864863211387,14058.835225441164,8.369943795935775,3.999213463706954,0.87321327566736,1.8756001128239732,113.73676760623972,-107.7065273708336,219.0929099964159,-168.43285621346243,219.0929099964159,162.9757685362457,-124.90051493394962,162.9757685362457,219.0929099964159,-32.9800163812224,-51.32809815798939
24.5,5129.010610499999,0.0,1055.8275000000017,0.0,3314.3845612948257,1551.056227388848,13795.177495390946,10493.538040183274,8.244244000000064,0.0,1.6900000000000728,0.0,164.95619209735455,-156.5420304928686,301.51364117037065,-261.1082483625199,301.51364117037065,224.37729372656108,-193.57039564072906,224.37729372656108,301.51364117037065,-28.742101729643167,-28.742101729643167,5035.298110499994,2417.7824999999953,527.9137500000008,1133.9212500000021,3803.2136735332037,1707.6309493587642,18748.2075043081,14059.093386093156,8.094243999999598,3.8699999999997963,0.8450000000000364,1.8150000000000728,113.59877798914371,-107.80427907449457,218.1969164810009,-169.25843338036606,218.1969164810009,162.30265538588634,-125.52131879684343,162.30265538588634,218.1969164810009,-32.98119221915405,-51.329867047385505
24.526822113577,5129.225690099008,0.0,1055.871613542384,0.0,3314.388626799733,1551.02078001993,13795.519629836868,10493.802518481045,7.793239279721398,0.0,1.5993412561098084,0.0,164.3854262891505,-156.77015850404243,299.8150569898298,-262.2072163982578,299.8150569898298,223.09363471172685,-194.408625519424,223.09363471172685,299.8150569898298,-28.743680164198775,-28.743680164198775,5035.5092746958335,2417.8835174017827,527.935806771192,1133.9686263783597,3803.218338647818,1707.5919236786062,18748.72188907462,14059.48106548933,7.6512859137940685,3.6623968409138032,0.7996706280549042,1.717635727715562,113.20571424594272,-107.96138177530828,216.4574718393692,-170.58494619782007,216.4574718393692,160.99841763020387,-126.51880719742243,160.99841763020387,216.4574718393692,-32.98300345251387,-51.332593699272294
24.832831841554,5130.823218325155,0.0,1056.2027726234967,0.0,3313.859452235372,1550.3372286847323,13797.087223253591,10495.043278854637,2.6477897470956084,0.0,0.5650283755475394,0.0,161.96653455604195,-159.37894003672923,287.59871522026424,-274.75586531708535,287.59871522026424,213.76931304549768,-203.97980392510485,213.76931304549768,287.59871522026424,-28.75576003376897,-28.75576003376897,5037.077410104131,2418.641852102318,528.1013863117483,1134.3242794743473,3802.6111176384134,1706.8393697770468,18751.438102173015,14061.539380922484,2.597639299561386,1.29388154637182,0.2825141877737697,0.6068204151590472,111.53991957964125,-109.75794600479149,201.54496732997768,-185.7262974427796,201.54496732997768,149.78275090239964,-137.90447435736291,149.78275090239964,201.54496732997768,-32.99686494754386,-51.35363381617591
25.0,5131.030899999998,0.0,1056.2500000000014,0.0,3313.123373800742,1549.7470274105835,13796.129529151298,10494.341285940964,-0.16308600000001025,0.0,5.820766091346741e-14,0.0,160.17059148906864,-160.80881346213724,280.0946776058702,-281.6192810587401,281.6192810587401,208.05868293578928,-209.21454350077838,209.21454350077838,281.6192810587401,-28.757748176279712,-28.757748176279712,5037.280899999994,2418.7499999999955,528.1250000000007,1134.375000000002,3801.7664770978827,1706.1895893601345,18750.473709921287,14060.82732022724,-0.1630860000004177,-2.0372681319713593e-13,2.9103830456733704e-14,7.275957614183426e-14,110.30312491826939,-110.7426430430793,192.82661110697083,-194.00348282538937,194.00348282538937,143.2309763937497,-144.12852195600362,144.12852195600362,194.00348282538937,-32.999146315514885,-51.357300033307894
25.167168158446,5130.7686927525765,0.0,1056.2027726234965,0.0,3313.859452235372,1550.3372286847323,13797.019066287869,10494.988753282058,-2.973961747095629,0.0,-0.5650283755474229,0.0,159.1961198789783,-162.2420348755953,274.0282150410213,-288.48855577948245,288.48855577948245,203.41596572002874,-214.45363546091696,214.45363546091696,288.48855577948245,-28.756475751135877,-28.756475751135877,5037.022884531553,2418.6418521023184,528.1013863117482,1134.3242794743473,3802.6111176384134,1706.8393697770468,18751.369945207294,14061.484855349905,-2.9238112995622214,-1.2938815463722275,-0.28251418777371146,-0.6068204151589016,109.6320450231537,-111.7296457077663,185.09825572491226,-202.2847030541977,202.2847030541977,137.41463108123276,-150.35556686896325,150.35556686896325,202.2847030541977,-32.997686224020946,-51.35543232743408
25.305114704776,5130.198459819236,0.0,1056.0926694786122,0.0,3314.2290118162323,1550.7089068456246,13796.78784967037,10494.788844658951,-5.293486021808814,0.0,-1.0312877021428284,0.0,158.14304507561476,-163.42724516550533,268.58653980185056,-294.1614681201096,294.1614681201096,199.26118487434752,-218.78019243910856,218.78019243910856,294.1614681201096,-28.752968334497176,-28.752968334497176,5036.462424066692,2418.3897224155126,528.0463347393061,1134.2060326057288,3803.0351825063008,1707.2485677929105,18750.806811657767,14061.05025108543,-5.201951610376418,-2.3615878149664202,-0.5156438510714142,-1.1075663783368073,108.90683423068673,-112.5458529618382,178.4208286833267,-209.1213739035919,209.1213739035919,132.39213484514167,-155.49635850514073,155.49635850514073,209.1213739035919,-32.99366150852027,-51.349721455192935
25.315618653629002,5130.141929707359,0.0,1056.0816504226648,0.0,3314.248340193141,1550.732934722159,13796.734483106193,10494.746422381108,-5.470106350429415,0.0,-1.066791049265972,0.0,158.05348490275844,-163.5175864884141,268.15577906789156,-294.59359586666045,294.59359586666045,198.9326329738906,-219.10975983463376,219.10975983463376,294.59359586666045,-28.752610160331628,-28.752610160331628,5036.406871977533,2418.3644894294084,528.0408252113324,1134.1941985308506,3803.057361570313,1707.2750212153544,18750.715669752717,14060.980955190533,-5.375420754341118,-2.4428883790886613,-0.533395524632986,-1.1456957126732012,108.84515769667112,-112.60806744287027,177.90107876825968,-209.64206522593778,209.64206522593778,132.0013046349365,-155.8878880464673,155.8878880464673,209.64206522593778,-32.99325050827007,-51.34913206095655
25.326122602482,5130.083544384586,0.0,1056.070258441376,0.0,3314.266421577991,1550.7563578249417,13796.676055904281,10494.70015087735,-5.646726679049956,0.0,-1.1022943963891012,0.0,157.96393794839614,-163.60794102981694,267.7250414662971,-295.0257467455758,295.0257467455758,198.60409825747595,-219.4393444142011,219.4393444142011,295.0257467455758,-28.75223909330565,-28.75223909330565,5036.349497777359,2418.3384024663374,528.035129220688,1134.1819639473952,3803.0781097269696,1707.3008088138538,18750.617698065787,14060.906536056838,-5.548889898305759,-2.5241889432108726,-0.5511471981945506,-1.1838250470095808,108.78349026570739,-112.67029102695416,177.38134478353354,-210.16277247862416,210.16277247862416,131.61048625869887,-156.2794294217612,156.2794294217612,210.16277247862416,-32.99282471362828,-51.348520796469316
25.336626551335,5130.023303850913,0.0,1056.0584935347438,0.0,3314.2832559707817,1550.779176153972,13796.612568064626,10494.650030147674,-5.823347007670556,0.0,-1.1377977435122448,0.0,157.87440421252788,-163.69830878971385,267.2943269970672,-295.45792075685586,295.45792075685586,198.27558072510345,-219.76894617781085,219.76894617781085,295.45792075685586,-28.751855132769645,-28.751855132769645,5036.29030146617,2418.311461526298,528.0292467673719,1134.169328855362,3803.0974269762696,1707.3259305884078,18750.512896597,14060.826993684354,-5.722359042270458,-2.6054895073331137,-0.5688988717561224,-1.221954381345975,108.72183193779549,-112.73252371408994,176.861626729148,-210.68349566165148,210.68349566165148,131.2196797164285,-156.6709826310226,156.6709826310226,210.68349566165148,-32.99238412384951,-51.34788766106219
25.347130500187998,5129.961208106343,0.0,1056.04635570277,0.0,3314.298843371514,1550.8013897092503,13796.544019587234,10494.596060192081,-5.999967336291098,0.0,-1.1733010906353738,0.0,157.78488369515364,-163.7886897681047,266.86363566020196,-295.8901179005001,295.8901179005001,197.94708037677327,-220.09856512546259,220.09856512546259,295.8901179005001,-28.751458278074033,-28.751458278074033,5036.229283043964,2418.283666609293,528.023177851385,1134.1562932547504,3803.1153133182142,1707.3503865390164,18750.401265346336,14060.742328073073,-5.895828186235099,-2.6867900714553254,-0.5866505453176869,-1.2600837156823546,108.66018271293544,-112.79476550427752,176.34192460510334,-211.2042347750193,211.2042347750193,130.8288850081256,-157.06254767425122,157.06254767425122,211.2042347750193,-32.991928738188356,-51.34723265406856
25.357634449041,5129.897257150875,0.0,1056.0338449454537,0.0,3314.3131837801884,1550.8229984907769,13796.470410472102,10494.538241010574,-6.176587664911698,0.0,-1.2088044377585174,0.0,157.69537639627347,-163.87908396498966,266.43296745570115,-296.32233817650933,296.32233817650933,197.6185972124853,-220.4282012571568,220.4282012571568,296.32233817650933,-28.751048528569196,-28.751048528569196,5036.166442510742,2418.2550177153203,528.0169224727268,1134.1428571455617,3803.131768752805,1707.3741766656804,18750.28280431381,14060.652539222996,-6.069297330199799,-2.768090635577566,-0.6044022188792587,-1.2982130500187485,108.59854259112723,-112.85701639751697,175.82223841139924,-211.72498981872812,211.72498981872812,130.43810213379004,-157.45412455144745,157.45412455144745,211.72498981872812,-32.991458555899406,-51.34655577482437
25.368138397894,5129.831450984509,0.0,1056.0209612627955,0.0,3314.3262771968034,1550.8440024985512,13796.391740719235,10494.47657260315,-6.35320799353224,0.0,-1.2443077848816466,0.0,157.6058823158873,-163.96949138036865,266.002322383565,-296.75458158488294,296.75458158488294,197.29013123223962,-220.75785457289314,220.75785457289314,296.75458158488294,-28.750625883605576,-28.750625883605576,5036.101779866504,2418.2255148443787,528.0104806313977,1134.1290205277955,3803.1467932800383,1707.3973009683993,18750.15751349941,14060.557627134127,-6.242766474164441,-2.849391199699778,-0.6221538924408233,-1.336342384355128,108.53691157237087,-112.91927639380827,175.30256814803602,-212.24576079277747,212.24576079277747,130.04733109342197,-157.84571326261093,157.84571326261093,212.24576079277747,-32.99097357623727,-51.34585702266804
25.378642346747,5129.763789607243,0.0,1056.0077046547945,0.0,3314.33812362136,1550.864401732573,13796.308010328625,10494.411054969805,-6.52982832215284,0.0,-1.27981113200479,0.0,157.51640145399517,-164.0599120142417,265.5717004437933,-297.18684812562117,297.18684812562117,196.9616824360361,-221.0875250726718,221.0875250726718,297.18684812562117,-28.75019034253354,-28.75019034253354,5036.035295111252,2418.1951579964716,528.0038523273972,1134.1147834014514,3803.1603868999164,1707.4197594471727,18750.025392903146,14060.457591806464,-6.416235618129139,-2.9306917638220185,-0.639905566002395,-1.3744717186915223,108.47528965666633,-112.98154549315144,174.7829138150134,-212.76654769716774,212.76654769716774,129.6565718870212,-158.23731380774194,158.23731380774194,212.76654769716774,-32.99047379845655,-51.34513639694048
25.3891462956,5129.69427301908,0.0,1055.9940751214515,0.0,3314.348723053858,1550.884196192843,13796.21921930028,10494.341688110546,-6.706448650773382,0.0,-1.3153144791279192,0.0,157.4269338105971,-164.15034586660872,265.1411016363863,-297.6191377987239,297.6191377987239,196.6332508238749,-221.41721275649266,221.41721275649266,297.6191377987239,-28.749741904703523,-28.749741904703523,5035.9669882449825,2418.1639471715966,527.9970375607257,1134.1001457665293,3803.172549612439,1707.4415521020012,18749.88644252501,14060.352433240005,-6.589704762093781,-3.01199232794423,-0.6576572395639596,-1.4126010530279018,108.4136768440137,-113.04382369554644,174.2632754123317,-213.28735053189854,213.28735053189854,129.26582451458793,-158.62892618684026,158.62892618684026,213.28735053189854,-32.98995922181183,-51.344393896985125
25.399650244453003,5129.622901220017,0.0,1055.9800726627657,0.0,3314.358075494298,1550.9033858793616,13796.125367634193,10494.268472025371,-6.883068979393982,0.0,-1.3508178262510628,0.0,157.39402178886542,-164.24079293746985,264.8094751668954,-298.0514506041913,298.0514506041913,196.37834151988,-221.74691762435586,221.74691762435586,298.0514506041913,-28.74928056946592,-28.74928056946592,5035.896859267698,2418.1318823697547,527.9900363313828,1134.0851076230297,3803.1832814176064,1707.462678932885,18749.740662365002,14060.242151434755,-6.763173906058481,-3.093292892066471,-0.6754089131255314,-1.4507303873642958,108.39101164180252,-113.10611100099332,173.81179532792243,-213.80816929697033,213.80816929697033,128.92570903572852,-159.02055039990609,159.02055039990609,213.80816929697033,-32.98942984555772,-51.34362952214788
25.410154193306,5129.549674210056,0.0,1055.9656972787384,0.0,3314.366180942679,1550.9219707921277,13796.026455330366,10494.191406714277,-7.059689308014524,0.0,-1.3863211733741918,0.0,157.24803817928307,-164.33125322682494,264.2799734186659,-298.48378654202304,298.48378654202304,195.97643915167927,-222.07663967626118,222.07663967626118,298.48378654202304,-28.748806336171132,-28.748806336171132,5035.824908179397,2418.0989635909455,527.9828486393692,1134.0696689709528,3803.1925823154183,1707.4831399398233,18749.588052423132,14060.12674639071,-6.936643050023122,-3.1745934561886826,-0.6931605866870959,-1.4888597217006754,108.29047852786393,-113.168407409492,173.2240463979903,-214.3290039923826,214.3290039923826,128.48436527162355,-159.4121864469392,159.4121864469392,214.3290039923826,-32.98888566894882,-51.34284327177717
25.420658142159002,5129.4745919891975,0.0,1055.9509489693678,0.0,3314.3730393990013,1550.939950931142,13795.9224823888,10494.110492177268,-7.236309636635124,0.0,-1.4218245204973354,0.0,157.15861019136713,-164.42172673467414,263.8494440083526,-298.9161456122196,298.9161456122196,195.64805909164483,-222.40637891220882,222.40637891220882,298.9161456122196,-28.748319204169576,-28.748319204169576,5035.751134980082,2418.065190835169,527.9754744846839,1134.053829810298,3803.200452305874,1707.502935122817,18749.42861269939,14060.006218107868,-7.110112193987821,-3.2558940203109232,-0.7109122602486677,-1.5269890560370696,108.22889302436683,-113.23071292104257,172.70445578633064,-214.8498546181358,214.8498546181358,128.09365340109238,-159.80383432793985,159.80383432793985,214.8498546181358,-32.98832669123973,-51.3420351452239
25.431162091012,5129.3976545574415,0.0,1055.9358277346562,0.0,3314.3786508632647,1550.9573262964038,13795.813448809498,10494.02572841434,-7.412929965255666,0.0,-1.4573278676204646,0.0,157.0691954219452,-164.51221346101732,263.41893773040385,-299.3485278147806,299.3485278147806,195.3196962156527,-222.73613533219864,222.73613533219864,299.3485278147806,-28.747819172811642,-28.747819172811642,5035.675539669749,2418.0305641024243,527.9679138673281,1134.037590141066,3803.206891388974,1707.522064481865,18749.26234319378,14059.880566586233,-7.283581337952462,-3.337194584433135,-0.7286639338102323,-1.5651183903734491,108.1673166239216,-113.29302753564495,172.18488110501193,-215.37072117422954,215.37072117422954,127.70295336452881,-160.1954940429077,160.1954940429077,215.37072117422954,-32.98775291168504,-51.34120514184151
25.441666039864998,5129.318861914788,0.0,1055.9203335746013,0.0,3314.3830153354693,1550.9740968879137,13795.699354592456,10493.937115425499,-7.589550293876208,0.0,-1.4928312147435936,0.0,156.9797938710173,-164.60271340585456,262.98845458481964,-299.7809331497062,299.7809331497062,194.99135052370275,-223.06590893623076,223.06590893623076,299.7809331497062,-28.74730624144776,-28.74730624144776,5035.5981222484015,2417.9950833927132,527.9601667873006,1134.0209499632558,3803.2118995647174,1707.5405280169682,18749.0892439063,14059.749791825805,-7.457050481917104,-3.4184951485553468,-0.7464156073717968,-1.6032477247098287,108.10574932652818,-113.35535125329919,171.66532235403386,-215.89160366066406,215.89160366066406,127.31226516193256,-160.58716559184302,160.58716559184302,215.89160366066406,-32.98716432953937,-51.3403532609859
25.452169988718,5129.238214061235,0.0,1055.9044664892047,0.0,3314.3861328156163,1550.9902627056717,13795.580199737678,10493.844653210741,-7.766170622496808,0.0,-1.5283345618667372,0.0,156.8904055385835,-164.69322656918584,262.5579945716,-300.21336161699634,300.21336161699634,194.663022015795,-223.39569972430516,223.39569972430516,300.21336161699634,-28.746780409428315,-28.746780409428315,5035.518882716039,2417.958748706035,527.9522332446023,1134.0039092768684,3803.215476833107,1707.5583257281269,18748.909314836954,14059.613893826583,-7.630519625881803,-3.4997957126775874,-0.7641672809333686,-1.6413770590462227,108.04419113218664,-113.41768407400531,171.14577953339642,-216.41250207743946,216.41250207743946,126.92158879330364,-160.97884897474586,160.97884897474586,216.41250207743946,-32.98656094405728,-51.339479502015465
25.462673937570997,5129.155710996785,0.0,1055.8882264784656,0.0,3314.3880033037044,1551.0058237496778,13795.455984245164,10493.748341770066,-7.942790951117349,0.0,-1.5638379089898662,0.0,156.80103042464924,-164.78375295101117,262.12755769075466,-300.6458132166511,300.6458132166511,194.3347106919368,-223.72550769642177,223.72550769642177,300.6458132166511,-28.746241676103732,-28.746241676103732,5035.437821072659,2417.92156004239,527.9441132392328,1133.9864680819026,3803.2176231941407,1707.57545761534,18748.722555985736,14059.472872588569,-7.803988769846445,-3.581096276799799,-0.7819189544949331,-1.6795063933826022,107.98264204090076,-113.48002599776325,170.62625264310657,-216.93341642455545,216.93341642455545,126.5309242586472,-161.370544191616,161.370544191616,216.93341642455545,-32.9859427544934,-51.338583864291124
25.473177886423,5129.071352721444,0.0,1055.8716135423854,0.0,3314.388626799733,1551.02078001993,13795.326708114917,10493.648181103481,-8.119411279721128,0.0,-1.5993412561096338,0.0,156.62080279314526,-164.8742925513219,261.5381289041884,-301.07828794862917,301.07828794862917,193.8882910952581,-224.05533285254927,224.05533285254927,301.07828794862917,-28.745690040824453,-28.745690040824453,5035.354937318271,2417.8835174017795,527.9358067711927,1133.9686263783613,3803.218338647818,1707.5919236786062,18748.528967352664,14059.326728111766,-7.977457913794613,-3.662396840914298,-0.7996706280548169,-1.7176357277153729,107.85852642912276,-113.54237702456712,169.99723434199456,-217.45434670196272,217.45434670196272,126.0589232473805,-161.76225124241637,161.76225124241637,217.45434670196272,-32.985309760102396,-51.337666347176395
25.5,5128.847524500004,0.0,1055.8275000000026,0.0,3314.3845612948257,1551.056227388848,13794.973637890953,10493.37495418328,-8.570415999999794,0.0,-1.689999999999898,0.0,155.90380851979998,-165.1055478082517,259.5836449096504,-302.1827286644401,302.1827286644401,192.4145350757403,-224.89762815072697,224.89762815072697,302.1827286644401,-28.74422288614633,-28.74422288614633,5035.135024500003,2417.7824999999925,527.9137500000013,1133.9212500000035,3803.2136735332037,1707.6309493587642,18748.00364680811,14058.930300093165,-8.420416000000143,-3.870000000000291,-0.844999999999949,-1.8149999999998836,107.36476094968464,-113.70163333532923,168.08156166194786,-218.7846283368264,218.7846283368264,124.62377323458978,-162.76253933592827,162.76253933592827,218.7846283368264,-32.98362621897137,-51.335224172803336
25.727692307692,5126.460238877475,0.0,1055.3550840000037,0.0,3314.022565947947,1551.198314426251,13790.647415005757,10490.04465860981,-12.398984738456143,0.0,-2.459599999998856,0.0,153.94500626844487,-167.0721398095789,250.21563004671006,-311.56437558983157,311.56437558983157,185.26992341052335,-232.05236649090762,232.05236649090762,311.56437558983157,-28.728379343564313,-28.728379343564313,5032.789669291676,2416.7006953136033,527.6775420000018,1133.4138919881702,3802.798288526563,1707.7873796791405,18741.750584657384,14054.219573677983,-12.180677046148922,-5.632338461536361,-1.229799999999428,-2.641523076921847,106.01581163625119,-115.05594714018565,156.7940355942206,-230.08154226454388,230.08154226454388,116.13621654251997,-171.25706986684793,171.25706986684793,230.08154226454388,-32.965445957547026,-51.3087460857698
25.924847687099998,5123.688917371717,0.0,1054.8044699170778,0.0,3313.235782641563,1551.0917836714216,13784.980471212999,10485.699904722827,-15.714085410372645,0.0,-3.125985182397897,0.0,152.63929611037983,-168.7800000603973,242.78718365660208,-319.69658464225796,319.69658464225796,179.59101435072324,-238.25407067128702,238.25407067128702,319.69658464225796,-28.70975707270003,-28.70975707270003,5030.067218858363,2415.439821644419,527.4022349585389,1132.8225520115366,3801.8954647975697,1707.6700949471026,18733.743682482225,14048.195931709697,-15.436631104243046,-7.158321098154265,-1.5629925911989484,-3.357197104172883,105.11662090883273,-116.23208266442651,147.49081251835966,-239.869418734844,239.869418734844,109.13646528371339,-178.61684936152363,178.61684936152363,239.869418734844,-32.944077141142806,-51.277508278010316
25.978867995486997,5122.815503414236,0.0,1054.630671486128,0.0,3312.943528421135,1551.0254072804585,13783.116561233974,10484.27276184784,-16.622418528995187,0.0,-3.308573824745952,0.0,152.36598718326113,-169.2487642644039,240.89959367234405,-321.9262213610698,321.9262213610698,178.14479098449834,-239.9543858974662,239.9543858974662,321.9262213610698,-28.70385950605708,-28.70385950605708,5029.209230797122,2415.041833521473,527.315335743064,1132.635898667055,3801.5601068369206,1707.597018047946,18731.129843644794,14046.23043761671,-16.32875813034951,-7.576438285069656,-1.654286912372976,-3.5532908236176883,104.92840390564267,-116.55490195397934,145.0435220057103,-242.5522632486282,242.5522632486282,107.29415092592563,-180.63414669158297,180.63414669158297,242.5522632486282,-32.93730975924059,-51.26760224239909
26.0,5122.460484000004,0.0,1054.5600000000031,0.0,3312.8202280478204,1550.9950892256115,13782.351004083694,10483.686780462174,-16.97774599999975,0.0,-3.379999999999898,0.0,152.12206433906226,-169.43223353121203,239.92143009335945,-322.7985911796206,322.7985911796206,177.40093764078128,-240.6196495905753,240.6196495905753,322.7985911796206,-28.701459374453226,-28.701459374453226,5028.860484000001,2414.879999999992,527.2800000000016,1132.5600000000034,3801.418621243723,1707.5636394715495,18730.058192176515,14045.424691616838,-16.677746000000216,-7.740000000000291,-1.689999999999949,-3.6299999999998835,104.76042393064253,-116.68124995124437,143.92105937862408,-243.601869914678,243.601869914678,106.45080510983497,-181.423370936618,181.423370936618,243.601869914678,-32.93455563908187,-51.26356946934728
26.032888303874,5121.8930210215685,0.0,1054.4470095604106,0.0,3312.618292533197,1550.9430352408701,13781.11880255067,10482.743810875136,-17.530751647617727,0.0,-3.491162467094007,0.0,151.72675874906002,-169.71787808408956,238.37164455069183,-324.1564699073199,324.1564699073199,176.22287225906626,-241.65515562402817,241.65515562402817,324.1564699073199,-28.69761984102643,-28.69761984102643,5028.303049758808,2414.621258579149,527.2235047802053,1132.4386522793761,3801.1869028368255,1707.5063307848543,18728.335364046103,14044.129439085411,-17.220885156455974,-7.994555471985048,-1.7455812335470036,-3.7493845430624932,104.48819267102405,-116.87796200996472,142.15524158806096,-245.2355291036694,245.2355291036694,105.12424406728076,-182.65175701800464,182.65175701800464,245.2355291036694,-32.93014982383662,-51.25711676497077
26.086908612259997,5120.921470193736,0.0,1054.2534841399286,0.0,3312.2600749777557,1550.8446675526582,13778.987195163136,10481.113051804748,-18.439084766223445,0.0,-3.6737511094386863,0.0,151.31902076419584,-170.1873415194456,236.24880371540542,-326.3873302809671,326.3873302809671,174.6018911177925,-243.35637985094138,243.35637985094138,326.3873302809671,-28.691038010292093,-28.691038010292093,5027.348675743443,2414.178096817455,527.1267420699643,1132.2308128485038,3800.775852797291,1707.39803315783,18725.36024368621,14041.892936115844,-18.113012182545905,-8.412672658892697,-1.8368755547193432,-3.9454782625036753,104.20739971483731,-117.20126283237676,139.54594315770657,-247.91921629991802,247.91921629991802,103.16158097062687,-184.66968034075143,184.66968034075143,247.91921629991802,-32.92259725768661,-51.24605179329934
26.140928920647,5119.900850930696,0.0,1054.050095224676,0.0,3311.8688757547993,1550.7303042158194,13776.721739071281,10479.380484636611,-19.347417884845985,0.0,-3.8563397517867415,0.0,151.0659142218268,-170.65715457048933,234.39656790445932,-328.61880248209394,328.61880248209394,173.1819308517421,-245.05805857826886,245.05805857826886,328.61880248209394,-28.684113914971995,-28.684113914971995,5026.346108750988,2413.7123482363727,527.025047612338,1132.0123803744307,3800.326956718303,1707.2721251668693,18722.20448256499,14039.520928707923,-19.00513920865237,-8.83078984580809,-1.9281698758933707,-4.141571981948481,104.03309529165317,-117.52480442122734,137.1229996600676,-250.6033248374733,250.6033248374733,101.33735296684681,-186.68791665989784,186.68791665989784,250.6033248374733,-32.9146519473247,-51.23440725213001
26.194949229033003,5118.831163232492,0.0,1053.8368428146593,0.0,3311.4446948643413,1550.5999452303572,13774.3224342752,10477.546109370796,-20.255751003451763,0.0,-4.038928394131435,0.0,150.63325579937535,-171.1273172372035,232.230116303395,-330.85088651061795,330.85088651061795,171.52855314160476,-246.76019180594776,246.76019180594776,330.85088651061795,-28.676847466706477,-28.676847466706477,5025.295348781483,2413.2240128359203,526.9184214073297,1131.7833548571639,3799.8402145998775,1707.1286068119757,18718.868080682572,14037.013416861739,-19.89726623474236,-9.248907032715767,-2.0194641970657177,-4.337665701389676,103.73514061985651,-117.84858677650459,134.48366822739573,-253.2878547162362,253.2878547162362,99.35237963989994,-188.7064659753695,188.7064659753695,253.2878547162362,-32.906313791359295,-51.222183076114106
26.24896953742,5117.712407099082,0.0,1053.6137269098713,0.0,3310.9875323063666,1550.4535905962678,13771.789280774801,10475.60992600723,-21.164084122074243,0.0,-4.22151703647949,0.0,149.90587941456917,-171.59782951960528,229.54790826818405,-333.0835823666213,333.0835823666213,169.4920420803862,-248.46277953404064,248.46277953404064,333.0835823666213,-28.669238577135374,-28.669238577135374,5024.19639583489,2412.71309061608,526.8068634549356,1131.5437362966968,3799.3156264419968,1706.967478093145,18715.35103803883,14034.3704005772,-20.789393260848765,-9.66702421963113,-2.110758518239745,-4.533759420834468,103.234225392598,-118.17260989822033,131.4891558226267,-255.97280593630538,255.97280593630538,97.10355759082331,-190.72532828724053,190.72532828724053,255.97280593630538,-32.897582688398224,-51.20937920164995
26.302989845806998,5116.544582530488,0.0,1053.3807475103163,0.0,3310.497388080882,1550.2912403135522,13769.122278570127,10473.571934545951,-22.072417240696783,0.0,-4.404105678827546,0.0,149.45153362014682,-172.06869141768624,227.34350376614466,-335.3168900500632,335.3168900500632,167.81047078666654,-250.16582176251646,250.16582176251646,335.3168900500632,-28.66128715789887,-28.66128715789887,5023.049249911224,2412.1795815768614,526.6903737551581,1131.2935246930329,3798.7531922446697,1706.788739010379,18711.653354633825,14031.59187985435,-21.68152028695523,-10.085141406546521,-2.202052839413773,-4.729853140279272,102.92133548907486,-118.49687378636872,128.82368773439444,-258.6581784976318,258.6581784976318,95.0991684626025,-192.74450359547416,192.74450359547416,258.6581784976318,-32.88845853704976,-51.19599556688448
26.357010154193002,5115.32768952673,0.0,1053.1379046159977,0.0,3309.9742621878977,1550.112894382215,13766.32142766123,10471.432134986993,-22.98075035930256,0.0,-4.5866943211722395,0.0,149.05895924454958,-172.5399029314375,225.24719924707523,-337.55080956090217,337.55080956090217,166.2092023374397,-251.8693184913436,251.8693184913436,337.55080956090217,-28.652993120637213,-28.652993120637213,5021.853911010512,2411.623485718274,526.5689523079989,1131.0327200461757,3798.1529120079067,1706.5923895636822,18707.775030467623,14028.67785469324,-22.57364731304522,-10.5032585934542,-2.2933471605861198,-4.925946859720469,102.6509851083424,-118.82137844094372,126.23266381108493,-261.3439724001658,261.3439724001658,93.15008071403912,-194.76399190003286,194.76399190003286,261.3439724001658,-32.87894123592221,-51.182032111712594
26.41103046258,5114.061728087764,0.0,1052.8851982269077,0.0,3309.418154627396,1549.918552802249,13763.386728048008,10469.190527330285,-23.8890834779251,0.0,-4.769282963520294,0.0,148.78190056689348,-173.0114640608765,223.35304719937676,-339.7853408992207,339.7853408992207,164.75810429551615,-253.57326972058488,253.57326972058488,339.7853408992207,-28.64435637699018,-28.64435637699018,5020.610379132707,2411.044803040298,526.4425991134539,1130.761322356117,3797.5147857316874,1706.3784297530465,18703.71606554009,14025.628325093769,-23.465774339151686,-10.921375780369592,-2.384641481760147,-5.122040579165274,102.46018580088477,-119.14612386195729,123.78085426596732,-264.03018764400633,264.03018764400633,91.30440936070353,-196.78379320099117,196.78379320099117,264.03018764400633,-32.869030683623365,-51.16748877777634
26.422307692308,5113.791256195544,0.0,1052.831199000002,0.0,3309.2979008386687,1549.875964066933,13762.757195212102,10468.709726285817,-24.078706261543324,0.0,-4.807400000000926,0.0,148.51202804767718,-173.109950838004,222.58656625650457,-340.25189679343754,340.25189679343754,164.1795302004361,-253.92904235094946,253.92904235094946,340.25189679343754,-28.64251012804136,-28.64251012804136,5020.344700071279,2410.921148005904,526.415599500001,1130.7033291035527,3797.3767960551363,1706.33154180583,18702.845928374183,14024.974611552414,-23.652013953851476,-11.008661538464308,-2.403700000000463,-5.162976923077905,102.27433531533447,-119.21394779379956,123.01348282105354,-264.591012619931,264.591012619931,90.72928349454067,-197.20548454733358,197.20548454733358,264.591012619931,-32.866912136690416,-51.16437955452399
26.465050770966997,5112.7466982136075,0.0,1052.62262834305,0.0,3308.8290653993836,1549.708215573658,13760.318179730506,10466.847111575855,-24.79741659654764,0.0,-4.951871605868335,0.0,148.19678894075244,-173.4833748059946,220.91980249182973,-342.0204840649776,342.0204840649776,162.90653742056222,-255.27767545020896,255.27767545020896,342.0204840649776,-28.63537683130042,-28.63537683130042,5019.31865427783,2410.4435335429425,526.311314171525,1130.4793316228618,3796.8388134160214,1706.1468595784763,18699.4764598513,14022.443291055986,-24.35790136525809,-11.339492967284954,-2.4759358029341674,-5.318134298610064,102.05724266263852,-119.47111004940349,120.95779301696972,-266.71682422910374,266.71682422910374,89.18295102734278,-198.80390749831184,198.80390749831184,266.71682422910374,-32.85872677038763,-51.15236550387836
26.5,5111.869778500006,0.0,1052.4475000000032,0.0,3308.430374059726,1549.5636129208751,13758.261627729535,10465.276764777653,-25.38507599999971,0.0,-5.069999999999884,0.0,147.99212367506217,-173.78887063101817,219.64987143135932,-343.4668686042812,343.4668686042812,161.93468477758125,-256.3806078203232,256.3806078203232,343.4668686042812,-28.62938480648927,-28.62938480648927,5018.457278500002,2410.0424999999896,526.2237500000016,1130.2912500000045,3796.3813202294396,1705.987659698491,18696.63734602652,14020.31049479827,-24.935076000000233,-11.610000000000378,-2.534999999999942,-5.444999999999855,101.91629782277752,-119.6814928908247,119.34092618986023,-268.45520755894364,268.45520755894364,87.96611116961037,-200.1110167580725,200.1110167580725,268.45520755894364,-32.85185099895179,-51.14227239423771
26.519071079353,5111.382599904293,0.0,1052.350194964429,0.0,3308.2069945038734,1549.4818826964452,13757.115782708788,10464.40188772376,-25.705749715153477,0.0,-5.134460248213029,0.0,147.63764659923697,-173.95563516678297,218.53200403240328,-344.2562390581316,344.2562390581316,161.08873061564154,-256.98253568018436,256.98253568018436,344.2562390581316,-28.626054665478627,-28.626054665478627,5017.97873644591,2409.81967722622,526.1750974822145,1130.1867478464146,3796.1249950609217,1705.8976790399754,18695.05621340132,14019.122752579959,-25.25002839134808,-11.757610154192603,-2.5672301241065143,-5.514228018051246,101.67218353930072,-119.79633700327626,118.16602879410095,-269.4038821554088,269.4038821554088,87.0847419133925,-200.8243347919576,200.8243347919576,269.4038821554088,-32.84802970495521,-51.136662543123606
26.57309138774,5109.969433159768,0.0,1052.0678980910359,0.0,3307.551941940844,1549.2395541706032,13753.77953698274,10461.854855773901,-26.614082833776017,0.0,-5.317048890561083,0.0,147.18504888320987,-174.42824514325918,216.33065866755564,-346.49260587876523,346.49260587876523,159.40943182383577,-258.6878504105741,258.6878504105741,346.49260587876523,-28.616390389076415,-28.616390389076415,5016.590625636892,2409.1732340901067,526.0339490455179,1129.8835710267647,3795.373330666364,1705.6308881375355,18690.45532619,14015.666709665553,-26.142155417454546,-12.175727341107995,-2.6585244452805417,-5.710321737496051,101.36049746794058,-120.12180472358764,115.50266741215393,-272.0913614230205,272.0913614230205,85.08191776698362,-202.8450750820031,202.8450750820031,272.0913614230205,-32.83694007203001,-51.1203805212958
26.627111696126,5108.507197980087,0.0,1051.7757377228809,0.0,3306.8639077103157,1548.9812299961404,13750.309442552483,10459.206015726379,-27.522415952381735,0.0,-5.499637532905763,0.0,146.90615560265528,-174.90120473540563,214.43329606481095,-348.72958452679563,348.72958452679563,157.95594879816437,-260.3936196413148,260.3936196413148,348.72958452679563,-28.606384717749478,-28.606384717749478,5015.154321850832,2408.5042041346264,525.8878688614404,1129.569801163924,3794.5838202323725,1705.3464868711658,18685.673798217504,14012.075162312905,-27.034282443544477,-12.593844528015644,-2.7498187664528815,-5.906415456937233,101.16843474233106,-120.44751321032558,113.04864688530972,-274.7792620318393,274.7792620318393,83.23460397008014,-204.8661283683735,204.8661283683735,274.7792620318393,-32.82545869281775,-51.103520315204946
26.681132004513003,5106.99589436519,0.0,1051.4737138599532,0.0,3306.1428918122674,1548.7069101730476,13746.705499417885,10456.45536758109,-28.430749071004275,0.0,-5.682226175253818,0.0,146.47664372131243,-175.37451394323992,212.2723509106607,-350.96717500230596,350.96717500230596,156.30666159144806,-262.09984337247,262.09984337247,350.96717500230596,-28.596038293801236,-28.596038293801236,5013.669825087673,2407.812587359756,525.7368569299766,1129.2454382578794,3793.7564637589217,1705.044475240856,18680.711629483652,14008.348110521883,-27.92640946965094,-13.011961714931036,-2.841113087626909,-6.102509176382038,100.87264696842578,-120.77346246350216,110.41310752390872,-277.4675839819652,277.4675839819652,81.25244761036261,-206.88749465114373,206.88749465114373,277.4675839819652,-32.81358630435334,-51.08608271365979
26.735152312900002,5105.43552231511,0.0,1051.1618265022578,0.0,3305.3888942467092,1548.4165947013298,13742.967707579013,10453.602911338088,-29.33908218962682,0.0,-5.864814817601873,0.0,145.82935342919467,-175.84817276675327,209.73029353765432,-353.20537730525456,353.20537730525456,154.3742624507244,-263.8065216040079,263.8065216040079,353.20537730525456,-28.585351759535676,-28.585351759535676,5012.137135347448,2407.0983837655053,525.5809132511289,1128.9104823086386,3792.8912612460244,1704.7248532466112,18675.568819988548,14004.485554292552,-28.818536495757407,-13.430078901846427,-2.9324074088009366,-6.298602895826844,100.42688385245,-121.09965248311133,107.51511131388435,-280.156327273348,280.156327273348,79.07532330595339,-208.90917393027635,208.90917393027635,280.156327273348,-32.801323643672355,-51.068068507217916
26.789172621286003,5103.82608182987,0.0,1050.8400756498004,0.0,3304.6019150136567,1548.1102835809916,13739.096067035938,10450.648646997424,-30.247415308232537,0.0,-6.047403459946552,0.0,145.25886581413812,-176.3221812059369,207.3226408495312,-355.44419143560003,355.44419143560003,152.5417067902005,-265.51365433589706,265.51365433589706,355.44419143560003,-28.57432575725681,-28.57432575725681,5010.556252630177,2406.3615933518904,525.4200378249002,1128.5649333162069,3791.9882126936973,1704.387620888438,18670.24536973227,14000.487493624985,-29.710663521847337,-13.848196088754078,-3.023701729973276,-6.494696615268025,100.0340116898208,-121.42608326914707,104.70967427225568,-282.84549190593816,282.84549190593816,76.96695724092433,-210.9311662057339,210.9311662057339,282.84549190593816,-32.78867144781037,-51.0494784881849
26.871203459946997,5101.288287569483,0.0,1050.3326299634089,0.0,3303.343804649452,1547.614557456985,13732.960962543506,10445.967863577182,-31.62673596983205,0.0,-6.32466769462073,0.0,144.83412381006244,-177.04264033685297,204.43929516338812,-358.8450420937138,358.8450420937138,150.33295728862842,-268.1068361023617,268.1068361023617,358.8450420937138,-28.556934663207187,-28.556934663207187,5008.063497927755,2405.1995727564254,525.1663149817044,1128.0199546648455,3790.5445472253527,1703.841852619815,18661.81618913563,13994.157251723685,-31.06537493184855,-14.483114779990196,-3.162333847310365,-6.792468559607442,99.74150874094587,-121.92223485838163,100.9817074065783,-286.92984389224483,286.92984389224483,74.1606692444731,-214.00219743465266,214.00219743465266,286.92984389224483,-32.768715390972666,-51.020149644683954
26.958236179015,5098.472043789091,0.0,1049.7693757035663,0.0,3301.925830468852,1547.0482776519395,13726.114321612205,10440.744999102166,-33.09016154983599,0.0,-6.618838285070567,0.0,144.0365756520812,-177.80791131536773,200.77304802624127,-362.45480416679436,362.45480416679436,147.53854851279903,-270.85928454488464,270.85928454488464,362.45480416679436,-28.53763138524979,-28.53763138524979,5005.297247129007,2403.90975383004,524.8846878517832,1127.4150395869672,3788.917440082943,1703.2184084763874,18652.41762239882,13987.099400505624,-32.50269069613208,-15.156748025576526,-3.3094191425352837,-7.108397329824278,99.19226900048987,-122.44924658728071,96.60834830772612,-291.26430397087245,291.26430397087245,70.87269450656869,-217.2612757575331,217.2612757575331,291.26430397087245,-32.74656512768429,-50.987585831590366
27.0,5097.075408000007,0.0,1049.4900000000036,0.0,3301.214999330543,1546.7617984746382,13722.705508828465,10438.144907129717,-33.792405999999666,0.0,-6.759999999999869,0.0,143.66931543614908,-178.17545910767018,199.0407945132615,-364.18756093842217,364.18756093842217,146.21770406699426,-272.18050283997076,272.18050283997076,364.18756093842217,-28.528058025708177,-28.528058025708177,5003.925408,2403.2699999999886,524.7450000000018,1127.1150000000055,3788.101770490355,1702.9030100395878,18647.741108358117,13983.587709637457,-33.19240600000025,-15.480000000000437,-3.3799999999999346,-7.259999999999826,98.93935147612501,-122.70236215407024,94.52835758321832,-293.34464126962337,293.34464126962337,69.30875091896206,-218.82547680029177,218.82547680029177,293.34464126962337,-32.735579820687796,-50.97143198974648
27.045268898082,5095.528434101353,0.0,1049.1805189773736,0.0,3300.4222464661225,1546.4404782774757,13718.920252408467,10435.257873484687,-34.55358712982311,0.0,-6.913008875517029,0.0,143.15855097419467,-178.5740897839542,196.96596697928624,-366.06615434747425,366.06615434747425,144.63952026111292,-273.6129127244806,273.6129127244806,366.06615434747425,-28.517454177486805,-28.517454177486805,5002.405902831164,2402.561306770652,524.5902594886868,1126.7826283691927,3787.192096770261,1702.549253480902,18642.550170229344,13979.689823261035,-33.94000646039913,-15.830381271155115,-3.4565044377585146,-7.424326100037477,98.58760827703333,-122.97688326854968,92.13800248866217,-295.5998577161081,295.5998577161081,67.5126724907931,-220.52116651846484,220.52116651846484,295.5998577161081,-32.723412041179486,-50.95353635284046
27.132301617149,5092.457458506236,0.0,1048.566059784825,0.0,3298.8330526412487,1545.7911593335862,13711.378754932217,10429.506486724686,-36.01701270981028,0.0,-7.207179465963505,0.0,142.7226207879058,-179.34117574262123,193.9325512926271,-369.67909263579526,369.67909263579526,142.31521484850379,-276.3677206411814,276.3677206411814,369.67909263579526,-28.496405055558007,-28.496405055558007,4999.3894650342045,2401.154231578248,524.2830298924125,1126.1227210115146,3785.3685172872893,1701.8343876333515,18632.21383262709,13971.928519989855,-35.37732222466619,-16.504014516733733,-3.6035897329817526,-7.740254870250705,98.28740047142537,-123.50514490219469,88.20044927583312,-299.93650512800195,299.93650512800195,64.5484392682206,-223.78186971748548,223.78186971748548,299.93650512800195,-32.69925844437895,-50.918003724642205
27.219334336217003,5089.259117003705,0.0,1047.9259981259127,0.0,3297.1582489942098,1545.1003208202633,13703.489829183369,10423.49083882209,-37.480438289814224,0.0,-7.501350056413343,0.0,141.61392193767446,-180.1091691913775,189.7217904440425,-373.29361903179847,373.29361903179847,139.11631017274922,-279.1237082950183,279.1237082950183,373.29361903179847,-28.474487040744833,-28.474487040744833,4996.247933738085,2399.688528252809,523.9629990629563,1125.435317513926,3783.4467016340045,1701.0738109337276,18621.40860959193,13963.815490691983,-36.81463798894972,-17.177647762320063,-3.7506750282066714,-8.056183640467541,97.52388360708166,-124.03403148822166,83.45210521017748,-304.2742462066034,304.2742462066034,60.98190426926216,-227.04338535463216,227.04338535463216,304.2742462066034,-32.67410780416427,-50.88099173067346
27.306367055284003,5085.93340959383,0.0,1047.260334000652,0.0,3295.397835525046,1544.3679627375234,13695.253475162093,10417.210929777042,-38.94386386980134,0.0,-7.795520646859805,0.0,140.95397540674531,-180.87807013020551,186.2963461542629,-376.9097335354011,376.9097335354011,136.50078351210777,-281.8808756859283,281.8808756859283,376.9097335354011,-28.451702819115575,-28.451702819115575,4992.981308942879,2398.1641967943706,523.630167000326,1124.7204178764412,3781.4266498104525,1700.267523382047,18610.134501124114,13955.350735367607,-38.25195375321672,-17.851281007898653,-3.8977603234299023,-8.372112410680755,97.06940464209997,-124.56354302661858,79.24457746844453,-308.6130809518129,308.6130809518129,57.81711853950394,-230.30571342983018,230.30571342983018,308.6130809518129,-32.64796320276432,-50.84250374758069
27.393399774351,5082.480336276577,0.0,1046.5690674090345,0.0,3293.551812233737,1543.5940850853578,13686.669692868312,10410.66675958947,-40.40728944978846,0.0,-8.089691237306265,0.0,140.61928517647362,-181.6478785591139,183.44010039063383,-380.5274361466443,380.5274361466443,134.30809004232094,-284.6392228139428,284.6392228139428,380.5274361466443,-28.42805507673775,-28.42805507673775,4989.589590648551,2396.581237202916,523.2845337045172,1123.9780220990533,3779.30836181661,1699.4155249783018,18598.39150722352,13946.534254016633,-39.689269517483716,-18.52491425347724,-4.044845618653133,-8.688041180893968,96.83891677328855,-125.0936795173914,75.42903414500962,-312.9530093636803,312.9530093636803,54.94352123476706,-233.56885394311686,233.56885394311686,312.9530093636803,-32.62082772240703,-50.802543163785764
27.480432493419002,5078.899897051902,0.0,1045.8521983510525,0.0,3291.6201791202607,1542.778687863758,13677.738482301915,10403.858328259295,-41.87071502979239,0.0,-8.383861827756103,0.0,139.82718195897542,-182.41859447811171,179.78338189933234,-384.1467268655702,384.1467268655702,131.52075968911956,-287.3987496790937,287.3987496790937,384.1467268655702,-28.403546499678868,-28.403546499678868,4986.07277885506,2394.939649478425,522.9260991755262,1123.2081301817536,3777.091837652452,1698.517815722481,18586.179627890007,13937.366046638952,-41.12658528176724,-19.19854749906357,-4.191930913878052,-9.003969951110804,96.29342674708839,-125.62444096054628,71.06223704610518,-317.29403144225546,317.29403144225546,51.66042112539525,-236.83280689452985,236.83280689452985,317.29403144225546,-32.592704445320315,-50.761113379487185
27.5,5078.077372500006,0.0,1045.6875000000036,0.0,3291.174103860271,1542.589645886901,13675.682647380487,10402.291207518363,-42.19973599999968,0.0,-8.449999999999884,0.0,139.39874046925766,-182.59199896116797,178.5231258212015,-384.9606681820434,384.9606681820434,130.5686266100354,-288.0193346495179,288.0193346495179,384.9606681820434,-28.39791809567042,-28.39791809567042,4985.264872500002,2394.5624999999873,522.8437500000018,1123.031250000006,3776.579972026468,1698.3096904948404,18583.369479171317,13935.256336134406,-41.44973600000021,-19.350000000000495,-4.224999999999942,-9.074999999999825,95.99837610938295,-125.74385774098097,69.77873819141968,-318.2701710467172,318.2701710467172,50.69815294219737,-237.56675106327575,237.56675106327575,318.2701710467172,-32.58624592408079,-50.75159692686081
27.567465212486,5075.192091919889,0.0,1045.109726826723,0.0,3289.602936184662,1541.9217710727419,13668.459843463106,10396.785635786675,-43.33414060977951,0.0,-8.678032418202566,0.0,138.85608473579612,-183.19021788718118,175.81342389811496,-387.76760569209534,387.76760569209534,128.50073712855288,-290.1594562813176,290.1594562813176,387.76760569209534,-28.37818000807269,-28.37818000807269,4982.4308735624845,2393.2394336209363,522.5548634133615,1122.4107421245596,3774.77707731803,1697.5743956146057,18573.498863123852,13927.846113234782,-42.56390104603424,-19.87218074464213,-4.339016209101283,-9.319898721324003,95.62467065821896,-126.15582735607109,66.47972433756881,-321.6361471874388,321.6361471874388,48.217075134583006,-240.09757228399405,240.09757228399405,321.6361471874388,-32.56359672232018,-50.718218104611545
27.654497931553,5071.356920880503,0.0,1044.3416528360372,0.0,3287.5000834269185,1541.0233347123008,13658.833776351792,10389.448682171533,-44.79756618976663,0.0,-8.972203008649027,0.0,138.24569799422596,-183.9627487863311,172.4747092397136,-391.3900726262612,391.3900726262612,125.94963819407809,-292.9213426206461,292.9213426206461,391.3900726262612,-28.35195781985591,-28.35195781985591,4978.663874770791,2391.48058963043,522.1708264180186,1121.585857927462,3772.3640808133173,1696.5852646546653,18560.34921292492,13917.974453804014,-44.00121681030124,-20.54581399022072,-4.486101504324513,-9.635827491537217,95.20432155181972,-126.6878387039718,62.33192384835516,-325.97935659928004,325.97935659928004,45.09665822098194,-243.36315011154704,243.36315011154704,325.97935659928004,-32.53350709846039,-50.67386016649778
27.741530650621,5067.394383933687,0.0,1043.547976378986,0.0,3285.3116208470046,1540.0833787824238,13648.860280967845,10381.84746741378,-46.26099176977057,0.0,-9.266373599098864,0.0,137.2972655610116,-184.7361871755704,168.5444146209088,-395.0141276681097,395.0141276681097,122.95907986044568,-295.68440869711094,295.68440869711094,395.0141276681097,-28.32488285516139,-28.32488285516139,4974.771782479929,2389.663117506887,521.773988189493,1120.7334775904517,3769.8528481382855,1695.550422842648,18546.73067729305,13907.751068346533,-45.43853257458476,-21.21944723580705,-4.633186799549432,-9.951756261754053,94.5511738036295,-127.22047500425464,57.77672573596812,-330.32365967782914,330.32365967782914,41.67360307302304,-246.62954037722633,246.62954037722633,330.32365967782914,-32.50243892455592,-50.628043299137495
27.828563369688,5063.304481079538,0.0,1042.7286974555877,0.0,3283.037548444971,1539.1019032831316,13638.539357311505,10373.981991513589,-47.72441734975769,0.0,-9.560544189545325,0.0,136.79206168925379,-185.51053305488134,165.389769984679,-398.6397708175574,398.6397708175574,120.54471865672691,-298.44865451064874,298.44865451064874,398.6397708175574,-28.296957800057548,-28.296957800057548,4970.754596689988,2387.7870172503476,521.3643487277939,1119.853601113547,3767.243379292993,1694.4698701785774,18532.643256228555,13897.175956862566,-46.87584833885176,-21.89308048138564,-4.780272094772663,-10.267685031967266,94.20325996215817,-127.75373625690732,53.75568696037834,-334.6690564229863,334.6690564229863,38.6473520038283,-249.89674308095684,249.89674308095684,334.6690564229863,-32.47039528283571,-50.58077094983747
27.877692307691998,5060.939538764797,0.0,1042.2549190000066,0.0,3281.716059021255,1538.5295383080843,13632.559905243203,10369.425334492435,-48.550503738456,0.0,-9.726599999998841,0.0,136.53748933080905,-185.94804284079757,163.66257665584754,-400.68710464446406,400.68710464446406,119.22163239159691,-300.00955943149165,300.00955943149165,400.68710464446406,-28.280820251326837,-28.280820251326837,4968.431705717458,2386.7020926212945,521.1274595000033,1119.34477987279,3765.7269871686754,1693.839726584515,18524.48402949601,13891.051121030825,-47.68719604614889,-22.273338461536593,-4.863299999999421,-10.446023076921788,94.02794608966,-128.05503187004226,51.52274713768589,-337.12246429179305,337.12246429179305,36.966472331951316,-251.7413990156616,251.7413990156616,337.12246429179305,-32.45187765313557,-50.55344510303675
27.915596088755,5059.08721231801,0.0,1041.8838160658331,0.0,3280.6778662207926,1538.078908214415,13627.871005382649,10365.852254470872,-49.187842929744804,0.0,-9.854714779991788,0.0,135.88027822270274,-186.28578642427274,161.5236110575611,-402.26700207464603,402.26700207464603,117.60180397977696,-301.21408006129116,301.21408006129116,402.26700207464603,-28.268185670785037,-28.268185670785037,4966.612317400924,2385.852288860791,520.9419080329166,1118.9462284967399,3764.5356742774097,1693.3436066624422,18518.08694973128,13886.249119352005,-48.31316410311876,-22.566713726964228,-4.927357389995894,-10.58361380218048,93.57535090173458,-128.28762246193597,49.244656551622086,-339.01554683480134,339.01554683480134,35.257107149995605,-253.16475822277613,253.16475822277613,339.01554683480134,-32.43737963439716,-50.532047004004724
28.0,5054.875672000006,0.0,1041.0400000000038,0.0,3278.30768764891,1537.0471551576638,13617.193043385605,10357.715665943591,-50.60706599999964,0.0,-10.139999999999883,0.0,135.64274809928355,-187.03849019151158,158.90597667374684,-405.7861903351446,405.7861903351446,115.5885065290691,-303.8971032489646,303.8971032489646,405.7861903351446,-28.23947544660944,-28.23947544660944,4962.475672000005,2383.919999999986,520.5200000000019,1118.040000000005,3761.8159248377797,1692.207701064249,18503.522458466115,13875.316374289112,-49.70706600000011,-23.220000000000525,-5.069999999999942,-10.88999999999984,93.41177333963792,-128.80597965155687,45.64927084436594,-343.231796890225,343.231796890225,32.548239341528884,-256.33483954702433,256.33483954702433,343.231796890225,-32.40443502126144,-50.48341075925788
28.002628807822,5054.7425776491045,0.0,1041.013332209723,0.0,3278.23257417447,1537.0143935762726,13616.855225181287,10357.45825628564,-50.65126850973192,0.0,-10.148885370438235,0.0,135.15118848876952,-187.06194728374464,157.9771661625244,-405.8958214393754,405.8958214393754,114.89639115523022,-303.98068534903814,303.98068534903814,405.8958214393754,-28.2385685324061,-28.2385685324061,4962.344944612739,2383.8589323382193,520.5066661048616,1118.011359740029,3761.7297330915376,1692.171632294242,18503.06175780123,13874.970555814845,-49.75047986738576,-23.240346972542785,-5.074442685219117,-10.899542572393694,93.07325575898078,-128.82213361934055,44.95380049878807,-343.36313091327423,343.36313091327423,32.03042038913368,-256.4335858026841,256.4335858026841,343.36313091327423,-32.403394348872624,-50.48187413012948
28.089661526889998,5050.270577072767,0.0,1040.117245887246,0.0,3275.701672305972,1535.9083593686923,13605.49201670728,10348.799996957778,-52.114694089735856,0.0,-10.443055960888072,0.0,134.68480562607124,-187.839015633306,154.8904582921227,-409.5262289117874,409.5262289117874,112.53249726326868,-306.74847037392175,306.74847037392175,409.5262289117874,-28.20810932247973,-28.20810932247973,4957.952478325381,2381.8069476826054,520.058622943623,1117.0489948434044,3758.82555573534,1690.9539470739626,18487.567680438216,13863.340266250956,-51.18779563166929,-23.913980218129115,-5.221527980444036,-11.21547134261053,92.7520764046081,-129.35726972912727,40.979547075581706,-347.71180865845514,347.71180865845514,29.038924153137575,-259.70322582071844,259.70322582071844,347.71180865845514,-32.3684427970733,-50.43025613579974
28.176694245957,5045.671210589105,0.0,1039.195557098423,0.0,3273.0851606153587,1534.7608055916996,13593.781379960892,10339.877476487496,-53.57811966972297,0.0,-10.737226551334533,0.0,134.07986382498402,-188.61699147293888,151.56127227956654,-413.15822449179853,413.15822449179853,109.98847675142174,-309.51743513587803,309.51743513587803,413.15822449179853,-28.176810766415215,-28.176810766415215,4953.434918538949,2379.6963348939985,519.5977785492115,1116.0591338068873,3755.823142208887,1689.6905510016325,18471.604717642607,13851.358250660598,-52.62511139593629,-24.587613463707704,-5.368613275667267,-11.531400112823743,92.33547701246464,-129.8930307912838,36.83830858631568,-352.061580070244,352.061580070244,25.923381868069015,-262.9736782768039,262.9736782768039,352.061580070244,-32.33252810637129,-50.37719656652036
28.263726965024002,5040.944478198064,0.0,1038.2482658432439,0.0,3270.383039102601,1533.5717322452813,13581.723314941997,10330.69069487469,-55.041545249710154,0.0,-11.03139714178101,0.0,132.93612502668435,-189.3958748026523,147.2891915218884,-416.7918081794507,416.7918081794507,106.7440201431985,-312.28757963493916,312.28757963493916,416.7918081794507,-28.14467555028,-28.14467555028,4948.792265253397,2377.5270939723755,519.1241329216219,1115.0417766304672,3752.722492512144,1688.3814440772371,18455.17286941422,13839.024509043647,-54.06242716020334,-25.261246709286322,-5.515698570890505,-11.84732888303697,91.54782952755582,-130.4294168058163,32.04773593471013,-356.41244514869106,356.41244514869106,22.325477062405437,-266.24494317097833,266.24494317097833,356.41244514869106,-32.295653358994464,-50.322698928480044
28.5,5027.470306500007,0.0,1035.5475000000038,0.0,3262.6157506964596,1530.1343262869261,13547.236696843818,10304.41828240541,-59.01439599999966,0.0,-11.829999999999883,0.0,130.93208961795054,-191.514932798701,137.61816183141403,-426.6641273977262,426.6641273977262,99.36732050333617,-319.8138086383109,319.8138086383109,426.6641273977262,-28.053230933448354,-28.053230933448354,4935.557806500006,2371.3424999999843,517.7737500000019,1112.1412500000056,3743.8096289242894,1684.5970417478131,18408.20004624251,13803.767824101575,-57.964396000000065,-27.090000000000554,-5.914999999999941,-12.70499999999984,90.16772993514542,-131.888727885798,20.369282386504054,-368.2295188001469,368.2295188001469,13.54365291568864,-275.1297422515378,275.1297422515378,368.2295188001469,-32.19072183681489,-50.16751736493948
29.0,4995.861276000007,0.0,1029.210000000004,0.0,3244.098293002921,1521.851159274688,13465.813607755124,10242.399056903809,-67.42172599999968,0.0,-13.519999999999884,0.0,126.8749662866027,-196.0213267827363,117.47403350155533,-447.59447936978796,447.59447936978796,83.99573017258398,-335.76945081755684,335.76945081755684,447.59447936978796,-27.83962750099505,-27.83962750099505,4904.511276000007,2356.8299999999845,514.605000000002,1105.3350000000055,3722.5610842859965,1675.4777125455334,18297.402242500495,13720.610685571795,-66.22172600000009,-30.96000000000055,-6.759999999999942,-14.51999999999984,87.37375023221706,-134.9921024437043,-4.1230945936205385,-393.263336776483,393.263336776483,-4.875850698118229,-293.95145917681606,293.95145917681606,393.263336776483,-31.94561464421359,-49.80449612893208
29.5,4960.048580500007,0.0,1022.0275000000038,0.0,3222.7553145682928,1512.1976541209497,13372.923776119525,10171.65798943879,-75.8290559999997,0.0,-15.209999999999884,0.0,122.8477943321007,-200.55767214361745,97.3823200811768,-468.57724625132994,468.57724625132994,68.66307663173136,-351.7640297867022,351.7640297867022,468.57724625132994,-27.59924904030781,-27.59924904030781,4869.336080500005,2340.3824999999842,511.0137500000019,1097.6212500000054,3698.070290922902,1664.849713457409,18171.129047240072,13625.84495869977,-74.4790560000001,-34.83000000000055,-7.604999999999942,-16.33499999999984,84.6003968529539,-138.11610332527582,-28.579375507331104,-418.3332508192331,418.3332508192331,-23.268540091160364,-312.799990322859,312.799990322859,418.3332508192331,-31.66978345094028,-49.395125875261385
30.0,4920.032220000005,0.0,1014.0000000000039,0.0,3198.5868153925753,1501.173810825711,13268.56720193702,10092.195080010357,-84.23638599999971,0.0,-16.899999999999885,0.0,118.85057375444453,-205.12396888134438,77.34302157027848,-489.6124280423521,489.6124280423521,53.3693598807783,-367.7975455457473,367.7975455457473,489.6124280423521,-27.3326048580117,-27.3326048580117,4830.032220000005,2321.999999999984,507.00000000000193,1089.0000000000055,3670.3372488350055,1652.7130444834409,18029.38046046126,13519.470643485503,-82.73638600000011,-38.70000000000055,-8.449999999999942,-18.14999999999984,81.84766979735596,-141.26073053051255,-52.999560354627526,-443.4392609283974,443.4392609283974,-41.63441526343771,-331.6753356896668,331.6753356896668,443.4392609283974,-31.36381267979946,-48.94010006831191
30.5,4875.812194500005,0.0,1005.1275000000038,0.0,3171.592795475769,1488.7796293889721,13152.743885207607,10004.010328618508,-92.64371599999973,0.0,-18.589999999999883,0.0,114.88330455363418,-209.72021699591718,57.35613796886033,-510.7000247428545,510.7000247428545,38.11457991972484,-383.86999809469194,383.86999809469194,510.7000247428545,-27.040204260731798,-27.040204260731798,4786.599694500005,2301.6824999999835,502.5637500000019,1079.4712500000055,3639.3619580223076,1639.0677056236284,17872.156482164035,13401.487739928994,-90.99371600000013,-42.570000000000555,-9.294999999999941,-19.96499999999984,79.11556906542322,-144.42598405941447,-77.38364913550986,-468.5813671039758,468.5813671039758,-59.973476214950296,-350.5774952772393,350.5774952772393,468.5813671039758,-31.0282867535956,-48.44012500088927
31.0,4827.388504000005,0.0,995.4100000000043,0.0,3141.7732548178737,1475.0151098107326,13025.453825931292,9907.103735263245,-101.05104599999974,0.0,-20.279999999999884,0.0,110.94598672966967,-214.34641648733577,37.421669276922444,-531.8400363528372,531.8400363528372,22.898736748570954,-399.98138743353616,399.98138743353616,531.8400363528372,-26.722556555093178,-26.722556555093178,4739.038504000003,2279.4299999999835,497.70500000000214,1069.0350000000055,3605.1444184848074,1623.9136968779715,17699.457112348413,13271.896248030245,-99.25104600000014,-46.44000000000055,-10.139999999999942,-21.77999999999984,76.40409465715565,-147.61186391198157,-101.73164184997813,-493.7595693459683,493.7595693459683,-78.28572294569814,-369.5064690855766,369.5064690855766,493.7595693459683,-30.66379009513325,-47.89591979422035
31.5,4774.761148500005,0.0,984.8475000000043,0.0,3109.12819341889,1459.880252090993,12886.69702410807,9801.475299944566,-109.45837599999976,0.0,-21.969999999999885,0.0,107.03862028255097,-219.00256735560026,17.539615494464698,-553.0324628723,553.0324628723,7.721830367316637,-416.13171356227997,416.13171356227997,553.0324628723,-26.380240971746666,-26.380240971746666,4687.348648500003,2255.2424999999835,492.42375000000214,1057.691250000006,3567.684630222505,1607.2510182464705,17511.282351014383,13130.69616778925,-107.50837600000017,-50.31000000000056,-10.984999999999943,-23.59499999999984,73.7132465725533,-150.8183700882139,-126.04353849803229,-518.9738676543749,518.9738676543749,-96.57115545568122,-388.4622571146786,388.4622571146786,518.9738676543749,-30.270987364137447,-47.308296634873706
32.0,4717.9301280000045,0.0,973.4400000000043,0.0,3073.657611278817,1443.3750562297532,12736.473479737942,9687.125022662472,-117.86570599999978,0.0,-23.659999999999883,0.0,103.16120521227815,-223.68866960071054,-2.290023378512793,-574.277304301243,574.277304301243,-7.4161392240380515,-432.3209764809234,432.3209764809234,574.277304301243,-26.01390666536875,-26.01390666536875,4631.530128000003,2229.119999999982,486.72000000000213,1045.440000000006,3526.982593235401,1589.0796697291253,17307.632198161948,12977.887499206015,-115.76570600000018,-54.180000000000554,-11.829999999999941,-25.40999999999984,71.04302481161615,-154.04550258811145,-150.31933907967226,-544.2242620291955,544.2242620291955,-114.82977374489953,-407.44485936454544,407.44485936454544,544.2242620291955,-29.85062345725379,-46.678160774759625
32.5,4656.895442500002,0.0,961.1875000000043,0.0,3035.361508397655,1425.499522227013,12574.783192820903,9564.052903416958,-126.27303599999979,0.0,-25.349999999999884,0.0,99.31374151885112,-228.4047232226666,-22.067247342010116,-595.5745606396662,595.5745606396662,-22.515172025493214,-448.54917618946627,448.54917618946627,595.5745606396662,-25.624202790635984,-25.624202790635984,4571.5829425,2201.0624999999823,480.59375000000216,1032.281250000006,3483.0383075234954,1569.3996513259358,17088.50665379111,12813.470242280535,-124.02303600000019,-58.05000000000055,-12.674999999999942,-27.22499999999984,68.3934293743442,-157.2932614116741,-174.5590435948982,-569.5107524704302,569.5107524704302,-133.0615778133531,-426.45427583517693,426.45427583517693,569.5107524704302,-29.40344327112792,-46.00643029420961
33.0,4591.657092000006,0.0,948.0900000000042,0.0,2994.239884775404,1406.2536500827725,12401.626163356972,9432.258942208035,-134.68036599999974,0.0,-27.039999999999882,0.0,95.49622920226993,-233.15072822146854,-41.79205639602713,-616.9242318875694,616.9242318875694,-37.57526803704872,-464.81631268790875,464.81631268790875,616.9242318875694,-25.211778502224867,-25.211778502224867,4507.507092000002,2171.0699999999824,474.0450000000021,1018.215000000006,3435.851773086787,1548.210963036902,16853.905717901875,12637.444397012816,-132.2803660000002,-61.920000000000556,-13.519999999999941,-29.03999999999984,65.76446026073744,-160.56164655890203,-198.76265204371003,-594.8333389780792,594.8333389780792,-151.26656766104188,-445.4905065265732,445.4905065265732,594.8333389780792,-28.930191702405423,-45.294036101976296
33.5,4522.2150765000015,0.0,934.1475000000042,0.0,2951.1435420053544,1386.2720117671727,12218.49129413438,9292.849181106965,-142.8797959999998,0.0,-28.729999999999883,0.0,91.70866826253457,-237.9266845971163,-61.20457554056408,-638.0664430449531,638.0664430449531,-52.388527258704734,-480.91448597625083,480.91448597625083,638.0664430449531,-24.777282954811945,-24.777282954811945,4439.302576499998,2139.142499999981,467.0737500000021,1003.241250000006,3386.3992738154616,1526.2122350706998,16605.53788730205,12451.079132460087,-140.32979600000027,-65.79000000000055,-14.364999999999942,-30.85499999999984,63.15611747079588,-163.85065802979514,-222.67028942610784,-619.9321465521421,619.9321465521421,-169.23684328796597,-464.34565143873425,464.34565143873425,619.9321465521421,-28.431613647731957,-44.541921935233546
34.0,4448.777296000002,0.0,919.3600000000043,0.0,2906.923281680798,1366.189179250354,12027.127362941406,9147.137562185044,-150.87132599999984,0.0,-30.419999999999884,0.0,87.95105869964505,-242.7325923496099,-80.30480477562081,-659.001194111817,659.001194111817,-66.95494969046115,-496.84369605449257,496.84369605449257,659.001194111817,-24.315710522306034,-24.315710522306034,4367.177295999998,2105.279999999981,459.68000000000217,987.3600000000059,3335.657093599703,1504.1020976360041,16345.371533799469,12255.8515176796,-148.1713260000003,-69.66000000000058,-15.209999999999942,-32.66999999999984,60.568401004519515,-167.16029582435343,-246.28195574209158,-644.8071751926192,644.8071751926192,-186.97240469412526,-483.0197105716601,483.0197105716601,644.8071751926192,-27.90196521552147,-43.74081200444023
34.5,4371.343750500002,0.0,903.7275000000043,0.0,2859.8775006151523,1344.7360085920352,11824.556564201526,8992.912001299703,-158.86285599999985,0.0,-32.109999999999886,0.0,84.22340051360133,-247.5684514789493,-99.35261910119735,-679.988360088161,679.988360088161,-81.482435332318,-512.8118429226339,512.8118429226339,679.988360088161,-23.827881716376616,-23.827881716376616,4291.131250499994,2069.482499999979,451.86375000000214,970.5712500000067,3281.672664659142,1480.4832903154645,16069.98966377848,12049.223214556865,-156.0128560000003,-73.53000000000058,-16.054999999999943,-34.48499999999984,58.001310861908344,-170.4905599425769,-269.85752599166113,-669.7182998995104,669.7182998995104,-204.6811518795198,-501.7205839253507,501.7205839253507,669.7182998995104,-27.342187932365974,-42.89193159400291
35.0,4289.914439999998,0.0,887.2500000000048,0.0,2810.0061988084176,1321.9124997922163,11610.778897914737,8830.172498450947,-166.8543859999999,0.0,-33.79999999999988,0.0,80.52569370440345,-252.43426198513455,-118.34801851729365,-701.0279409739852,701.0279409739852,-95.97098418427527,-528.8189265806748,528.8189265806748,701.0279409739852,-23.314617048693208,-23.314617048693208,4211.164439999994,2031.749999999979,443.6250000000024,952.8750000000067,3224.445986993779,1455.3558131090806,15779.392277239096,11831.194223091896,-163.85438600000035,-77.40000000000059,-16.89999999999994,-36.29999999999984,55.45484704296238,-173.84145038446562,-293.39700017481664,-694.6655206728157,694.6655206728157,-222.3630848441496,-520.448271499806,520.448271499806,694.6655206728157,-26.75322332485753,-41.996522203060465
35.5,4204.489364499998,0.0,869.9275000000048,0.0,2757.3093762605945,1297.7186528508971,11385.794364081046,8658.919053638774,-174.8459159999999,0.0,-35.48999999999988,0.0,76.85793827205143,-257.33002386816565,-137.29100302390972,-722.1199367692897,722.1199367692897,-110.42059624633293,-544.8649470286151,544.8649470286151,722.1199367692897,-22.776737030925254,-22.776737030925254,4127.276864499994,1992.082499999979,434.9637500000024,934.2712500000067,3163.9770606036145,1428.7196660168524,15473.579374181307,11601.76454328468,-171.69591600000038,-81.27000000000058,-17.74499999999994,-38.11499999999984,52.929009547681616,-177.21296715001955,-316.90037829155796,-719.648837512535,719.648837512535,-240.01820358801464,-539.2027732950262,539.2027732950262,719.648837512535,-26.136012919588154,-41.05584154548398
36.0,4115.068523999998,0.0,851.7600000000043,0.0,2701.787032971682,1272.1544677680774,11149.602962700446,8479.151666863188,-182.83744599999994,0.0,-37.179999999999886,0.0,73.22013421654522,-262.25573712804254,-156.18157262104563,-743.2643474740743,743.2643474740743,-124.83127151849104,-560.9499042664552,560.9499042664552,743.2643474740743,-22.215062174742258,-22.215062174742258,4039.4685239999944,1950.479999999979,425.88000000000216,914.7600000000067,3100.2658854886477,1400.5748490387803,15152.550954605114,11360.934175135224,-179.53744600000041,-85.14000000000058,-18.589999999999943,-39.92999999999984,50.42379837606605,-180.60511023923863,-340.3676603418853,-744.6682504186684,744.6682504186684,-257.6465081111149,-557.9840893110108,557.9840893110108,744.6682504186684,-25.491498243149863,-40.07116354987681
36.5,4021.651918499998,0.0,832.7475000000043,0.0,2643.4391689416802,1245.2199445437575,10902.204693772945,8290.870338124187,-190.82897599999995,0.0,-38.869999999999884,0.0,69.61228153788483,-267.2114017647653,-175.01972730870133,-764.4611730883391,764.4611730883391,-139.20301000074954,-577.0737982941947,577.0737982941947,764.4611730883391,-21.630412991813728,-21.630412991813728,3947.7394184999903,1906.942499999979,416.37375000000213,894.3412500000077,3033.312461648879,1370.9213621748636,14816.307018510515,11108.703118643522,-187.37897600000042,-89.01000000000059,-19.434999999999942,-41.74499999999983,47.93921352811567,-184.01787965212293,-363.7988463257984,-769.7237593912159,769.7237593912159,-275.24799841345043,-576.7922195477606,576.7922195477606,769.7237593912159,-24.820620822134728,-39.0437783595746
37.0,3924.239547999994,0.0,812.8900000000052,0.0,2582.26578417059,1216.915083177937,10643.599557298532,8094.075067421767,-198.820506,0.0,-40.55999999999988,0.0,66.03438023607028,-272.19701777833393,-193.80546708687683,-785.7104136120843,785.7104136120843,-153.5358116931085,-593.236629111834,593.236629111834,785.7104136120843,-21.02360999380909,-21.02360999380909,3852.0895479999904,1861.469999999979,406.4450000000026,873.0150000000076,2963.1167890843085,1339.7592054251027,14464.84756589752,10845.071373809582,-195.22050600000046,-92.88000000000058,-20.27999999999994,-43.559999999999825,45.4752550038305,-187.45127538867243,-387.1939362432975,-794.8153644301777,794.8153644301777,-292.82267449502115,-595.627164005275,595.627164005275,794.8153644301777,-24.12432218313475,-37.97499233264523
37.5,3822.8314124999943,0.0,792.1875000000052,0.0,2518.2668786584104,1187.2398836706163,10373.787553277218,7888.765854755934,-206.81203600000003,0.0,-42.249999999999886,0.0,62.48643031110157,-277.2125851687483,-212.53879195557212,-807.0120690453094,807.0120690453094,-167.82967659556783,-609.4383967193728,609.4383967193728,807.0120690453094,-20.395473692397843,-20.395473692397843,3752.5189124999906,1814.062499999979,396.0937500000026,850.7812500000076,2889.678867794936,1307.0883787894977,14098.172596766117,10570.038940633396,-203.0620360000005,-96.75000000000058,-21.124999999999943,-45.37499999999982,43.03192280321053,-190.90529744888715,-410.5529300943825,-819.9430655355535,819.9430655355535,-310.3705363558272,-614.4889226835542,614.4889226835542,819.9430655355535,-23.40354385274196,-36.86612804188883
38.0,3717.4275119999943,0.0,770.6400000000052,0.0,2451.442452405142,1156.1943460217956,10092.768681708998,7674.942700126684,-214.80356600000005,0.0,-43.939999999999884,0.0,58.96843176297868,-282.2581039360086,-231.2197019147872,-828.3661393880149,828.3661393880149,-182.08460470812764,-625.6791011168111,625.6791011168111,828.3661393880149,-19.74682459924952,-19.74682459924952,3649.0275119999865,1764.719999999977,385.3200000000026,827.6400000000076,2812.9986977807616,1272.9088822680485,13716.282111116305,10283.605819114964,-210.90356600000052,-100.62000000000059,-21.969999999999942,-47.18999999999983,40.60921692625575,-194.37994583276702,-433.8758278790534,-845.1068627073433,845.1068627073433,-327.8915839958684,-633.377495582598,633.377495582598,845.1068627073433,-22.659227357548403,-35.7185242748378
38.5,3608.0278464999906,0.0,748.2475000000053,0.0,2381.792505410784,1123.7784702314743,9800.54294259387,7452.605603534015,-222.7950960000001,0.0,-45.62999999999988,0.0,55.48038459170162,-287.33357408011466,-249.8481969645221,-849.7726246402005,849.7726246402005,-196.30059603078786,-641.958742304149,641.958742304149,849.7726246402005,-19.078483226033597,-19.078483226033597,3541.6153464999866,1713.4424999999771,374.12375000000264,803.5912500000077,2733.0762790417853,1237.220715860755,13319.176108948095,9985.772009254295,-218.74509600000053,-104.49000000000058,-22.81499999999994,-49.004999999999825,38.20713737296617,-197.8752205403121,-457.16262959731023,-870.3067559455473,870.3067559455473,-345.38581741514486,-652.2928827024067,652.2928827024067,870.3067559455473,-21.89231422414612,-34.53353603375683
39.0,3494.6324159999904,0.0,725.0100000000052,0.0,2309.317037675338,1089.9922562996528,9497.110335931837,7221.754564977935,-230.7866260000001,0.0,-47.31999999999989,0.0,52.0222887972704,-292.43899560106655,-268.42427710477676,-871.2315248018664,871.2315248018664,-210.47765056354845,-658.2773202813867,658.2773202813867,871.2315248018664,-18.391270084419503,-18.391270084419503,3430.2824159999827,1660.229999999977,362.5050000000026,778.6350000000076,2649.911611578007,1200.023879567617,12906.85459026148,9676.53751105138,-226.58662600000056,-108.36000000000058,-23.659999999999943,-50.81999999999982,35.825684143341796,-201.3911215715224,-480.41333524915285,-895.5427452501652,895.5427452501652,-362.8532366136566,-671.2350840429801,671.2350840429801,895.5427452501652,-21.10374597912707,-33.312534535642776
39.5,3377.2412204999905,0.0,700.9275000000052,0.0,2234.0160491988026,1054.8357042263308,9182.4708617229,6982.389584458439,-238.77815600000014,0.0,-49.009999999999884,0.0,48.594144379685,-297.5743684988643,-286.94794233555126,-892.7428398730125,892.7428398730125,-224.61576830640954,-674.6348350485237,674.6348350485237,892.7428398730125,-17.686005686076754,-17.686005686076754,3315.0287204999827,1605.082499999977,350.4637500000026,752.7712500000076,2563.504695389427,1161.3183733886353,12479.317555056465,9355.902324506225,-234.4281560000006,-112.23000000000059,-24.504999999999942,-52.63499999999983,33.46485723738262,-204.9276489263979,-503.6279448345814,-920.8148306211973,920.8148306211973,-380.2938415914035,-690.2040996043181,690.2040996043181,920.8148306211973,-20.294464149083367,-32.056907212224914
40.0,3255.8542599999905,0.0,676.0000000000052,0.0,2155.8895399811777,1018.3088140115087,8856.624519967056,6734.510661975527,-246.76968600000015,0.0,-50.69999999999988,0.0,45.19595133894544,-302.73969277350784,-305.4191926568455,-914.3065698536387,914.3065698536387,-238.71494925937097,-691.0312866055602,691.0312866055602,914.3065698536387,-16.963510542674854,-16.963510542674854,3195.854259999983,1547.999999999977,338.0000000000026,726.0000000000076,2473.8555304760453,1121.104197323809,12036.565003333048,9023.86644961883,-242.26968600000063,-116.10000000000058,-25.34999999999994,-54.449999999999825,31.124656655088643,-208.48480260493858,-526.8064583535959,-946.1230120586437,946.1230120586437,-397.70763234838574,-709.1999293864211,709.1999293864211,946.1230120586437,-19.465410260607,-30.768057709964623
40.5,3130.4715344999886,0.0,650.2275000000052,0.0,2074.9375100224647,980.4115856551863,8519.571310664307,6478.117797529198,-254.7612160000002,0.0,-52.38999999999989,0.0,41.8277096750517,-307.93496842499724,-323.8380280686596,-935.9227147437452,935.9227147437452,-252.77519342243286,-707.4666749524965,707.4666749524965,935.9227147437452,-16.224605165883233,-16.224605165883233,3072.7590344999808,1488.982499999977,325.1137500000026,698.3212500000076,2380.964116837861,1079.3813513731388,11578.596935091222,8680.429886389187,-250.11121600000067,-119.97000000000058,-26.194999999999943,-56.26499999999982,28.80508239645985,-212.06258260714446,-549.9488758061964,-971.4672895625038,971.4672895625038,-415.0946088846032,-728.2225733892888,728.2225733892888,971.4672895625038,-18.617525840290043,-29.447405890055663
41.0,3001.0930439999884,0.0,623.6100000000052,0.0,1991.159959322662,941.1440191573636,8171.311233814651,6213.210991119455,-262.75274600000023,0.0,-54.079999999999885,0.0,38.63933730114072,-313.16019545333245,-341.94209222300384,-957.5912745433319,957.5912745433319,-266.60160750851713,-723.9410000893322,723.9410000893322,957.5912745433319,-15.47011006737145,-15.47011006737145,2945.7430439999807,1428.0299999999752,311.8050000000026,669.7350000000085,2284.830454474875,1036.1498355366243,11105.413350330995,8325.592634817305,-257.9527460000007,-123.84000000000059,-27.039999999999942,-58.07999999999983,26.60937697403551,-215.66098893301552,-572.874522795439,-996.8476631327784,996.8476631327784,-432.3205559337549,-747.2720316129213,747.2720316129213,996.8476631327784,-17.75175241472448,-28.096387828423936
41.5,2867.7187884999885,0.0,596.1475000000053,0.0,1904.5568878817705,900.5061145180404,7811.844289418092,5939.790242746296,-270.74427600000024,0.0,-55.76999999999988,0.0,35.6308342172125,-318.4153738585135,-359.73138511987827,-979.3122492523987,979.3122492523987,-280.19419151762384,-740.4542620160678,740.4542620160678,979.3122492523987,-14.700845758808953,-14.700845758808953,2814.806288499977,1365.1424999999751,298.07375000000263,640.2412500000086,2185.454543387087,991.4096498142654,10617.014249052363,7959.354694903177,-265.7942760000007,-127.71000000000058,-27.88499999999994,-59.894999999999825,24.537540387815618,-219.28002158255183,-595.5833993213239,-1022.2641327694669,1022.2641327694669,-449.38547349584076,-766.3483040573185,766.3483040573185,1022.2641327694669,-16.869031510502353,-26.7164558157277
42.0,2730.348767999985,0.0,567.8400000000053,0.0,1815.12829569979,858.497871737217,7441.17047747462,5657.855552409717,-278.6549560000003,0.0,-57.45999999999988,0.0,32.65228251013011,-323.7005036405404,-377.3672006072725,-1000.9845763709458,1000.9845763709458,-293.66698873683106,-756.9256107327027,756.9256107327027,1000.9845763709458,-13.917632751865199,-13.917632751865199,2679.948767999977,1300.3199999999752,283.92000000000263,609.8400000000086,2082.8363835744976,945.1607942060624,10113.399631255332,7581.716066646811,-273.55495600000074,-131.58000000000058,-28.72999999999994,-61.70999999999982,22.486330125260917,-222.9196805557533,-618.1551172807947,-1047.6156359725694,1047.6156359725694,-466.34272683716193,-785.3705407224804,785.3705407224804,1047.6156359725694,-15.970304654215681,-25.3090783573574
42.5,2589.0638324999845,0.0,538.6875000000052,0.0,1722.8741827767205,815.1192908148932,7059.390860484249,5367.487770109727,-286.48478600000027,0.0,-59.149999999999885,0.0,29.703682179893544,-329.0155847994131,-394.8495386851865,-1022.6082558989731,1022.6082558989731,-307.0199991661385,-773.3550462392371,773.3550462392371,1022.6082558989731,-13.119593812934639,-13.119593812934639,2541.2513324999773,1233.5624999999752,269.3437500000026,578.5312500000085,1976.9759750371059,897.4032687120152,9594.670559439895,7192.757600048201,-281.2347860000007,-135.45000000000059,-29.574999999999942,-63.52499999999983,20.455746186371417,-226.57996585261998,-640.5896766738512,-1072.902172742086,1072.902172742086,-483.1923159577182,-804.3387416084071,804.3387416084071,1072.902172742086,-15.054565231580057,-23.872382916252576
43.0,2443.8639819999885,0.0,508.6900000000052,0.0,1627.7945491125622,770.3703717510692,6666.505438446978,5068.686895846325,-294.3146160000002,0.0,-60.83999999999988,0.0,26.870700605438202,-334.36061733513156,-412.12954394048325,-1044.2843503364804,1044.2843503364804,-320.22270521293046,-789.8234185356712,789.8234185356712,1044.2843503364804,-12.307655562766499,-12.307655562766499,2398.713981999981,1164.869999999975,254.3450000000026,546.3150000000086,1867.873317774912,848.1370733321238,9060.82703360606,6792.479295107353,-288.9146160000007,-139.3200000000006,-30.41999999999994,-65.33999999999982,18.504784292598117,-230.2608774731518,-662.8848974879544,-1098.2248055780167,1098.2248055780167,-499.9383964196235,-823.3337567150984,823.3337567150984,1098.2248055780167,-14.122876527992275,-22.408064529097658
43.5,2294.7492164999885,0.0,477.84750000000525,0.0,1529.8893947073148,724.2511145457449,6262.5142113627935,4761.452929619503,-302.1444460000002,0.0,-62.52999999999988,0.0,24.581674681441,-339.73560124769597,-428.45762680747833,-1066.012859683468,1066.012859683468,-332.7182689141267,-806.3307276220048,806.3307276220048,1066.012859683468,-11.482744622109891,-11.482744622109891,2252.336716499981,1094.2424999999753,238.92375000000263,513.1912500000086,1755.5284117879166,797.3622080663881,8511.869053753819,6380.88115182426,-296.59444600000063,-143.1900000000006,-31.26499999999994,-67.15499999999983,16.928423051195995,-233.96241541734892,-684.524567160408,-1123.5835344803618,1123.5835344803618,-516.1974960334462,-842.3555860425546,842.3555860425546,1123.5835344803618,-13.176301828849134,-20.91783654420862
44.0,2141.7195359999923,0.0,446.16000000000525,0.0,1429.1587195609784,676.7615191989203,5847.41717923171,4445.78587142927,-309.97427600000015,0.0,-64.21999999999989,0.0,22.32260013428963,-345.1405365371062,-444.7332947649931,-1087.7937839399358,1087.7937839399358,-345.17489582542345,-822.876973498238,822.876973498238,1087.7937839399358,-10.645787611713999,-10.645787611713999,2102.119535999981,1021.6799999999752,223.08000000000263,479.1600000000086,1639.9412570761192,745.0786729148082,7947.796619883173,5957.963170198922,-304.2742760000006,-147.06000000000057,-32.10999999999994,-68.96999999999983,15.372688133459071,-237.6845796852112,-706.1281407664476,-1148.9783594491207,1148.9783594491207,-532.4297814265043,-861.4042295907756,861.4042295907756,1148.9783594491207,-12.21590441954747,-19.403430621532998
44.5,1984.7749404999925,0.0,413.6275000000052,0.0,1325.602523673553,627.9015857105952,5421.214342053716,4121.685721275617,-317.8041060000001,0.0,-65.90999999999988,0.0,20.09347696398409,-350.5754232033622,-460.9565478130278,-1109.6271231058838,1109.6271231058838,-357.5925859468207,-839.462156164371,839.462156164371,1109.6271231058838,-9.79771115232802,-9.79771115232802,1948.0624404999846,947.1824999999733,206.8137500000026,444.2212500000086,1521.11185363952,691.2864678773841,7368.609731994126,5523.725350231345,-311.95410600000054,-150.93000000000058,-32.95499999999994,-70.78499999999983,13.837579539387349,-241.42737027673866,-727.6956183060731,-1174.4092804842935,1174.4092804842935,-548.6352525987974,-880.4796873597611,880.4796873597611,1174.4092804842935,-11.242747585484054,-17.866596732649818
45.0,1823.9154299999961,0.0,380.25000000000523,0.0,1219.2208070450386,577.67131408077,4983.905699828821,3789.152479158551,-325.63393600000006,0.0,-67.59999999999988,0.0,17.894305170524383,-356.0402612464641,-477.1273859515822,-1131.512877181312,1131.512877181312,-369.9713392783182,-856.0862756204033,856.0862756204033,1131.512877181312,-8.939441864701152,-8.939441864701152,1790.1654299999848,870.7499999999733,190.12500000000261,408.3750000000086,1399.0402014781187,635.9855929541158,6774.308390086674,5078.167691921524,-319.6339360000005,-154.80000000000058,-33.79999999999994,-72.59999999999982,12.323097268980822,-245.19078719193132,-749.2269997792845,-1199.8762975858806,1199.8762975858806,-564.8139095503258,-899.5819593495116,899.5819593495116,1199.8762975858806,-10.257894612055694,-16.309103160769617
45.5,1659.1410044999961,0.0,346.02750000000617,0.0,1110.013569675435,526.0707043094444,4535.491252557016,3448.186145078068,-333.463766,0.0,-69.28999999999988,0.0,15.725084753910503,-361.5350506664118,-493.24580918065647,-1153.4510461662205,1153.4510461662205,-382.3111558199162,-872.7493318663353,872.7493318663353,1153.4510461662205,-8.071906369582507,-8.071906369582507,1628.4285044999885,792.3824999999733,173.01375000000309,371.62125000000856,1273.7263005919153,579.176048145003,6164.892594160824,4621.290195269464,-327.31376600000044,-158.67000000000058,-34.64499999999994,-74.41499999999982,10.829241322239495,-248.97483043078918,-770.7222851860816,-1225.379410753882,1225.379410753882,-580.9657522810894,-918.7110455600267,918.7110455600267,1225.379410753882,-9.262408784659257,-14.732736500734575
46.0,1490.451664,0.0,310.9600000000062,0.0,997.9808115647428,473.0997563966185,4075.9710002383094,3098.786719034172,-341.293596,0.0,-70.97999999999989,0.0,13.585815714142456,-367.0597914632053,-509.31181750025047,-1175.441630060609,1175.441630060609,-394.6120355716146,-889.4513249021667,889.4513249021667,1175.441630060609,-7.196031287721283,-7.196031287721283,1462.8516639999887,712.0799999999733,155.4800000000031,333.96000000000856,1145.1701509809102,520.8578334500463,5540.362344216565,4153.092860275157,-334.9935960000004,-162.5400000000006,-35.489999999999945,-76.22999999999982,9.356011699163366,-252.77949999331227,-792.181474526465,-1250.9186199882975,1250.9186199882975,-597.0907807910885,-937.8669459913068,937.8669459913068,1250.9186199882975,-8.257353388691513,-13.139301659018237
46.5,1317.8474085,0.0,275.0475000000062,0.0,883.1225327129614,418.75847034229224,3605.344942872692,2740.9542010268565,-349.12342599999994,0.0,-72.66999999999989,0.0,11.476498051220238,-372.6144836368447,-525.3254109103643,-1197.4846288644778,1197.4846288644778,-406.8739785334135,-906.192254727898,906.192254727898,1197.4846288644778,-6.312743239866691,-6.312743239866691,1293.4349084999885,629.8424999999733,137.5237500000031,295.39125000000956,1013.3717526451032,461.0309488692454,4900.717640253904,3673.5756869386087,-342.6734260000004,-166.4100000000006,-36.334999999999944,-78.04499999999983,7.903408399752435,-256.6047958795005,-813.6045678004342,-1276.4939252891268,1276.4939252891268,-613.1889950803225,-957.0496606433512,957.0496606433512,1276.4939252891268,-7.243791709549242,-11.530621853725762
47.0,1141.328238,0.0,238.2900000000062,0.0,765.4387331200911,363.0468461464657,3123.613080460169,2374.6885910561246,-356.9532559999999,0.0,-74.35999999999989,0.0,9.397131765143849,-378.19912718732985,-541.2865894109979,-1219.5800425778268,1219.5800425778268,-419.09698470531276,-922.9721213435287,922.9721213435287,1219.5800425778268,-5.4229688467678585,-5.4229688467678585,1120.1782379999886,545.6699999999732,119.1450000000031,255.91500000000954,878.3311055844943,399.69539440260013,4245.958482272838,3182.7386752598172,-350.35325600000033,-170.28000000000057,-37.17999999999994,-79.85999999999983,6.4714314240067035,-260.450718089354,-834.991565007989,-1302.1053266563702,1302.1053266563702,-629.2603951487921,-976.2591895161609,976.2591895161609,1302.1053266563702,-6.222787032629341,-9.908538614593887
47.5,960.8941525000076,0.0,200.6875000000062,0.0,644.9294127861317,305.9648838091389,2630.7754130007497,1999.989889121985,-364.78308599999986,0.0,-76.04999999999988,0.0,7.347716855913293,-383.8137221146609,-557.1953530021515,-1241.7278712006562,1241.7278712006562,-431.28105408731244,-939.790924749059,939.790924749059,1241.7278712006562,-4.5276347291739825,-4.5276347291739825,943.0816524999962,459.5624999999733,100.3437500000031,215.53125000000955,740.0482097990833,336.8511700501106,3576.084870273379,2680.5818252387903,-358.0330860000003,-174.15000000000057,-38.02499999999994,-81.67499999999983,5.060080771926169,-264.31726662287264,-856.3424661491298,-1327.7528240900276,1327.7528240900276,-645.3049809964966,-995.495532609735,995.495532609735,1327.7528240900276,-5.195402643328563,-8.274911782990735
48.0,776.5451520000076,0.0,162.2400000000062,0.0,521.5945717110834,247.51258333031174,2126.831940494415,1616.8580952244222,-372.6129159999998,0.0,-77.73999999999988,0.0,5.328253323528567,-389.45826841883775,-573.0517016838245,-1263.9281147329657,1263.9281147329657,-443.4261866794126,-956.6486649444888,956.6486649444888,1263.9281147329657,-3.6276675078342464,-3.6276675078342464,762.1451519999962,371.5199999999733,81.1200000000031,174.24000000000953,598.5230652888705,272.4982758117769,2891.0968042555064,2167.105136875514,-365.71291600000023,-178.02000000000058,-38.86999999999994,-83.48999999999982,3.6693564435108335,-268.2044414800565,-877.6572712238567,-1353.4364175900996,1353.4364175900996,-661.3227526234366,-1014.7586899240741,1014.7586899240741,1353.4364175900996,-4.162701827043705,-6.631619511916064
48.5,588.2812365000076,0.0,122.9475000000062,0.0,395.434209894946,187.68994470998427,1611.7826629411743,1225.2932093634436,-380.4427459999998,0.0,-79.42999999999988,0.0,3.7370944800392145,-395.13276609986036,-588.1585171599309,-1286.1807731747554,1286.1807731747554,-455.0145231759486,-973.5453419298182,973.5453419298182,1286.1807731747554,-2.7239938034978053,-2.7239938034978053,577.3687364999962,281.5424999999733,61.4737500000031,132.04125000000954,453.7556720538558,206.63671168759905,2190.994284219231,1642.3086101699946,-373.3927460000002,-181.89000000000058,-39.71499999999994,-85.30499999999982,2.573588543507834,-272.1122426609055,-898.4559025488619,-1379.1561071565852,1379.1561071565852,-676.9570808934403,-1034.0486614591778,1034.0486614591778,1379.1561071565852,-3.125747869171633,-4.9805582660011325
49.0,396.10240600000765,0.0,82.8100000000062,0.0,266.44832733771966,126.4969679481565,1085.6275803410283,825.2952315390494,-388.27257599999973,0.0,-81.11999999999988,0.0,2.4200390433615424,-400.83721515772885,-602.7856516741168,-1308.4858465260252,1308.4858465260252,-466.2465252436296,-990.4809557050471,990.4809557050471,1308.4858465260252,-1.817540236913814,-1.817540236913814,388.7524059999962,189.6299999999733,41.4050000000031,88.93500000000859,305.7460300940391,139.26647767757692,1475.77731016455,1106.192245122232,-381.0725760000002,-185.7600000000006,-40.55999999999994,-87.11999999999982,1.6665847733053754,-276.0406701654198,-918.9241966467163,-1404.9118927894854,1404.9118927894854,-692.3460157947036,-1053.3654472150463,1053.3654472150463,1404.9118927894854,-2.0856040551091297,-3.323642821508706
49.5,200.00866050001525,0.0,41.8275000000062,0.0,134.63692403940433,63.9336530448284,548.3666926939859,416.8641617512471,-396.1024059999997,0.0,-82.80999999999989,0.0,1.1329349835297011,-406.5716155924432,-617.3603712788224,-1330.8433347867751,1330.8433347867751,-477.43959052141093,-1007.4555062701758,1007.4555062701758,1330.8433347867751,-0.9092334288315271,-0.9092334288315271,196.29616050000382,95.78249999996949,20.9137500000031,44.92125000001049,154.4941394094205,70.38757378171057,745.4458820914755,558.7560417322335,-388.7524060000001,-189.6300000000006,-41.404999999999944,-88.93499999999983,0.7802073267681153,-279.9897239935992,-939.3563946781561,-1430.7037744887991,1430.7037744887991,-707.708136475202,-1072.7090471916795,1072.7090471916795,1430.7037744887991,-1.0433336702530056,-1.6628062663330994
50.0,1.52587890625e-11,0.0,6.198883056640625e-12,0.0,0.0,0.0,2.837181091308594e-11,2.1457672119140626e-11,-403.93223599999965,0.0,-84.49999999999989,0.0,0.0,-412.33596740400344,-631.6652949999993,-1353.2532379570055,1353.2532379570055,-488.43223599999953,-1024.4689936252041,1024.4689936252041,1353.2532379570055,0.0,0.0,3.814697265625e-12,-3.0517578125e-11,3.0994415283203123e-12,1.049041748046875e-11,0.0,0.0,-1.0371208190917969e-11,-1.3113021850585938e-11,-396.4322360000001,-193.50000000000057,-42.24999999999994,-90.74999999999983,0.0,-283.95940414544395,-959.6027950000004,-1456.5317522545272,1456.5317522545272,-722.9322360000004,-1092.0794613890776,1092.0794613890776,1456.5317522545272,-5.684341886080802e-14,-1.4210854715202004e-13
